ISO-10303-21;
HEADER;
FILE_DESCRIPTION(('KiCad electronic assembly'),'2;1');
FILE_NAME('Cell Backer.step','2024-12-22T23:37:02',('Pcbnew'),('Kicad'),
  'Open CASCADE STEP processor 7.7','KiCad to STEP converter','Unknown'
  );
FILE_SCHEMA(('AUTOMOTIVE_DESIGN { 1 0 10303 214 1 1 1 1 }'));
ENDSEC;
DATA;
#1 = APPLICATION_PROTOCOL_DEFINITION('international standard',
  'automotive_design',2000,#2);
#2 = APPLICATION_CONTEXT(
  'core data for automotive mechanical design processes');
#3 = SHAPE_DEFINITION_REPRESENTATION(#4,#10);
#4 = PRODUCT_DEFINITION_SHAPE('','',#5);
#5 = PRODUCT_DEFINITION('design','',#6,#9);
#6 = PRODUCT_DEFINITION_FORMATION('','',#7);
#7 = PRODUCT('Cell Backer 1','Cell Backer 1','',(#8));
#8 = PRODUCT_CONTEXT('',#2,'mechanical');
#9 = PRODUCT_DEFINITION_CONTEXT('part definition',#2,'design');
#10 = SHAPE_REPRESENTATION('',(#11,#15,#19,#23,#27,#31,#35,#39,#43,#47,
    #51,#55,#59,#63),#67);
#11 = AXIS2_PLACEMENT_3D('',#12,#13,#14);
#12 = CARTESIAN_POINT('',(0.,0.,0.));
#13 = DIRECTION('',(0.,0.,1.));
#14 = DIRECTION('',(1.,0.,-0.));
#15 = AXIS2_PLACEMENT_3D('',#16,#17,#18);
#16 = CARTESIAN_POINT('',(172.1866,-66.1416,0.1516));
#17 = DIRECTION('',(0.,-1.,1.110223024625E-16));
#18 = DIRECTION('',(1.,0.,0.));
#19 = AXIS2_PLACEMENT_3D('',#20,#21,#22);
#20 = CARTESIAN_POINT('',(172.1866,-112.776,0.1516));
#21 = DIRECTION('',(0.,-1.,1.110223024625E-16));
#22 = DIRECTION('',(1.,0.,0.));
#23 = AXIS2_PLACEMENT_3D('',#24,#25,#26);
#24 = CARTESIAN_POINT('',(157.6578,-51.689,0.1516));
#25 = DIRECTION('',(0.,0.,1.));
#26 = DIRECTION('',(-1.,1.224646799147E-16,0.));
#27 = AXIS2_PLACEMENT_3D('',#28,#29,#30);
#28 = CARTESIAN_POINT('',(196.469,-89.4588,0.1516));
#29 = DIRECTION('',(0.,-0.,1.));
#30 = DIRECTION('',(1.110223024625E-16,1.,0.));
#31 = AXIS2_PLACEMENT_3D('',#32,#33,#34);
#32 = CARTESIAN_POINT('',(177.8,-127.2286,0.1516));
#33 = DIRECTION('',(0.,0.,1.));
#34 = DIRECTION('',(-1.,1.224646799147E-16,0.));
#35 = AXIS2_PLACEMENT_3D('',#36,#37,#38);
#36 = CARTESIAN_POINT('',(116.7638,-127.2286,0.1516));
#37 = DIRECTION('',(0.,0.,1.));
#38 = DIRECTION('',(-1.,1.224646799147E-16,0.));
#39 = AXIS2_PLACEMENT_3D('',#40,#41,#42);
#40 = CARTESIAN_POINT('',(105.5878,-89.4588,0.1516));
#41 = DIRECTION('',(0.,-0.,1.));
#42 = DIRECTION('',(1.110223024625E-16,1.,0.));
#43 = AXIS2_PLACEMENT_3D('',#44,#45,#46);
#44 = CARTESIAN_POINT('',(172.1866,-89.4588,0.1516));
#45 = DIRECTION('',(1.224646799147E-16,1.,1.110223024625E-16));
#46 = DIRECTION('',(-1.,1.224646799147E-16,0.));
#47 = AXIS2_PLACEMENT_3D('',#48,#49,#50);
#48 = CARTESIAN_POINT('',(144.399,-51.689,0.1516));
#49 = DIRECTION('',(0.,0.,1.));
#50 = DIRECTION('',(-1.,1.224646799147E-16,0.));
#51 = AXIS2_PLACEMENT_3D('',#52,#53,#54);
#52 = CARTESIAN_POINT('',(129.8702,-112.776,0.1516));
#53 = DIRECTION('',(0.,-1.,1.110223024625E-16));
#54 = DIRECTION('',(1.,0.,0.));
#55 = AXIS2_PLACEMENT_3D('',#56,#57,#58);
#56 = CARTESIAN_POINT('',(129.8702,-89.4588,0.1516));
#57 = DIRECTION('',(1.224646799147E-16,1.,1.110223024625E-16));
#58 = DIRECTION('',(-1.,1.224646799147E-16,0.));
#59 = AXIS2_PLACEMENT_3D('',#60,#61,#62);
#60 = CARTESIAN_POINT('',(129.8702,-66.1416,0.1516));
#61 = DIRECTION('',(0.,-1.,1.110223024625E-16));
#62 = DIRECTION('',(1.,0.,0.));
#63 = AXIS2_PLACEMENT_3D('',#64,#65,#66);
#64 = CARTESIAN_POINT('',(0.,0.,0.));
#65 = DIRECTION('',(0.,0.,1.));
#66 = DIRECTION('',(1.,0.,-0.));
#67 = ( GEOMETRIC_REPRESENTATION_CONTEXT(3) 
GLOBAL_UNCERTAINTY_ASSIGNED_CONTEXT((#71)) GLOBAL_UNIT_ASSIGNED_CONTEXT(
(#68,#69,#70)) REPRESENTATION_CONTEXT('Context #1',
  '3D Context with UNIT and UNCERTAINTY') );
#68 = ( LENGTH_UNIT() NAMED_UNIT(*) SI_UNIT(.MILLI.,.METRE.) );
#69 = ( NAMED_UNIT(*) PLANE_ANGLE_UNIT() SI_UNIT($,.RADIAN.) );
#70 = ( NAMED_UNIT(*) SI_UNIT($,.STERADIAN.) SOLID_ANGLE_UNIT() );
#71 = UNCERTAINTY_MEASURE_WITH_UNIT(LENGTH_MEASURE(1.E-07),#68,
  'distance_accuracy_value','confusion accuracy');
#72 = PRODUCT_RELATED_PRODUCT_CATEGORY('part',$,(#7));
#73 = SHAPE_DEFINITION_REPRESENTATION(#74,#80);
#74 = PRODUCT_DEFINITION_SHAPE('','',#75);
#75 = PRODUCT_DEFINITION('design','',#76,#79);
#76 = PRODUCT_DEFINITION_FORMATION('','',#77);
#77 = PRODUCT('SM141K06TF','SM141K06TF','',(#78));
#78 = PRODUCT_CONTEXT('',#2,'mechanical');
#79 = PRODUCT_DEFINITION_CONTEXT('part definition',#2,'design');
#80 = SHAPE_REPRESENTATION('',(#11,#81),#85);
#81 = AXIS2_PLACEMENT_3D('',#82,#83,#84);
#82 = CARTESIAN_POINT('',(0.,0.,0.));
#83 = DIRECTION('',(0.,0.,1.));
#84 = DIRECTION('',(1.,0.,-0.));
#85 = ( GEOMETRIC_REPRESENTATION_CONTEXT(3) 
GLOBAL_UNCERTAINTY_ASSIGNED_CONTEXT((#89)) GLOBAL_UNIT_ASSIGNED_CONTEXT(
(#86,#87,#88)) REPRESENTATION_CONTEXT('Context #1',
  '3D Context with UNIT and UNCERTAINTY') );
#86 = ( LENGTH_UNIT() NAMED_UNIT(*) SI_UNIT(.MILLI.,.METRE.) );
#87 = ( NAMED_UNIT(*) PLANE_ANGLE_UNIT() SI_UNIT($,.RADIAN.) );
#88 = ( NAMED_UNIT(*) SI_UNIT($,.STERADIAN.) SOLID_ANGLE_UNIT() );
#89 = UNCERTAINTY_MEASURE_WITH_UNIT(LENGTH_MEASURE(1.E-07),#86,
  'distance_accuracy_value','confusion accuracy');
#90 = CONTEXT_DEPENDENT_SHAPE_REPRESENTATION(#91,#93);
#91 = ( REPRESENTATION_RELATIONSHIP('','',#80,#10) 
REPRESENTATION_RELATIONSHIP_WITH_TRANSFORMATION(#92) 
SHAPE_REPRESENTATION_RELATIONSHIP() );
#92 = ITEM_DEFINED_TRANSFORMATION('','',#11,#15);
#93 = PRODUCT_DEFINITION_SHAPE('Placement','Placement of an item',#94);
#94 = NEXT_ASSEMBLY_USAGE_OCCURRENCE('2','SC2','',#5,#75,$);
#95 = PRODUCT_RELATED_PRODUCT_CATEGORY('part',$,(#77));
#96 = SHAPE_DEFINITION_REPRESENTATION(#97,#103);
#97 = PRODUCT_DEFINITION_SHAPE('','',#98);
#98 = PRODUCT_DEFINITION('design','',#99,#102);
#99 = PRODUCT_DEFINITION_FORMATION('','',#100);
#100 = PRODUCT('SM141K06TF v1','SM141K06TF v1','',(#101));
#101 = PRODUCT_CONTEXT('',#2,'mechanical');
#102 = PRODUCT_DEFINITION_CONTEXT('part definition',#2,'design');
#103 = ADVANCED_BREP_SHAPE_REPRESENTATION('',(#11,#104),#1196);
#104 = MANIFOLD_SOLID_BREP('',#105);
#105 = CLOSED_SHELL('',(#106,#139,#148,#181,#190,#230,#261,#285,#325,
    #356,#380,#420,#451,#475,#515,#546,#570,#610,#641,#665,#705,#736,
    #760,#784,#801,#825,#842,#866,#883,#907,#924,#948,#965,#989,#1006,
    #1046,#1077,#1108,#1130,#1178));
#106 = ADVANCED_FACE('',(#107),#134,.T.);
#107 = FACE_BOUND('',#108,.T.);
#108 = EDGE_LOOP('',(#109,#118,#126,#133));
#109 = ORIENTED_EDGE('',*,*,#110,.F.);
#110 = EDGE_CURVE('',#111,#111,#113,.T.);
#111 = VERTEX_POINT('',#112);
#112 = CARTESIAN_POINT('',(-19.5,-1.E-02,1.836970198721E-16));
#113 = CIRCLE('',#114,1.5);
#114 = AXIS2_PLACEMENT_3D('',#115,#116,#117);
#115 = CARTESIAN_POINT('',(-18.,-1.E-02,0.));
#116 = DIRECTION('',(0.,-1.,0.));
#117 = DIRECTION('',(1.,0.,0.));
#118 = ORIENTED_EDGE('',*,*,#119,.T.);
#119 = EDGE_CURVE('',#111,#120,#122,.T.);
#120 = VERTEX_POINT('',#121);
#121 = CARTESIAN_POINT('',(-19.5,0.,1.836970198721E-16));
#122 = LINE('',#123,#124);
#123 = CARTESIAN_POINT('',(-19.5,0.,-1.836970198721E-16));
#124 = VECTOR('',#125,1.);
#125 = DIRECTION('',(0.,1.,0.));
#126 = ORIENTED_EDGE('',*,*,#127,.F.);
#127 = EDGE_CURVE('',#120,#120,#128,.T.);
#128 = CIRCLE('',#129,1.5);
#129 = AXIS2_PLACEMENT_3D('',#130,#131,#132);
#130 = CARTESIAN_POINT('',(-18.,0.,0.));
#131 = DIRECTION('',(-0.,1.,0.));
#132 = DIRECTION('',(1.,0.,0.));
#133 = ORIENTED_EDGE('',*,*,#119,.F.);
#134 = CYLINDRICAL_SURFACE('',#135,1.5);
#135 = AXIS2_PLACEMENT_3D('',#136,#137,#138);
#136 = CARTESIAN_POINT('',(-18.,0.,0.));
#137 = DIRECTION('',(0.,-1.,0.));
#138 = DIRECTION('',(1.,0.,0.));
#139 = ADVANCED_FACE('',(#140),#143,.F.);
#140 = FACE_BOUND('',#141,.T.);
#141 = EDGE_LOOP('',(#142));
#142 = ORIENTED_EDGE('',*,*,#110,.T.);
#143 = PLANE('',#144);
#144 = AXIS2_PLACEMENT_3D('',#145,#146,#147);
#145 = CARTESIAN_POINT('',(-18.,-1.E-02,0.));
#146 = DIRECTION('',(0.,1.,0.));
#147 = DIRECTION('',(1.,0.,0.));
#148 = ADVANCED_FACE('',(#149),#176,.T.);
#149 = FACE_BOUND('',#150,.T.);
#150 = EDGE_LOOP('',(#151,#160,#168,#175));
#151 = ORIENTED_EDGE('',*,*,#152,.F.);
#152 = EDGE_CURVE('',#153,#153,#155,.T.);
#153 = VERTEX_POINT('',#154);
#154 = CARTESIAN_POINT('',(16.5,-1.E-02,8.919034935076E-03));
#155 = CIRCLE('',#156,1.5);
#156 = AXIS2_PLACEMENT_3D('',#157,#158,#159);
#157 = CARTESIAN_POINT('',(18.,-1.E-02,8.919034935075E-03));
#158 = DIRECTION('',(0.,-1.,0.));
#159 = DIRECTION('',(1.,0.,0.));
#160 = ORIENTED_EDGE('',*,*,#161,.T.);
#161 = EDGE_CURVE('',#153,#162,#164,.T.);
#162 = VERTEX_POINT('',#163);
#163 = CARTESIAN_POINT('',(16.5,0.,8.919034935076E-03));
#164 = LINE('',#165,#166);
#165 = CARTESIAN_POINT('',(16.5,0.,8.919034935075E-03));
#166 = VECTOR('',#167,1.);
#167 = DIRECTION('',(0.,1.,0.));
#168 = ORIENTED_EDGE('',*,*,#169,.F.);
#169 = EDGE_CURVE('',#162,#162,#170,.T.);
#170 = CIRCLE('',#171,1.5);
#171 = AXIS2_PLACEMENT_3D('',#172,#173,#174);
#172 = CARTESIAN_POINT('',(18.,0.,8.919034935075E-03));
#173 = DIRECTION('',(-0.,1.,0.));
#174 = DIRECTION('',(1.,0.,0.));
#175 = ORIENTED_EDGE('',*,*,#161,.F.);
#176 = CYLINDRICAL_SURFACE('',#177,1.5);
#177 = AXIS2_PLACEMENT_3D('',#178,#179,#180);
#178 = CARTESIAN_POINT('',(18.,0.,8.919034935075E-03));
#179 = DIRECTION('',(0.,-1.,0.));
#180 = DIRECTION('',(1.,0.,0.));
#181 = ADVANCED_FACE('',(#182),#185,.F.);
#182 = FACE_BOUND('',#183,.T.);
#183 = EDGE_LOOP('',(#184));
#184 = ORIENTED_EDGE('',*,*,#152,.T.);
#185 = PLANE('',#186);
#186 = AXIS2_PLACEMENT_3D('',#187,#188,#189);
#187 = CARTESIAN_POINT('',(18.,-1.E-02,8.919034935075E-03));
#188 = DIRECTION('',(0.,1.,0.));
#189 = DIRECTION('',(1.,0.,0.));
#190 = ADVANCED_FACE('',(#191),#225,.T.);
#191 = FACE_BOUND('',#192,.T.);
#192 = EDGE_LOOP('',(#193,#203,#211,#219));
#193 = ORIENTED_EDGE('',*,*,#194,.F.);
#194 = EDGE_CURVE('',#195,#197,#199,.T.);
#195 = VERTEX_POINT('',#196);
#196 = CARTESIAN_POINT('',(20.65,1.1,-10.75));
#197 = VERTEX_POINT('',#198);
#198 = CARTESIAN_POINT('',(20.65,1.1,10.75));
#199 = LINE('',#200,#201);
#200 = CARTESIAN_POINT('',(20.65,1.1,-5.375));
#201 = VECTOR('',#202,1.);
#202 = DIRECTION('',(0.,0.,1.));
#203 = ORIENTED_EDGE('',*,*,#204,.F.);
#204 = EDGE_CURVE('',#205,#195,#207,.T.);
#205 = VERTEX_POINT('',#206);
#206 = CARTESIAN_POINT('',(13.85,1.1,-10.75));
#207 = LINE('',#208,#209);
#208 = CARTESIAN_POINT('',(15.55,1.1,-10.75));
#209 = VECTOR('',#210,1.);
#210 = DIRECTION('',(1.,0.,0.));
#211 = ORIENTED_EDGE('',*,*,#212,.F.);
#212 = EDGE_CURVE('',#213,#205,#215,.T.);
#213 = VERTEX_POINT('',#214);
#214 = CARTESIAN_POINT('',(13.85,1.1,10.75));
#215 = LINE('',#216,#217);
#216 = CARTESIAN_POINT('',(13.85,1.1,5.375));
#217 = VECTOR('',#218,1.);
#218 = DIRECTION('',(0.,0.,-1.));
#219 = ORIENTED_EDGE('',*,*,#220,.F.);
#220 = EDGE_CURVE('',#197,#213,#221,.T.);
#221 = LINE('',#222,#223);
#222 = CARTESIAN_POINT('',(18.95,1.1,10.75));
#223 = VECTOR('',#224,1.);
#224 = DIRECTION('',(-1.,0.,0.));
#225 = PLANE('',#226);
#226 = AXIS2_PLACEMENT_3D('',#227,#228,#229);
#227 = CARTESIAN_POINT('',(17.25,1.1,0.));
#228 = DIRECTION('',(0.,1.,0.));
#229 = DIRECTION('',(0.,-0.,1.));
#230 = ADVANCED_FACE('',(#231),#256,.T.);
#231 = FACE_BOUND('',#232,.T.);
#232 = EDGE_LOOP('',(#233,#234,#242,#250));
#233 = ORIENTED_EDGE('',*,*,#212,.T.);
#234 = ORIENTED_EDGE('',*,*,#235,.T.);
#235 = EDGE_CURVE('',#205,#236,#238,.T.);
#236 = VERTEX_POINT('',#237);
#237 = CARTESIAN_POINT('',(13.85,1.2,-10.75));
#238 = LINE('',#239,#240);
#239 = CARTESIAN_POINT('',(13.85,0.,-10.75));
#240 = VECTOR('',#241,1.);
#241 = DIRECTION('',(0.,1.,0.));
#242 = ORIENTED_EDGE('',*,*,#243,.F.);
#243 = EDGE_CURVE('',#244,#236,#246,.T.);
#244 = VERTEX_POINT('',#245);
#245 = CARTESIAN_POINT('',(13.85,1.2,10.75));
#246 = LINE('',#247,#248);
#247 = CARTESIAN_POINT('',(13.85,1.2,-10.75));
#248 = VECTOR('',#249,1.);
#249 = DIRECTION('',(0.,0.,-1.));
#250 = ORIENTED_EDGE('',*,*,#251,.F.);
#251 = EDGE_CURVE('',#213,#244,#252,.T.);
#252 = LINE('',#253,#254);
#253 = CARTESIAN_POINT('',(13.85,0.,10.75));
#254 = VECTOR('',#255,1.);
#255 = DIRECTION('',(0.,1.,0.));
#256 = PLANE('',#257);
#257 = AXIS2_PLACEMENT_3D('',#258,#259,#260);
#258 = CARTESIAN_POINT('',(13.85,0.,10.75));
#259 = DIRECTION('',(1.,0.,0.));
#260 = DIRECTION('',(0.,0.,-1.));
#261 = ADVANCED_FACE('',(#262),#280,.T.);
#262 = FACE_BOUND('',#263,.T.);
#263 = EDGE_LOOP('',(#264,#265,#273,#279));
#264 = ORIENTED_EDGE('',*,*,#204,.T.);
#265 = ORIENTED_EDGE('',*,*,#266,.T.);
#266 = EDGE_CURVE('',#195,#267,#269,.T.);
#267 = VERTEX_POINT('',#268);
#268 = CARTESIAN_POINT('',(20.65,1.2,-10.75));
#269 = LINE('',#270,#271);
#270 = CARTESIAN_POINT('',(20.65,0.,-10.75));
#271 = VECTOR('',#272,1.);
#272 = DIRECTION('',(0.,1.,0.));
#273 = ORIENTED_EDGE('',*,*,#274,.F.);
#274 = EDGE_CURVE('',#236,#267,#275,.T.);
#275 = LINE('',#276,#277);
#276 = CARTESIAN_POINT('',(20.65,1.2,-10.75));
#277 = VECTOR('',#278,1.);
#278 = DIRECTION('',(1.,0.,0.));
#279 = ORIENTED_EDGE('',*,*,#235,.F.);
#280 = PLANE('',#281);
#281 = AXIS2_PLACEMENT_3D('',#282,#283,#284);
#282 = CARTESIAN_POINT('',(13.85,0.,-10.75));
#283 = DIRECTION('',(0.,0.,1.));
#284 = DIRECTION('',(1.,0.,-0.));
#285 = ADVANCED_FACE('',(#286),#320,.T.);
#286 = FACE_BOUND('',#287,.T.);
#287 = EDGE_LOOP('',(#288,#298,#306,#314));
#288 = ORIENTED_EDGE('',*,*,#289,.F.);
#289 = EDGE_CURVE('',#290,#292,#294,.T.);
#290 = VERTEX_POINT('',#291);
#291 = CARTESIAN_POINT('',(13.75,1.1,-10.75));
#292 = VERTEX_POINT('',#293);
#293 = CARTESIAN_POINT('',(13.75,1.1,10.76783806987));
#294 = LINE('',#295,#296);
#295 = CARTESIAN_POINT('',(13.75,1.1,-5.370540482532));
#296 = VECTOR('',#297,1.);
#297 = DIRECTION('',(0.,0.,1.));
#298 = ORIENTED_EDGE('',*,*,#299,.F.);
#299 = EDGE_CURVE('',#300,#290,#302,.T.);
#300 = VERTEX_POINT('',#301);
#301 = CARTESIAN_POINT('',(6.95,1.1,-10.75));
#302 = LINE('',#303,#304);
#303 = CARTESIAN_POINT('',(8.65,1.1,-10.75));
#304 = VECTOR('',#305,1.);
#305 = DIRECTION('',(1.,0.,0.));
#306 = ORIENTED_EDGE('',*,*,#307,.F.);
#307 = EDGE_CURVE('',#308,#300,#310,.T.);
#308 = VERTEX_POINT('',#309);
#309 = CARTESIAN_POINT('',(6.95,1.1,10.76783806987));
#310 = LINE('',#311,#312);
#311 = CARTESIAN_POINT('',(6.95,1.1,5.388378552403));
#312 = VECTOR('',#313,1.);
#313 = DIRECTION('',(0.,0.,-1.));
#314 = ORIENTED_EDGE('',*,*,#315,.F.);
#315 = EDGE_CURVE('',#292,#308,#316,.T.);
#316 = LINE('',#317,#318);
#317 = CARTESIAN_POINT('',(12.05,1.1,10.76783806987));
#318 = VECTOR('',#319,1.);
#319 = DIRECTION('',(-1.,0.,0.));
#320 = PLANE('',#321);
#321 = AXIS2_PLACEMENT_3D('',#322,#323,#324);
#322 = CARTESIAN_POINT('',(10.35,1.1,8.919034935075E-03));
#323 = DIRECTION('',(0.,1.,0.));
#324 = DIRECTION('',(0.,-0.,1.));
#325 = ADVANCED_FACE('',(#326),#351,.T.);
#326 = FACE_BOUND('',#327,.T.);
#327 = EDGE_LOOP('',(#328,#329,#337,#345));
#328 = ORIENTED_EDGE('',*,*,#307,.T.);
#329 = ORIENTED_EDGE('',*,*,#330,.T.);
#330 = EDGE_CURVE('',#300,#331,#333,.T.);
#331 = VERTEX_POINT('',#332);
#332 = CARTESIAN_POINT('',(6.95,1.2,-10.75));
#333 = LINE('',#334,#335);
#334 = CARTESIAN_POINT('',(6.95,0.,-10.75));
#335 = VECTOR('',#336,1.);
#336 = DIRECTION('',(0.,1.,0.));
#337 = ORIENTED_EDGE('',*,*,#338,.F.);
#338 = EDGE_CURVE('',#339,#331,#341,.T.);
#339 = VERTEX_POINT('',#340);
#340 = CARTESIAN_POINT('',(6.95,1.2,10.76783806987));
#341 = LINE('',#342,#343);
#342 = CARTESIAN_POINT('',(6.95,1.2,-10.75));
#343 = VECTOR('',#344,1.);
#344 = DIRECTION('',(0.,0.,-1.));
#345 = ORIENTED_EDGE('',*,*,#346,.F.);
#346 = EDGE_CURVE('',#308,#339,#347,.T.);
#347 = LINE('',#348,#349);
#348 = CARTESIAN_POINT('',(6.95,0.,10.76783806987));
#349 = VECTOR('',#350,1.);
#350 = DIRECTION('',(0.,1.,0.));
#351 = PLANE('',#352);
#352 = AXIS2_PLACEMENT_3D('',#353,#354,#355);
#353 = CARTESIAN_POINT('',(6.95,0.,10.76783806987));
#354 = DIRECTION('',(1.,0.,0.));
#355 = DIRECTION('',(0.,0.,-1.));
#356 = ADVANCED_FACE('',(#357),#375,.T.);
#357 = FACE_BOUND('',#358,.T.);
#358 = EDGE_LOOP('',(#359,#360,#368,#374));
#359 = ORIENTED_EDGE('',*,*,#299,.T.);
#360 = ORIENTED_EDGE('',*,*,#361,.T.);
#361 = EDGE_CURVE('',#290,#362,#364,.T.);
#362 = VERTEX_POINT('',#363);
#363 = CARTESIAN_POINT('',(13.75,1.2,-10.75));
#364 = LINE('',#365,#366);
#365 = CARTESIAN_POINT('',(13.75,0.,-10.75));
#366 = VECTOR('',#367,1.);
#367 = DIRECTION('',(0.,1.,0.));
#368 = ORIENTED_EDGE('',*,*,#369,.F.);
#369 = EDGE_CURVE('',#331,#362,#370,.T.);
#370 = LINE('',#371,#372);
#371 = CARTESIAN_POINT('',(13.75,1.2,-10.75));
#372 = VECTOR('',#373,1.);
#373 = DIRECTION('',(1.,0.,0.));
#374 = ORIENTED_EDGE('',*,*,#330,.F.);
#375 = PLANE('',#376);
#376 = AXIS2_PLACEMENT_3D('',#377,#378,#379);
#377 = CARTESIAN_POINT('',(6.95,0.,-10.75));
#378 = DIRECTION('',(0.,0.,1.));
#379 = DIRECTION('',(1.,0.,-0.));
#380 = ADVANCED_FACE('',(#381),#415,.T.);
#381 = FACE_BOUND('',#382,.T.);
#382 = EDGE_LOOP('',(#383,#393,#401,#409));
#383 = ORIENTED_EDGE('',*,*,#384,.F.);
#384 = EDGE_CURVE('',#385,#387,#389,.T.);
#385 = VERTEX_POINT('',#386);
#386 = CARTESIAN_POINT('',(6.85,1.1,10.76783806987));
#387 = VERTEX_POINT('',#388);
#388 = CARTESIAN_POINT('',(5.E-02,1.1,10.76783806987));
#389 = LINE('',#390,#391);
#390 = CARTESIAN_POINT('',(5.15,1.1,10.76783806987));
#391 = VECTOR('',#392,1.);
#392 = DIRECTION('',(-1.,0.,0.));
#393 = ORIENTED_EDGE('',*,*,#394,.F.);
#394 = EDGE_CURVE('',#395,#385,#397,.T.);
#395 = VERTEX_POINT('',#396);
#396 = CARTESIAN_POINT('',(6.85,1.1,-10.75));
#397 = LINE('',#398,#399);
#398 = CARTESIAN_POINT('',(6.85,1.1,-5.370540482532));
#399 = VECTOR('',#400,1.);
#400 = DIRECTION('',(0.,0.,1.));
#401 = ORIENTED_EDGE('',*,*,#402,.F.);
#402 = EDGE_CURVE('',#403,#395,#405,.T.);
#403 = VERTEX_POINT('',#404);
#404 = CARTESIAN_POINT('',(5.E-02,1.1,-10.75));
#405 = LINE('',#406,#407);
#406 = CARTESIAN_POINT('',(1.75,1.1,-10.75));
#407 = VECTOR('',#408,1.);
#408 = DIRECTION('',(1.,0.,0.));
#409 = ORIENTED_EDGE('',*,*,#410,.F.);
#410 = EDGE_CURVE('',#387,#403,#411,.T.);
#411 = LINE('',#412,#413);
#412 = CARTESIAN_POINT('',(5.E-02,1.1,5.388378552403));
#413 = VECTOR('',#414,1.);
#414 = DIRECTION('',(0.,0.,-1.));
#415 = PLANE('',#416);
#416 = AXIS2_PLACEMENT_3D('',#417,#418,#419);
#417 = CARTESIAN_POINT('',(3.45,1.1,8.919034935075E-03));
#418 = DIRECTION('',(0.,1.,0.));
#419 = DIRECTION('',(0.,-0.,1.));
#420 = ADVANCED_FACE('',(#421),#446,.T.);
#421 = FACE_BOUND('',#422,.T.);
#422 = EDGE_LOOP('',(#423,#424,#432,#440));
#423 = ORIENTED_EDGE('',*,*,#402,.T.);
#424 = ORIENTED_EDGE('',*,*,#425,.T.);
#425 = EDGE_CURVE('',#395,#426,#428,.T.);
#426 = VERTEX_POINT('',#427);
#427 = CARTESIAN_POINT('',(6.85,1.2,-10.75));
#428 = LINE('',#429,#430);
#429 = CARTESIAN_POINT('',(6.85,0.,-10.75));
#430 = VECTOR('',#431,1.);
#431 = DIRECTION('',(0.,1.,0.));
#432 = ORIENTED_EDGE('',*,*,#433,.F.);
#433 = EDGE_CURVE('',#434,#426,#436,.T.);
#434 = VERTEX_POINT('',#435);
#435 = CARTESIAN_POINT('',(5.E-02,1.2,-10.75));
#436 = LINE('',#437,#438);
#437 = CARTESIAN_POINT('',(5.E-02,1.2,-10.75));
#438 = VECTOR('',#439,1.);
#439 = DIRECTION('',(1.,0.,0.));
#440 = ORIENTED_EDGE('',*,*,#441,.F.);
#441 = EDGE_CURVE('',#403,#434,#442,.T.);
#442 = LINE('',#443,#444);
#443 = CARTESIAN_POINT('',(5.E-02,0.,-10.75));
#444 = VECTOR('',#445,1.);
#445 = DIRECTION('',(0.,1.,0.));
#446 = PLANE('',#447);
#447 = AXIS2_PLACEMENT_3D('',#448,#449,#450);
#448 = CARTESIAN_POINT('',(5.E-02,0.,-10.75));
#449 = DIRECTION('',(0.,0.,1.));
#450 = DIRECTION('',(1.,0.,-0.));
#451 = ADVANCED_FACE('',(#452),#470,.T.);
#452 = FACE_BOUND('',#453,.T.);
#453 = EDGE_LOOP('',(#454,#455,#463,#469));
#454 = ORIENTED_EDGE('',*,*,#394,.T.);
#455 = ORIENTED_EDGE('',*,*,#456,.T.);
#456 = EDGE_CURVE('',#385,#457,#459,.T.);
#457 = VERTEX_POINT('',#458);
#458 = CARTESIAN_POINT('',(6.85,1.2,10.76783806987));
#459 = LINE('',#460,#461);
#460 = CARTESIAN_POINT('',(6.85,0.,10.76783806987));
#461 = VECTOR('',#462,1.);
#462 = DIRECTION('',(0.,1.,0.));
#463 = ORIENTED_EDGE('',*,*,#464,.F.);
#464 = EDGE_CURVE('',#426,#457,#465,.T.);
#465 = LINE('',#466,#467);
#466 = CARTESIAN_POINT('',(6.85,1.2,-10.75));
#467 = VECTOR('',#468,1.);
#468 = DIRECTION('',(0.,0.,1.));
#469 = ORIENTED_EDGE('',*,*,#425,.F.);
#470 = PLANE('',#471);
#471 = AXIS2_PLACEMENT_3D('',#472,#473,#474);
#472 = CARTESIAN_POINT('',(6.85,0.,-10.75));
#473 = DIRECTION('',(-1.,0.,0.));
#474 = DIRECTION('',(0.,0.,1.));
#475 = ADVANCED_FACE('',(#476),#510,.T.);
#476 = FACE_BOUND('',#477,.T.);
#477 = EDGE_LOOP('',(#478,#488,#496,#504));
#478 = ORIENTED_EDGE('',*,*,#479,.F.);
#479 = EDGE_CURVE('',#480,#482,#484,.T.);
#480 = VERTEX_POINT('',#481);
#481 = CARTESIAN_POINT('',(-5.E-02,1.1,-10.75));
#482 = VERTEX_POINT('',#483);
#483 = CARTESIAN_POINT('',(-5.E-02,1.1,10.75));
#484 = LINE('',#485,#486);
#485 = CARTESIAN_POINT('',(-5.E-02,1.1,-5.375));
#486 = VECTOR('',#487,1.);
#487 = DIRECTION('',(0.,0.,1.));
#488 = ORIENTED_EDGE('',*,*,#489,.F.);
#489 = EDGE_CURVE('',#490,#480,#492,.T.);
#490 = VERTEX_POINT('',#491);
#491 = CARTESIAN_POINT('',(-6.85,1.1,-10.75));
#492 = LINE('',#493,#494);
#493 = CARTESIAN_POINT('',(-5.15,1.1,-10.75));
#494 = VECTOR('',#495,1.);
#495 = DIRECTION('',(1.,0.,0.));
#496 = ORIENTED_EDGE('',*,*,#497,.F.);
#497 = EDGE_CURVE('',#498,#490,#500,.T.);
#498 = VERTEX_POINT('',#499);
#499 = CARTESIAN_POINT('',(-6.85,1.1,10.75));
#500 = LINE('',#501,#502);
#501 = CARTESIAN_POINT('',(-6.85,1.1,5.375));
#502 = VECTOR('',#503,1.);
#503 = DIRECTION('',(0.,0.,-1.));
#504 = ORIENTED_EDGE('',*,*,#505,.F.);
#505 = EDGE_CURVE('',#482,#498,#506,.T.);
#506 = LINE('',#507,#508);
#507 = CARTESIAN_POINT('',(-1.75,1.1,10.75));
#508 = VECTOR('',#509,1.);
#509 = DIRECTION('',(-1.,0.,-3.265361837133E-16));
#510 = PLANE('',#511);
#511 = AXIS2_PLACEMENT_3D('',#512,#513,#514);
#512 = CARTESIAN_POINT('',(-3.45,1.1,-2.22044604925E-15));
#513 = DIRECTION('',(0.,1.,0.));
#514 = DIRECTION('',(0.,-0.,1.));
#515 = ADVANCED_FACE('',(#516),#541,.T.);
#516 = FACE_BOUND('',#517,.T.);
#517 = EDGE_LOOP('',(#518,#519,#527,#535));
#518 = ORIENTED_EDGE('',*,*,#497,.T.);
#519 = ORIENTED_EDGE('',*,*,#520,.T.);
#520 = EDGE_CURVE('',#490,#521,#523,.T.);
#521 = VERTEX_POINT('',#522);
#522 = CARTESIAN_POINT('',(-6.85,1.2,-10.75));
#523 = LINE('',#524,#525);
#524 = CARTESIAN_POINT('',(-6.85,0.,-10.75));
#525 = VECTOR('',#526,1.);
#526 = DIRECTION('',(0.,1.,0.));
#527 = ORIENTED_EDGE('',*,*,#528,.F.);
#528 = EDGE_CURVE('',#529,#521,#531,.T.);
#529 = VERTEX_POINT('',#530);
#530 = CARTESIAN_POINT('',(-6.85,1.2,10.75));
#531 = LINE('',#532,#533);
#532 = CARTESIAN_POINT('',(-6.85,1.2,-10.75));
#533 = VECTOR('',#534,1.);
#534 = DIRECTION('',(0.,0.,-1.));
#535 = ORIENTED_EDGE('',*,*,#536,.F.);
#536 = EDGE_CURVE('',#498,#529,#537,.T.);
#537 = LINE('',#538,#539);
#538 = CARTESIAN_POINT('',(-6.85,0.,10.75));
#539 = VECTOR('',#540,1.);
#540 = DIRECTION('',(0.,1.,0.));
#541 = PLANE('',#542);
#542 = AXIS2_PLACEMENT_3D('',#543,#544,#545);
#543 = CARTESIAN_POINT('',(-6.85,0.,10.75));
#544 = DIRECTION('',(1.,0.,0.));
#545 = DIRECTION('',(0.,0.,-1.));
#546 = ADVANCED_FACE('',(#547),#565,.T.);
#547 = FACE_BOUND('',#548,.T.);
#548 = EDGE_LOOP('',(#549,#550,#558,#564));
#549 = ORIENTED_EDGE('',*,*,#489,.T.);
#550 = ORIENTED_EDGE('',*,*,#551,.T.);
#551 = EDGE_CURVE('',#480,#552,#554,.T.);
#552 = VERTEX_POINT('',#553);
#553 = CARTESIAN_POINT('',(-5.E-02,1.2,-10.75));
#554 = LINE('',#555,#556);
#555 = CARTESIAN_POINT('',(-5.E-02,0.,-10.75));
#556 = VECTOR('',#557,1.);
#557 = DIRECTION('',(0.,1.,0.));
#558 = ORIENTED_EDGE('',*,*,#559,.F.);
#559 = EDGE_CURVE('',#521,#552,#560,.T.);
#560 = LINE('',#561,#562);
#561 = CARTESIAN_POINT('',(-5.E-02,1.2,-10.75));
#562 = VECTOR('',#563,1.);
#563 = DIRECTION('',(1.,0.,0.));
#564 = ORIENTED_EDGE('',*,*,#520,.F.);
#565 = PLANE('',#566);
#566 = AXIS2_PLACEMENT_3D('',#567,#568,#569);
#567 = CARTESIAN_POINT('',(-6.85,0.,-10.75));
#568 = DIRECTION('',(0.,0.,1.));
#569 = DIRECTION('',(1.,0.,-0.));
#570 = ADVANCED_FACE('',(#571),#605,.T.);
#571 = FACE_BOUND('',#572,.T.);
#572 = EDGE_LOOP('',(#573,#583,#591,#599));
#573 = ORIENTED_EDGE('',*,*,#574,.F.);
#574 = EDGE_CURVE('',#575,#577,#579,.T.);
#575 = VERTEX_POINT('',#576);
#576 = CARTESIAN_POINT('',(-6.95,1.1,10.75));
#577 = VERTEX_POINT('',#578);
#578 = CARTESIAN_POINT('',(-13.75,1.1,10.75));
#579 = LINE('',#580,#581);
#580 = CARTESIAN_POINT('',(-8.65,1.1,10.75));
#581 = VECTOR('',#582,1.);
#582 = DIRECTION('',(-1.,0.,0.));
#583 = ORIENTED_EDGE('',*,*,#584,.F.);
#584 = EDGE_CURVE('',#585,#575,#587,.T.);
#585 = VERTEX_POINT('',#586);
#586 = CARTESIAN_POINT('',(-6.95,1.1,-10.75));
#587 = LINE('',#588,#589);
#588 = CARTESIAN_POINT('',(-6.95,1.1,-5.375));
#589 = VECTOR('',#590,1.);
#590 = DIRECTION('',(0.,0.,1.));
#591 = ORIENTED_EDGE('',*,*,#592,.F.);
#592 = EDGE_CURVE('',#593,#585,#595,.T.);
#593 = VERTEX_POINT('',#594);
#594 = CARTESIAN_POINT('',(-13.75,1.1,-10.75));
#595 = LINE('',#596,#597);
#596 = CARTESIAN_POINT('',(-12.05,1.1,-10.75));
#597 = VECTOR('',#598,1.);
#598 = DIRECTION('',(1.,0.,0.));
#599 = ORIENTED_EDGE('',*,*,#600,.F.);
#600 = EDGE_CURVE('',#577,#593,#601,.T.);
#601 = LINE('',#602,#603);
#602 = CARTESIAN_POINT('',(-13.75,1.1,5.375));
#603 = VECTOR('',#604,1.);
#604 = DIRECTION('',(0.,0.,-1.));
#605 = PLANE('',#606);
#606 = AXIS2_PLACEMENT_3D('',#607,#608,#609);
#607 = CARTESIAN_POINT('',(-10.35,1.1,-2.22044604925E-15));
#608 = DIRECTION('',(0.,1.,0.));
#609 = DIRECTION('',(0.,-0.,1.));
#610 = ADVANCED_FACE('',(#611),#636,.T.);
#611 = FACE_BOUND('',#612,.T.);
#612 = EDGE_LOOP('',(#613,#614,#622,#630));
#613 = ORIENTED_EDGE('',*,*,#592,.T.);
#614 = ORIENTED_EDGE('',*,*,#615,.T.);
#615 = EDGE_CURVE('',#585,#616,#618,.T.);
#616 = VERTEX_POINT('',#617);
#617 = CARTESIAN_POINT('',(-6.95,1.2,-10.75));
#618 = LINE('',#619,#620);
#619 = CARTESIAN_POINT('',(-6.95,0.,-10.75));
#620 = VECTOR('',#621,1.);
#621 = DIRECTION('',(0.,1.,0.));
#622 = ORIENTED_EDGE('',*,*,#623,.F.);
#623 = EDGE_CURVE('',#624,#616,#626,.T.);
#624 = VERTEX_POINT('',#625);
#625 = CARTESIAN_POINT('',(-13.75,1.2,-10.75));
#626 = LINE('',#627,#628);
#627 = CARTESIAN_POINT('',(-13.75,1.2,-10.75));
#628 = VECTOR('',#629,1.);
#629 = DIRECTION('',(1.,0.,0.));
#630 = ORIENTED_EDGE('',*,*,#631,.F.);
#631 = EDGE_CURVE('',#593,#624,#632,.T.);
#632 = LINE('',#633,#634);
#633 = CARTESIAN_POINT('',(-13.75,0.,-10.75));
#634 = VECTOR('',#635,1.);
#635 = DIRECTION('',(0.,1.,0.));
#636 = PLANE('',#637);
#637 = AXIS2_PLACEMENT_3D('',#638,#639,#640);
#638 = CARTESIAN_POINT('',(-13.75,0.,-10.75));
#639 = DIRECTION('',(0.,0.,1.));
#640 = DIRECTION('',(1.,0.,-0.));
#641 = ADVANCED_FACE('',(#642),#660,.T.);
#642 = FACE_BOUND('',#643,.T.);
#643 = EDGE_LOOP('',(#644,#645,#653,#659));
#644 = ORIENTED_EDGE('',*,*,#584,.T.);
#645 = ORIENTED_EDGE('',*,*,#646,.T.);
#646 = EDGE_CURVE('',#575,#647,#649,.T.);
#647 = VERTEX_POINT('',#648);
#648 = CARTESIAN_POINT('',(-6.95,1.2,10.75));
#649 = LINE('',#650,#651);
#650 = CARTESIAN_POINT('',(-6.95,0.,10.75));
#651 = VECTOR('',#652,1.);
#652 = DIRECTION('',(0.,1.,0.));
#653 = ORIENTED_EDGE('',*,*,#654,.F.);
#654 = EDGE_CURVE('',#616,#647,#655,.T.);
#655 = LINE('',#656,#657);
#656 = CARTESIAN_POINT('',(-6.95,1.2,-10.75));
#657 = VECTOR('',#658,1.);
#658 = DIRECTION('',(0.,0.,1.));
#659 = ORIENTED_EDGE('',*,*,#615,.F.);
#660 = PLANE('',#661);
#661 = AXIS2_PLACEMENT_3D('',#662,#663,#664);
#662 = CARTESIAN_POINT('',(-6.95,0.,-10.75));
#663 = DIRECTION('',(-1.,0.,0.));
#664 = DIRECTION('',(0.,0.,1.));
#665 = ADVANCED_FACE('',(#666),#700,.T.);
#666 = FACE_BOUND('',#667,.T.);
#667 = EDGE_LOOP('',(#668,#678,#686,#694));
#668 = ORIENTED_EDGE('',*,*,#669,.F.);
#669 = EDGE_CURVE('',#670,#672,#674,.T.);
#670 = VERTEX_POINT('',#671);
#671 = CARTESIAN_POINT('',(-13.85,1.1,10.75));
#672 = VERTEX_POINT('',#673);
#673 = CARTESIAN_POINT('',(-20.65,1.1,10.75));
#674 = LINE('',#675,#676);
#675 = CARTESIAN_POINT('',(-15.55,1.1,10.75));
#676 = VECTOR('',#677,1.);
#677 = DIRECTION('',(-1.,0.,0.));
#678 = ORIENTED_EDGE('',*,*,#679,.F.);
#679 = EDGE_CURVE('',#680,#670,#682,.T.);
#680 = VERTEX_POINT('',#681);
#681 = CARTESIAN_POINT('',(-13.85,1.1,-10.75));
#682 = LINE('',#683,#684);
#683 = CARTESIAN_POINT('',(-13.85,1.1,-5.375));
#684 = VECTOR('',#685,1.);
#685 = DIRECTION('',(0.,0.,1.));
#686 = ORIENTED_EDGE('',*,*,#687,.F.);
#687 = EDGE_CURVE('',#688,#680,#690,.T.);
#688 = VERTEX_POINT('',#689);
#689 = CARTESIAN_POINT('',(-20.65,1.1,-10.75));
#690 = LINE('',#691,#692);
#691 = CARTESIAN_POINT('',(-18.95,1.1,-10.75));
#692 = VECTOR('',#693,1.);
#693 = DIRECTION('',(1.,0.,0.));
#694 = ORIENTED_EDGE('',*,*,#695,.F.);
#695 = EDGE_CURVE('',#672,#688,#696,.T.);
#696 = LINE('',#697,#698);
#697 = CARTESIAN_POINT('',(-20.65,1.1,5.375));
#698 = VECTOR('',#699,1.);
#699 = DIRECTION('',(0.,0.,-1.));
#700 = PLANE('',#701);
#701 = AXIS2_PLACEMENT_3D('',#702,#703,#704);
#702 = CARTESIAN_POINT('',(-17.25,1.1,-2.22044604925E-15));
#703 = DIRECTION('',(0.,1.,0.));
#704 = DIRECTION('',(0.,-0.,1.));
#705 = ADVANCED_FACE('',(#706),#731,.T.);
#706 = FACE_BOUND('',#707,.T.);
#707 = EDGE_LOOP('',(#708,#709,#717,#725));
#708 = ORIENTED_EDGE('',*,*,#687,.T.);
#709 = ORIENTED_EDGE('',*,*,#710,.T.);
#710 = EDGE_CURVE('',#680,#711,#713,.T.);
#711 = VERTEX_POINT('',#712);
#712 = CARTESIAN_POINT('',(-13.85,1.2,-10.75));
#713 = LINE('',#714,#715);
#714 = CARTESIAN_POINT('',(-13.85,0.,-10.75));
#715 = VECTOR('',#716,1.);
#716 = DIRECTION('',(0.,1.,0.));
#717 = ORIENTED_EDGE('',*,*,#718,.F.);
#718 = EDGE_CURVE('',#719,#711,#721,.T.);
#719 = VERTEX_POINT('',#720);
#720 = CARTESIAN_POINT('',(-20.65,1.2,-10.75));
#721 = LINE('',#722,#723);
#722 = CARTESIAN_POINT('',(-20.65,1.2,-10.75));
#723 = VECTOR('',#724,1.);
#724 = DIRECTION('',(1.,0.,0.));
#725 = ORIENTED_EDGE('',*,*,#726,.F.);
#726 = EDGE_CURVE('',#688,#719,#727,.T.);
#727 = LINE('',#728,#729);
#728 = CARTESIAN_POINT('',(-20.65,0.,-10.75));
#729 = VECTOR('',#730,1.);
#730 = DIRECTION('',(0.,1.,0.));
#731 = PLANE('',#732);
#732 = AXIS2_PLACEMENT_3D('',#733,#734,#735);
#733 = CARTESIAN_POINT('',(-20.65,0.,-10.75));
#734 = DIRECTION('',(0.,0.,1.));
#735 = DIRECTION('',(1.,0.,-0.));
#736 = ADVANCED_FACE('',(#737),#755,.T.);
#737 = FACE_BOUND('',#738,.T.);
#738 = EDGE_LOOP('',(#739,#740,#748,#754));
#739 = ORIENTED_EDGE('',*,*,#679,.T.);
#740 = ORIENTED_EDGE('',*,*,#741,.T.);
#741 = EDGE_CURVE('',#670,#742,#744,.T.);
#742 = VERTEX_POINT('',#743);
#743 = CARTESIAN_POINT('',(-13.85,1.2,10.75));
#744 = LINE('',#745,#746);
#745 = CARTESIAN_POINT('',(-13.85,0.,10.75));
#746 = VECTOR('',#747,1.);
#747 = DIRECTION('',(0.,1.,0.));
#748 = ORIENTED_EDGE('',*,*,#749,.F.);
#749 = EDGE_CURVE('',#711,#742,#750,.T.);
#750 = LINE('',#751,#752);
#751 = CARTESIAN_POINT('',(-13.85,1.2,-10.75));
#752 = VECTOR('',#753,1.);
#753 = DIRECTION('',(0.,0.,1.));
#754 = ORIENTED_EDGE('',*,*,#710,.F.);
#755 = PLANE('',#756);
#756 = AXIS2_PLACEMENT_3D('',#757,#758,#759);
#757 = CARTESIAN_POINT('',(-13.85,0.,-10.75));
#758 = DIRECTION('',(-1.,0.,0.));
#759 = DIRECTION('',(0.,0.,1.));
#760 = ADVANCED_FACE('',(#761),#779,.T.);
#761 = FACE_BOUND('',#762,.T.);
#762 = EDGE_LOOP('',(#763,#764,#765,#773));
#763 = ORIENTED_EDGE('',*,*,#600,.T.);
#764 = ORIENTED_EDGE('',*,*,#631,.T.);
#765 = ORIENTED_EDGE('',*,*,#766,.F.);
#766 = EDGE_CURVE('',#767,#624,#769,.T.);
#767 = VERTEX_POINT('',#768);
#768 = CARTESIAN_POINT('',(-13.75,1.2,10.75));
#769 = LINE('',#770,#771);
#770 = CARTESIAN_POINT('',(-13.75,1.2,10.75));
#771 = VECTOR('',#772,1.);
#772 = DIRECTION('',(0.,0.,-1.));
#773 = ORIENTED_EDGE('',*,*,#774,.F.);
#774 = EDGE_CURVE('',#577,#767,#775,.T.);
#775 = LINE('',#776,#777);
#776 = CARTESIAN_POINT('',(-13.75,0.,10.75));
#777 = VECTOR('',#778,1.);
#778 = DIRECTION('',(0.,1.,0.));
#779 = PLANE('',#780);
#780 = AXIS2_PLACEMENT_3D('',#781,#782,#783);
#781 = CARTESIAN_POINT('',(-13.75,0.,10.75));
#782 = DIRECTION('',(1.,0.,0.));
#783 = DIRECTION('',(0.,0.,-1.));
#784 = ADVANCED_FACE('',(#785),#796,.T.);
#785 = FACE_BOUND('',#786,.T.);
#786 = EDGE_LOOP('',(#787,#788,#789,#795));
#787 = ORIENTED_EDGE('',*,*,#574,.T.);
#788 = ORIENTED_EDGE('',*,*,#774,.T.);
#789 = ORIENTED_EDGE('',*,*,#790,.F.);
#790 = EDGE_CURVE('',#647,#767,#791,.T.);
#791 = LINE('',#792,#793);
#792 = CARTESIAN_POINT('',(-6.95,1.2,10.75));
#793 = VECTOR('',#794,1.);
#794 = DIRECTION('',(-1.,0.,0.));
#795 = ORIENTED_EDGE('',*,*,#646,.F.);
#796 = PLANE('',#797);
#797 = AXIS2_PLACEMENT_3D('',#798,#799,#800);
#798 = CARTESIAN_POINT('',(-6.95,0.,10.75));
#799 = DIRECTION('',(0.,0.,-1.));
#800 = DIRECTION('',(-1.,0.,0.));
#801 = ADVANCED_FACE('',(#802),#820,.T.);
#802 = FACE_BOUND('',#803,.T.);
#803 = EDGE_LOOP('',(#804,#805,#806,#814));
#804 = ORIENTED_EDGE('',*,*,#695,.T.);
#805 = ORIENTED_EDGE('',*,*,#726,.T.);
#806 = ORIENTED_EDGE('',*,*,#807,.F.);
#807 = EDGE_CURVE('',#808,#719,#810,.T.);
#808 = VERTEX_POINT('',#809);
#809 = CARTESIAN_POINT('',(-20.65,1.2,10.75));
#810 = LINE('',#811,#812);
#811 = CARTESIAN_POINT('',(-20.65,1.2,10.75));
#812 = VECTOR('',#813,1.);
#813 = DIRECTION('',(0.,0.,-1.));
#814 = ORIENTED_EDGE('',*,*,#815,.F.);
#815 = EDGE_CURVE('',#672,#808,#816,.T.);
#816 = LINE('',#817,#818);
#817 = CARTESIAN_POINT('',(-20.65,0.,10.75));
#818 = VECTOR('',#819,1.);
#819 = DIRECTION('',(0.,1.,0.));
#820 = PLANE('',#821);
#821 = AXIS2_PLACEMENT_3D('',#822,#823,#824);
#822 = CARTESIAN_POINT('',(-20.65,0.,10.75));
#823 = DIRECTION('',(1.,0.,0.));
#824 = DIRECTION('',(0.,0.,-1.));
#825 = ADVANCED_FACE('',(#826),#837,.T.);
#826 = FACE_BOUND('',#827,.T.);
#827 = EDGE_LOOP('',(#828,#829,#830,#836));
#828 = ORIENTED_EDGE('',*,*,#669,.T.);
#829 = ORIENTED_EDGE('',*,*,#815,.T.);
#830 = ORIENTED_EDGE('',*,*,#831,.F.);
#831 = EDGE_CURVE('',#742,#808,#832,.T.);
#832 = LINE('',#833,#834);
#833 = CARTESIAN_POINT('',(-13.85,1.2,10.75));
#834 = VECTOR('',#835,1.);
#835 = DIRECTION('',(-1.,0.,0.));
#836 = ORIENTED_EDGE('',*,*,#741,.F.);
#837 = PLANE('',#838);
#838 = AXIS2_PLACEMENT_3D('',#839,#840,#841);
#839 = CARTESIAN_POINT('',(-13.85,0.,10.75));
#840 = DIRECTION('',(0.,0.,-1.));
#841 = DIRECTION('',(-1.,0.,0.));
#842 = ADVANCED_FACE('',(#843),#861,.T.);
#843 = FACE_BOUND('',#844,.T.);
#844 = EDGE_LOOP('',(#845,#846,#847,#855));
#845 = ORIENTED_EDGE('',*,*,#505,.T.);
#846 = ORIENTED_EDGE('',*,*,#536,.T.);
#847 = ORIENTED_EDGE('',*,*,#848,.F.);
#848 = EDGE_CURVE('',#849,#529,#851,.T.);
#849 = VERTEX_POINT('',#850);
#850 = CARTESIAN_POINT('',(-5.E-02,1.2,10.75));
#851 = LINE('',#852,#853);
#852 = CARTESIAN_POINT('',(-6.85,1.2,10.75));
#853 = VECTOR('',#854,1.);
#854 = DIRECTION('',(-1.,0.,-3.265361837133E-16));
#855 = ORIENTED_EDGE('',*,*,#856,.F.);
#856 = EDGE_CURVE('',#482,#849,#857,.T.);
#857 = LINE('',#858,#859);
#858 = CARTESIAN_POINT('',(-5.E-02,0.,10.75));
#859 = VECTOR('',#860,1.);
#860 = DIRECTION('',(0.,1.,0.));
#861 = PLANE('',#862);
#862 = AXIS2_PLACEMENT_3D('',#863,#864,#865);
#863 = CARTESIAN_POINT('',(-5.E-02,0.,10.75));
#864 = DIRECTION('',(3.265361837133E-16,0.,-1.));
#865 = DIRECTION('',(-1.,0.,-3.265361837133E-16));
#866 = ADVANCED_FACE('',(#867),#878,.T.);
#867 = FACE_BOUND('',#868,.T.);
#868 = EDGE_LOOP('',(#869,#870,#871,#877));
#869 = ORIENTED_EDGE('',*,*,#479,.T.);
#870 = ORIENTED_EDGE('',*,*,#856,.T.);
#871 = ORIENTED_EDGE('',*,*,#872,.F.);
#872 = EDGE_CURVE('',#552,#849,#873,.T.);
#873 = LINE('',#874,#875);
#874 = CARTESIAN_POINT('',(-5.E-02,1.2,10.75));
#875 = VECTOR('',#876,1.);
#876 = DIRECTION('',(0.,0.,1.));
#877 = ORIENTED_EDGE('',*,*,#551,.F.);
#878 = PLANE('',#879);
#879 = AXIS2_PLACEMENT_3D('',#880,#881,#882);
#880 = CARTESIAN_POINT('',(-5.E-02,0.,-10.75));
#881 = DIRECTION('',(-1.,0.,0.));
#882 = DIRECTION('',(0.,0.,1.));
#883 = ADVANCED_FACE('',(#884),#902,.T.);
#884 = FACE_BOUND('',#885,.T.);
#885 = EDGE_LOOP('',(#886,#887,#888,#896));
#886 = ORIENTED_EDGE('',*,*,#220,.T.);
#887 = ORIENTED_EDGE('',*,*,#251,.T.);
#888 = ORIENTED_EDGE('',*,*,#889,.F.);
#889 = EDGE_CURVE('',#890,#244,#892,.T.);
#890 = VERTEX_POINT('',#891);
#891 = CARTESIAN_POINT('',(20.65,1.2,10.75));
#892 = LINE('',#893,#894);
#893 = CARTESIAN_POINT('',(13.85,1.2,10.75));
#894 = VECTOR('',#895,1.);
#895 = DIRECTION('',(-1.,0.,0.));
#896 = ORIENTED_EDGE('',*,*,#897,.F.);
#897 = EDGE_CURVE('',#197,#890,#898,.T.);
#898 = LINE('',#899,#900);
#899 = CARTESIAN_POINT('',(20.65,0.,10.75));
#900 = VECTOR('',#901,1.);
#901 = DIRECTION('',(0.,1.,0.));
#902 = PLANE('',#903);
#903 = AXIS2_PLACEMENT_3D('',#904,#905,#906);
#904 = CARTESIAN_POINT('',(20.65,0.,10.75));
#905 = DIRECTION('',(0.,0.,-1.));
#906 = DIRECTION('',(-1.,0.,0.));
#907 = ADVANCED_FACE('',(#908),#919,.T.);
#908 = FACE_BOUND('',#909,.T.);
#909 = EDGE_LOOP('',(#910,#911,#912,#918));
#910 = ORIENTED_EDGE('',*,*,#194,.T.);
#911 = ORIENTED_EDGE('',*,*,#897,.T.);
#912 = ORIENTED_EDGE('',*,*,#913,.F.);
#913 = EDGE_CURVE('',#267,#890,#914,.T.);
#914 = LINE('',#915,#916);
#915 = CARTESIAN_POINT('',(20.65,1.2,10.75));
#916 = VECTOR('',#917,1.);
#917 = DIRECTION('',(0.,0.,1.));
#918 = ORIENTED_EDGE('',*,*,#266,.F.);
#919 = PLANE('',#920);
#920 = AXIS2_PLACEMENT_3D('',#921,#922,#923);
#921 = CARTESIAN_POINT('',(20.65,0.,-10.75));
#922 = DIRECTION('',(-1.,0.,0.));
#923 = DIRECTION('',(0.,0.,1.));
#924 = ADVANCED_FACE('',(#925),#943,.T.);
#925 = FACE_BOUND('',#926,.T.);
#926 = EDGE_LOOP('',(#927,#928,#929,#937));
#927 = ORIENTED_EDGE('',*,*,#315,.T.);
#928 = ORIENTED_EDGE('',*,*,#346,.T.);
#929 = ORIENTED_EDGE('',*,*,#930,.F.);
#930 = EDGE_CURVE('',#931,#339,#933,.T.);
#931 = VERTEX_POINT('',#932);
#932 = CARTESIAN_POINT('',(13.75,1.2,10.76783806987));
#933 = LINE('',#934,#935);
#934 = CARTESIAN_POINT('',(6.95,1.2,10.76783806987));
#935 = VECTOR('',#936,1.);
#936 = DIRECTION('',(-1.,0.,0.));
#937 = ORIENTED_EDGE('',*,*,#938,.F.);
#938 = EDGE_CURVE('',#292,#931,#939,.T.);
#939 = LINE('',#940,#941);
#940 = CARTESIAN_POINT('',(13.75,0.,10.76783806987));
#941 = VECTOR('',#942,1.);
#942 = DIRECTION('',(0.,1.,0.));
#943 = PLANE('',#944);
#944 = AXIS2_PLACEMENT_3D('',#945,#946,#947);
#945 = CARTESIAN_POINT('',(13.75,0.,10.76783806987));
#946 = DIRECTION('',(0.,0.,-1.));
#947 = DIRECTION('',(-1.,0.,0.));
#948 = ADVANCED_FACE('',(#949),#960,.T.);
#949 = FACE_BOUND('',#950,.T.);
#950 = EDGE_LOOP('',(#951,#952,#953,#959));
#951 = ORIENTED_EDGE('',*,*,#289,.T.);
#952 = ORIENTED_EDGE('',*,*,#938,.T.);
#953 = ORIENTED_EDGE('',*,*,#954,.F.);
#954 = EDGE_CURVE('',#362,#931,#955,.T.);
#955 = LINE('',#956,#957);
#956 = CARTESIAN_POINT('',(13.75,1.2,10.76783806987));
#957 = VECTOR('',#958,1.);
#958 = DIRECTION('',(0.,0.,1.));
#959 = ORIENTED_EDGE('',*,*,#361,.F.);
#960 = PLANE('',#961);
#961 = AXIS2_PLACEMENT_3D('',#962,#963,#964);
#962 = CARTESIAN_POINT('',(13.75,0.,-10.75));
#963 = DIRECTION('',(-1.,0.,0.));
#964 = DIRECTION('',(0.,0.,1.));
#965 = ADVANCED_FACE('',(#966),#984,.T.);
#966 = FACE_BOUND('',#967,.T.);
#967 = EDGE_LOOP('',(#968,#969,#970,#978));
#968 = ORIENTED_EDGE('',*,*,#410,.T.);
#969 = ORIENTED_EDGE('',*,*,#441,.T.);
#970 = ORIENTED_EDGE('',*,*,#971,.F.);
#971 = EDGE_CURVE('',#972,#434,#974,.T.);
#972 = VERTEX_POINT('',#973);
#973 = CARTESIAN_POINT('',(5.E-02,1.2,10.76783806987));
#974 = LINE('',#975,#976);
#975 = CARTESIAN_POINT('',(5.E-02,1.2,10.76783806987));
#976 = VECTOR('',#977,1.);
#977 = DIRECTION('',(0.,0.,-1.));
#978 = ORIENTED_EDGE('',*,*,#979,.F.);
#979 = EDGE_CURVE('',#387,#972,#980,.T.);
#980 = LINE('',#981,#982);
#981 = CARTESIAN_POINT('',(5.E-02,0.,10.76783806987));
#982 = VECTOR('',#983,1.);
#983 = DIRECTION('',(0.,1.,0.));
#984 = PLANE('',#985);
#985 = AXIS2_PLACEMENT_3D('',#986,#987,#988);
#986 = CARTESIAN_POINT('',(5.E-02,0.,10.76783806987));
#987 = DIRECTION('',(1.,0.,0.));
#988 = DIRECTION('',(0.,0.,-1.));
#989 = ADVANCED_FACE('',(#990),#1001,.T.);
#990 = FACE_BOUND('',#991,.T.);
#991 = EDGE_LOOP('',(#992,#993,#994,#1000));
#992 = ORIENTED_EDGE('',*,*,#384,.T.);
#993 = ORIENTED_EDGE('',*,*,#979,.T.);
#994 = ORIENTED_EDGE('',*,*,#995,.F.);
#995 = EDGE_CURVE('',#457,#972,#996,.T.);
#996 = LINE('',#997,#998);
#997 = CARTESIAN_POINT('',(6.85,1.2,10.76783806987));
#998 = VECTOR('',#999,1.);
#999 = DIRECTION('',(-1.,0.,0.));
#1000 = ORIENTED_EDGE('',*,*,#456,.F.);
#1001 = PLANE('',#1002);
#1002 = AXIS2_PLACEMENT_3D('',#1003,#1004,#1005);
#1003 = CARTESIAN_POINT('',(6.85,0.,10.76783806987));
#1004 = DIRECTION('',(0.,0.,-1.));
#1005 = DIRECTION('',(-1.,0.,0.));
#1006 = ADVANCED_FACE('',(#1007),#1041,.T.);
#1007 = FACE_BOUND('',#1008,.T.);
#1008 = EDGE_LOOP('',(#1009,#1019,#1027,#1035));
#1009 = ORIENTED_EDGE('',*,*,#1010,.F.);
#1010 = EDGE_CURVE('',#1011,#1013,#1015,.T.);
#1011 = VERTEX_POINT('',#1012);
#1012 = CARTESIAN_POINT('',(-21.,0.,11.5));
#1013 = VERTEX_POINT('',#1014);
#1014 = CARTESIAN_POINT('',(-21.,0.,-11.5));
#1015 = LINE('',#1016,#1017);
#1016 = CARTESIAN_POINT('',(-21.,0.,11.5));
#1017 = VECTOR('',#1018,1.);
#1018 = DIRECTION('',(0.,0.,-1.));
#1019 = ORIENTED_EDGE('',*,*,#1020,.T.);
#1020 = EDGE_CURVE('',#1011,#1021,#1023,.T.);
#1021 = VERTEX_POINT('',#1022);
#1022 = CARTESIAN_POINT('',(-21.,1.2,11.5));
#1023 = LINE('',#1024,#1025);
#1024 = CARTESIAN_POINT('',(-21.,0.,11.5));
#1025 = VECTOR('',#1026,1.);
#1026 = DIRECTION('',(0.,1.,0.));
#1027 = ORIENTED_EDGE('',*,*,#1028,.F.);
#1028 = EDGE_CURVE('',#1029,#1021,#1031,.T.);
#1029 = VERTEX_POINT('',#1030);
#1030 = CARTESIAN_POINT('',(-21.,1.2,-11.5));
#1031 = LINE('',#1032,#1033);
#1032 = CARTESIAN_POINT('',(-21.,1.2,11.5));
#1033 = VECTOR('',#1034,1.);
#1034 = DIRECTION('',(0.,0.,1.));
#1035 = ORIENTED_EDGE('',*,*,#1036,.F.);
#1036 = EDGE_CURVE('',#1013,#1029,#1037,.T.);
#1037 = LINE('',#1038,#1039);
#1038 = CARTESIAN_POINT('',(-21.,0.,-11.5));
#1039 = VECTOR('',#1040,1.);
#1040 = DIRECTION('',(0.,1.,0.));
#1041 = PLANE('',#1042);
#1042 = AXIS2_PLACEMENT_3D('',#1043,#1044,#1045);
#1043 = CARTESIAN_POINT('',(-21.,0.,-11.5));
#1044 = DIRECTION('',(-1.,0.,0.));
#1045 = DIRECTION('',(0.,0.,1.));
#1046 = ADVANCED_FACE('',(#1047),#1072,.T.);
#1047 = FACE_BOUND('',#1048,.T.);
#1048 = EDGE_LOOP('',(#1049,#1057,#1058,#1066));
#1049 = ORIENTED_EDGE('',*,*,#1050,.F.);
#1050 = EDGE_CURVE('',#1013,#1051,#1053,.T.);
#1051 = VERTEX_POINT('',#1052);
#1052 = CARTESIAN_POINT('',(21.,0.,-11.5));
#1053 = LINE('',#1054,#1055);
#1054 = CARTESIAN_POINT('',(-21.,0.,-11.5));
#1055 = VECTOR('',#1056,1.);
#1056 = DIRECTION('',(1.,0.,0.));
#1057 = ORIENTED_EDGE('',*,*,#1036,.T.);
#1058 = ORIENTED_EDGE('',*,*,#1059,.F.);
#1059 = EDGE_CURVE('',#1060,#1029,#1062,.T.);
#1060 = VERTEX_POINT('',#1061);
#1061 = CARTESIAN_POINT('',(21.,1.2,-11.5));
#1062 = LINE('',#1063,#1064);
#1063 = CARTESIAN_POINT('',(-21.,1.2,-11.5));
#1064 = VECTOR('',#1065,1.);
#1065 = DIRECTION('',(-1.,0.,0.));
#1066 = ORIENTED_EDGE('',*,*,#1067,.F.);
#1067 = EDGE_CURVE('',#1051,#1060,#1068,.T.);
#1068 = LINE('',#1069,#1070);
#1069 = CARTESIAN_POINT('',(21.,0.,-11.5));
#1070 = VECTOR('',#1071,1.);
#1071 = DIRECTION('',(0.,1.,0.));
#1072 = PLANE('',#1073);
#1073 = AXIS2_PLACEMENT_3D('',#1074,#1075,#1076);
#1074 = CARTESIAN_POINT('',(21.,0.,-11.5));
#1075 = DIRECTION('',(0.,0.,-1.));
#1076 = DIRECTION('',(-1.,0.,0.));
#1077 = ADVANCED_FACE('',(#1078),#1103,.T.);
#1078 = FACE_BOUND('',#1079,.T.);
#1079 = EDGE_LOOP('',(#1080,#1088,#1089,#1097));
#1080 = ORIENTED_EDGE('',*,*,#1081,.F.);
#1081 = EDGE_CURVE('',#1051,#1082,#1084,.T.);
#1082 = VERTEX_POINT('',#1083);
#1083 = CARTESIAN_POINT('',(21.,0.,11.5));
#1084 = LINE('',#1085,#1086);
#1085 = CARTESIAN_POINT('',(21.,0.,-11.5));
#1086 = VECTOR('',#1087,1.);
#1087 = DIRECTION('',(0.,0.,1.));
#1088 = ORIENTED_EDGE('',*,*,#1067,.T.);
#1089 = ORIENTED_EDGE('',*,*,#1090,.F.);
#1090 = EDGE_CURVE('',#1091,#1060,#1093,.T.);
#1091 = VERTEX_POINT('',#1092);
#1092 = CARTESIAN_POINT('',(21.,1.2,11.5));
#1093 = LINE('',#1094,#1095);
#1094 = CARTESIAN_POINT('',(21.,1.2,-11.5));
#1095 = VECTOR('',#1096,1.);
#1096 = DIRECTION('',(0.,0.,-1.));
#1097 = ORIENTED_EDGE('',*,*,#1098,.F.);
#1098 = EDGE_CURVE('',#1082,#1091,#1099,.T.);
#1099 = LINE('',#1100,#1101);
#1100 = CARTESIAN_POINT('',(21.,0.,11.5));
#1101 = VECTOR('',#1102,1.);
#1102 = DIRECTION('',(0.,1.,0.));
#1103 = PLANE('',#1104);
#1104 = AXIS2_PLACEMENT_3D('',#1105,#1106,#1107);
#1105 = CARTESIAN_POINT('',(21.,0.,11.5));
#1106 = DIRECTION('',(1.,0.,0.));
#1107 = DIRECTION('',(0.,0.,-1.));
#1108 = ADVANCED_FACE('',(#1109),#1125,.T.);
#1109 = FACE_BOUND('',#1110,.T.);
#1110 = EDGE_LOOP('',(#1111,#1117,#1118,#1124));
#1111 = ORIENTED_EDGE('',*,*,#1112,.F.);
#1112 = EDGE_CURVE('',#1082,#1011,#1113,.T.);
#1113 = LINE('',#1114,#1115);
#1114 = CARTESIAN_POINT('',(21.,0.,11.5));
#1115 = VECTOR('',#1116,1.);
#1116 = DIRECTION('',(-1.,0.,0.));
#1117 = ORIENTED_EDGE('',*,*,#1098,.T.);
#1118 = ORIENTED_EDGE('',*,*,#1119,.F.);
#1119 = EDGE_CURVE('',#1021,#1091,#1120,.T.);
#1120 = LINE('',#1121,#1122);
#1121 = CARTESIAN_POINT('',(21.,1.2,11.5));
#1122 = VECTOR('',#1123,1.);
#1123 = DIRECTION('',(1.,0.,0.));
#1124 = ORIENTED_EDGE('',*,*,#1020,.F.);
#1125 = PLANE('',#1126);
#1126 = AXIS2_PLACEMENT_3D('',#1127,#1128,#1129);
#1127 = CARTESIAN_POINT('',(-21.,0.,11.5));
#1128 = DIRECTION('',(0.,0.,1.));
#1129 = DIRECTION('',(1.,0.,-0.));
#1130 = ADVANCED_FACE('',(#1131,#1137,#1143,#1149,#1155,#1161,#1167),
  #1173,.T.);
#1131 = FACE_BOUND('',#1132,.T.);
#1132 = EDGE_LOOP('',(#1133,#1134,#1135,#1136));
#1133 = ORIENTED_EDGE('',*,*,#1119,.T.);
#1134 = ORIENTED_EDGE('',*,*,#1090,.T.);
#1135 = ORIENTED_EDGE('',*,*,#1059,.T.);
#1136 = ORIENTED_EDGE('',*,*,#1028,.T.);
#1137 = FACE_BOUND('',#1138,.T.);
#1138 = EDGE_LOOP('',(#1139,#1140,#1141,#1142));
#1139 = ORIENTED_EDGE('',*,*,#995,.T.);
#1140 = ORIENTED_EDGE('',*,*,#971,.T.);
#1141 = ORIENTED_EDGE('',*,*,#433,.T.);
#1142 = ORIENTED_EDGE('',*,*,#464,.T.);
#1143 = FACE_BOUND('',#1144,.T.);
#1144 = EDGE_LOOP('',(#1145,#1146,#1147,#1148));
#1145 = ORIENTED_EDGE('',*,*,#954,.T.);
#1146 = ORIENTED_EDGE('',*,*,#930,.T.);
#1147 = ORIENTED_EDGE('',*,*,#338,.T.);
#1148 = ORIENTED_EDGE('',*,*,#369,.T.);
#1149 = FACE_BOUND('',#1150,.T.);
#1150 = EDGE_LOOP('',(#1151,#1152,#1153,#1154));
#1151 = ORIENTED_EDGE('',*,*,#913,.T.);
#1152 = ORIENTED_EDGE('',*,*,#889,.T.);
#1153 = ORIENTED_EDGE('',*,*,#243,.T.);
#1154 = ORIENTED_EDGE('',*,*,#274,.T.);
#1155 = FACE_BOUND('',#1156,.T.);
#1156 = EDGE_LOOP('',(#1157,#1158,#1159,#1160));
#1157 = ORIENTED_EDGE('',*,*,#872,.T.);
#1158 = ORIENTED_EDGE('',*,*,#848,.T.);
#1159 = ORIENTED_EDGE('',*,*,#528,.T.);
#1160 = ORIENTED_EDGE('',*,*,#559,.T.);
#1161 = FACE_BOUND('',#1162,.T.);
#1162 = EDGE_LOOP('',(#1163,#1164,#1165,#1166));
#1163 = ORIENTED_EDGE('',*,*,#831,.T.);
#1164 = ORIENTED_EDGE('',*,*,#807,.T.);
#1165 = ORIENTED_EDGE('',*,*,#718,.T.);
#1166 = ORIENTED_EDGE('',*,*,#749,.T.);
#1167 = FACE_BOUND('',#1168,.T.);
#1168 = EDGE_LOOP('',(#1169,#1170,#1171,#1172));
#1169 = ORIENTED_EDGE('',*,*,#790,.T.);
#1170 = ORIENTED_EDGE('',*,*,#766,.T.);
#1171 = ORIENTED_EDGE('',*,*,#623,.T.);
#1172 = ORIENTED_EDGE('',*,*,#654,.T.);
#1173 = PLANE('',#1174);
#1174 = AXIS2_PLACEMENT_3D('',#1175,#1176,#1177);
#1175 = CARTESIAN_POINT('',(0.,1.2,0.));
#1176 = DIRECTION('',(0.,1.,0.));
#1177 = DIRECTION('',(0.,-0.,1.));
#1178 = ADVANCED_FACE('',(#1179,#1185,#1188),#1191,.F.);
#1179 = FACE_BOUND('',#1180,.T.);
#1180 = EDGE_LOOP('',(#1181,#1182,#1183,#1184));
#1181 = ORIENTED_EDGE('',*,*,#1112,.T.);
#1182 = ORIENTED_EDGE('',*,*,#1010,.T.);
#1183 = ORIENTED_EDGE('',*,*,#1050,.T.);
#1184 = ORIENTED_EDGE('',*,*,#1081,.T.);
#1185 = FACE_BOUND('',#1186,.T.);
#1186 = EDGE_LOOP('',(#1187));
#1187 = ORIENTED_EDGE('',*,*,#127,.T.);
#1188 = FACE_BOUND('',#1189,.T.);
#1189 = EDGE_LOOP('',(#1190));
#1190 = ORIENTED_EDGE('',*,*,#169,.T.);
#1191 = PLANE('',#1192);
#1192 = AXIS2_PLACEMENT_3D('',#1193,#1194,#1195);
#1193 = CARTESIAN_POINT('',(0.,0.,0.));
#1194 = DIRECTION('',(0.,1.,0.));
#1195 = DIRECTION('',(1.,0.,0.));
#1196 = ( GEOMETRIC_REPRESENTATION_CONTEXT(3) 
GLOBAL_UNCERTAINTY_ASSIGNED_CONTEXT((#1200)) 
GLOBAL_UNIT_ASSIGNED_CONTEXT((#1197,#1198,#1199)) REPRESENTATION_CONTEXT
('Context #1','3D Context with UNIT and UNCERTAINTY') );
#1197 = ( LENGTH_UNIT() NAMED_UNIT(*) SI_UNIT(.MILLI.,.METRE.) );
#1198 = ( NAMED_UNIT(*) PLANE_ANGLE_UNIT() SI_UNIT($,.RADIAN.) );
#1199 = ( NAMED_UNIT(*) SI_UNIT($,.STERADIAN.) SOLID_ANGLE_UNIT() );
#1200 = UNCERTAINTY_MEASURE_WITH_UNIT(LENGTH_MEASURE(1.E-07),#1197,
  'distance_accuracy_value','confusion accuracy');
#1201 = CONTEXT_DEPENDENT_SHAPE_REPRESENTATION(#1202,#1204);
#1202 = ( REPRESENTATION_RELATIONSHIP('','',#103,#80) 
REPRESENTATION_RELATIONSHIP_WITH_TRANSFORMATION(#1203) 
SHAPE_REPRESENTATION_RELATIONSHIP() );
#1203 = ITEM_DEFINED_TRANSFORMATION('','',#11,#81);
#1204 = PRODUCT_DEFINITION_SHAPE('Placement','Placement of an item',
  #1205);
#1205 = NEXT_ASSEMBLY_USAGE_OCCURRENCE('1','=>[0:1:1:3]','',#75,#98,$);
#1206 = PRODUCT_RELATED_PRODUCT_CATEGORY('part',$,(#100));
#1207 = CONTEXT_DEPENDENT_SHAPE_REPRESENTATION(#1208,#1210);
#1208 = ( REPRESENTATION_RELATIONSHIP('','',#80,#10) 
REPRESENTATION_RELATIONSHIP_WITH_TRANSFORMATION(#1209) 
SHAPE_REPRESENTATION_RELATIONSHIP() );
#1209 = ITEM_DEFINED_TRANSFORMATION('','',#11,#19);
#1210 = PRODUCT_DEFINITION_SHAPE('Placement','Placement of an item',
  #1211);
#1211 = NEXT_ASSEMBLY_USAGE_OCCURRENCE('3','SC6','',#5,#75,$);
#1212 = SHAPE_DEFINITION_REPRESENTATION(#1213,#1219);
#1213 = PRODUCT_DEFINITION_SHAPE('','',#1214);
#1214 = PRODUCT_DEFINITION('design','',#1215,#1218);
#1215 = PRODUCT_DEFINITION_FORMATION('','',#1216);
#1216 = PRODUCT('D_PowerDI-123','D_PowerDI-123','',(#1217));
#1217 = PRODUCT_CONTEXT('',#2,'mechanical');
#1218 = PRODUCT_DEFINITION_CONTEXT('part definition',#2,'design');
#1219 = SHAPE_REPRESENTATION('',(#11,#1220),#1224);
#1220 = AXIS2_PLACEMENT_3D('',#1221,#1222,#1223);
#1221 = CARTESIAN_POINT('',(0.,0.,0.));
#1222 = DIRECTION('',(0.,0.,1.));
#1223 = DIRECTION('',(1.,0.,-0.));
#1224 = ( GEOMETRIC_REPRESENTATION_CONTEXT(3) 
GLOBAL_UNCERTAINTY_ASSIGNED_CONTEXT((#1228)) 
GLOBAL_UNIT_ASSIGNED_CONTEXT((#1225,#1226,#1227)) REPRESENTATION_CONTEXT
('Context #1','3D Context with UNIT and UNCERTAINTY') );
#1225 = ( LENGTH_UNIT() NAMED_UNIT(*) SI_UNIT(.MILLI.,.METRE.) );
#1226 = ( NAMED_UNIT(*) PLANE_ANGLE_UNIT() SI_UNIT($,.RADIAN.) );
#1227 = ( NAMED_UNIT(*) SI_UNIT($,.STERADIAN.) SOLID_ANGLE_UNIT() );
#1228 = UNCERTAINTY_MEASURE_WITH_UNIT(LENGTH_MEASURE(1.E-07),#1225,
  'distance_accuracy_value','confusion accuracy');
#1229 = CONTEXT_DEPENDENT_SHAPE_REPRESENTATION(#1230,#1232);
#1230 = ( REPRESENTATION_RELATIONSHIP('','',#1219,#10) 
REPRESENTATION_RELATIONSHIP_WITH_TRANSFORMATION(#1231) 
SHAPE_REPRESENTATION_RELATIONSHIP() );
#1231 = ITEM_DEFINED_TRANSFORMATION('','',#11,#23);
#1232 = PRODUCT_DEFINITION_SHAPE('Placement','Placement of an item',
  #1233);
#1233 = NEXT_ASSEMBLY_USAGE_OCCURRENCE('5','D2','',#5,#1214,$);
#1234 = PRODUCT_RELATED_PRODUCT_CATEGORY('part',$,(#1216));
#1235 = SHAPE_DEFINITION_REPRESENTATION(#1236,#1242);
#1236 = PRODUCT_DEFINITION_SHAPE('','',#1237);
#1237 = PRODUCT_DEFINITION('design','',#1238,#1241);
#1238 = PRODUCT_DEFINITION_FORMATION('','',#1239);
#1239 = PRODUCT('D_PowerDI_123','D_PowerDI_123','',(#1240));
#1240 = PRODUCT_CONTEXT('',#2,'mechanical');
#1241 = PRODUCT_DEFINITION_CONTEXT('part definition',#2,'design');
#1242 = ADVANCED_BREP_SHAPE_REPRESENTATION('',(#11,#1243),#2165);
#1243 = MANIFOLD_SOLID_BREP('',#1244);
#1244 = CLOSED_SHELL('',(#1245,#1317,#1348,#1385,#1409,#1446,#1470,#1494
    ,#1518,#1535,#1566,#1583,#1614,#1665,#1696,#1719,#1742,#1771,#1802,
    #1831,#1854,#1912,#1928,#1947,#1979,#2011,#2028,#2059,#2083,#2107,
    #2124,#2141,#2153));
#1245 = ADVANCED_FACE('',(#1246),#1312,.T.);
#1246 = FACE_BOUND('',#1247,.T.);
#1247 = EDGE_LOOP('',(#1248,#1258,#1266,#1274,#1282,#1290,#1298,#1306));
#1248 = ORIENTED_EDGE('',*,*,#1249,.T.);
#1249 = EDGE_CURVE('',#1250,#1252,#1254,.T.);
#1250 = VERTEX_POINT('',#1251);
#1251 = CARTESIAN_POINT('',(-1.48741317385,-0.55,0.));
#1252 = VERTEX_POINT('',#1253);
#1253 = CARTESIAN_POINT('',(-1.48741317385,-0.5,0.));
#1254 = LINE('',#1255,#1256);
#1255 = CARTESIAN_POINT('',(-1.48741317385,-0.55,0.));
#1256 = VECTOR('',#1257,1.);
#1257 = DIRECTION('',(0.,1.,0.));
#1258 = ORIENTED_EDGE('',*,*,#1259,.T.);
#1259 = EDGE_CURVE('',#1252,#1260,#1262,.T.);
#1260 = VERTEX_POINT('',#1261);
#1261 = CARTESIAN_POINT('',(-1.95,-0.5,0.));
#1262 = LINE('',#1263,#1264);
#1263 = CARTESIAN_POINT('',(-1.48741317385,-0.5,0.));
#1264 = VECTOR('',#1265,1.);
#1265 = DIRECTION('',(-1.,2.22044604925E-16,0.));
#1266 = ORIENTED_EDGE('',*,*,#1267,.F.);
#1267 = EDGE_CURVE('',#1268,#1260,#1270,.T.);
#1268 = VERTEX_POINT('',#1269);
#1269 = CARTESIAN_POINT('',(-1.95,0.5,0.));
#1270 = LINE('',#1271,#1272);
#1271 = CARTESIAN_POINT('',(-1.95,0.5,0.));
#1272 = VECTOR('',#1273,1.);
#1273 = DIRECTION('',(-2.22044604925E-16,-1.,0.));
#1274 = ORIENTED_EDGE('',*,*,#1275,.F.);
#1275 = EDGE_CURVE('',#1276,#1268,#1278,.T.);
#1276 = VERTEX_POINT('',#1277);
#1277 = CARTESIAN_POINT('',(-1.48741317385,0.5,0.));
#1278 = LINE('',#1279,#1280);
#1279 = CARTESIAN_POINT('',(-1.48741317385,0.5,0.));
#1280 = VECTOR('',#1281,1.);
#1281 = DIRECTION('',(-1.,2.22044604925E-16,0.));
#1282 = ORIENTED_EDGE('',*,*,#1283,.T.);
#1283 = EDGE_CURVE('',#1276,#1284,#1286,.T.);
#1284 = VERTEX_POINT('',#1285);
#1285 = CARTESIAN_POINT('',(-1.48741317385,0.55,0.));
#1286 = LINE('',#1287,#1288);
#1287 = CARTESIAN_POINT('',(-1.48741317385,-0.55,0.));
#1288 = VECTOR('',#1289,1.);
#1289 = DIRECTION('',(0.,1.,0.));
#1290 = ORIENTED_EDGE('',*,*,#1291,.T.);
#1291 = EDGE_CURVE('',#1284,#1292,#1294,.T.);
#1292 = VERTEX_POINT('',#1293);
#1293 = CARTESIAN_POINT('',(-0.13741317385,0.55,0.));
#1294 = LINE('',#1295,#1296);
#1295 = CARTESIAN_POINT('',(-1.48741317385,0.55,0.));
#1296 = VECTOR('',#1297,1.);
#1297 = DIRECTION('',(1.,0.,0.));
#1298 = ORIENTED_EDGE('',*,*,#1299,.F.);
#1299 = EDGE_CURVE('',#1300,#1292,#1302,.T.);
#1300 = VERTEX_POINT('',#1301);
#1301 = CARTESIAN_POINT('',(-0.13741317385,-0.55,0.));
#1302 = LINE('',#1303,#1304);
#1303 = CARTESIAN_POINT('',(-0.13741317385,-0.55,0.));
#1304 = VECTOR('',#1305,1.);
#1305 = DIRECTION('',(0.,1.,0.));
#1306 = ORIENTED_EDGE('',*,*,#1307,.F.);
#1307 = EDGE_CURVE('',#1250,#1300,#1308,.T.);
#1308 = LINE('',#1309,#1310);
#1309 = CARTESIAN_POINT('',(-1.48741317385,-0.55,0.));
#1310 = VECTOR('',#1311,1.);
#1311 = DIRECTION('',(1.,0.,0.));
#1312 = PLANE('',#1313);
#1313 = AXIS2_PLACEMENT_3D('',#1314,#1315,#1316);
#1314 = CARTESIAN_POINT('',(-1.035765418923,7.623621824128E-17,0.));
#1315 = DIRECTION('',(-0.,-0.,-1.));
#1316 = DIRECTION('',(-1.,0.,0.));
#1317 = ADVANCED_FACE('',(#1318),#1343,.F.);
#1318 = FACE_BOUND('',#1319,.F.);
#1319 = EDGE_LOOP('',(#1320,#1330,#1336,#1337));
#1320 = ORIENTED_EDGE('',*,*,#1321,.F.);
#1321 = EDGE_CURVE('',#1322,#1324,#1326,.T.);
#1322 = VERTEX_POINT('',#1323);
#1323 = CARTESIAN_POINT('',(-1.48741317385,-0.55,2.E-02));
#1324 = VERTEX_POINT('',#1325);
#1325 = CARTESIAN_POINT('',(-1.48741317385,-0.5,2.E-02));
#1326 = LINE('',#1327,#1328);
#1327 = CARTESIAN_POINT('',(-1.48741317385,-0.55,2.E-02));
#1328 = VECTOR('',#1329,1.);
#1329 = DIRECTION('',(0.,1.,0.));
#1330 = ORIENTED_EDGE('',*,*,#1331,.F.);
#1331 = EDGE_CURVE('',#1250,#1322,#1332,.T.);
#1332 = LINE('',#1333,#1334);
#1333 = CARTESIAN_POINT('',(-1.48741317385,-0.55,0.));
#1334 = VECTOR('',#1335,1.);
#1335 = DIRECTION('',(0.,0.,1.));
#1336 = ORIENTED_EDGE('',*,*,#1249,.T.);
#1337 = ORIENTED_EDGE('',*,*,#1338,.T.);
#1338 = EDGE_CURVE('',#1252,#1324,#1339,.T.);
#1339 = LINE('',#1340,#1341);
#1340 = CARTESIAN_POINT('',(-1.48741317385,-0.5,0.));
#1341 = VECTOR('',#1342,1.);
#1342 = DIRECTION('',(0.,0.,1.));
#1343 = PLANE('',#1344);
#1344 = AXIS2_PLACEMENT_3D('',#1345,#1346,#1347);
#1345 = CARTESIAN_POINT('',(-1.48741317385,-0.55,0.));
#1346 = DIRECTION('',(1.,0.,0.));
#1347 = DIRECTION('',(0.,0.,1.));
#1348 = ADVANCED_FACE('',(#1349),#1380,.T.);
#1349 = FACE_BOUND('',#1350,.T.);
#1350 = EDGE_LOOP('',(#1351,#1359,#1360,#1361,#1374));
#1351 = ORIENTED_EDGE('',*,*,#1352,.F.);
#1352 = EDGE_CURVE('',#1260,#1353,#1355,.T.);
#1353 = VERTEX_POINT('',#1354);
#1354 = CARTESIAN_POINT('',(-1.95,-0.5,0.2));
#1355 = LINE('',#1356,#1357);
#1356 = CARTESIAN_POINT('',(-1.95,-0.5,0.));
#1357 = VECTOR('',#1358,1.);
#1358 = DIRECTION('',(0.,0.,1.));
#1359 = ORIENTED_EDGE('',*,*,#1259,.F.);
#1360 = ORIENTED_EDGE('',*,*,#1338,.T.);
#1361 = ORIENTED_EDGE('',*,*,#1362,.T.);
#1362 = EDGE_CURVE('',#1324,#1363,#1365,.T.);
#1363 = VERTEX_POINT('',#1364);
#1364 = CARTESIAN_POINT('',(-1.5,-0.5,0.2));
#1365 = B_SPLINE_CURVE_WITH_KNOTS('',7,(#1366,#1367,#1368,#1369,#1370,
    #1371,#1372,#1373),.UNSPECIFIED.,.F.,.F.,(8,8),(0.,1.),
  .PIECEWISE_BEZIER_KNOTS.);
#1366 = CARTESIAN_POINT('',(-1.48741317385,-0.5,2.E-02));
#1367 = CARTESIAN_POINT('',(-1.489640693444,-0.5,5.185501429196E-02));
#1368 = CARTESIAN_POINT('',(-1.491198745064,-0.5,7.413619051896E-02));
#1369 = CARTESIAN_POINT('',(-1.492845643126,-0.5,9.768793006688E-02));
#1370 = CARTESIAN_POINT('',(-1.494972383276,-0.5,0.128101731166));
#1371 = CARTESIAN_POINT('',(-1.497523763049,-0.5,0.164588161795));
#1372 = CARTESIAN_POINT('',(-1.499780599507,-0.5,0.19686242678));
#1373 = CARTESIAN_POINT('',(-1.5,-0.5,0.2));
#1374 = ORIENTED_EDGE('',*,*,#1375,.T.);
#1375 = EDGE_CURVE('',#1363,#1353,#1376,.T.);
#1376 = LINE('',#1377,#1378);
#1377 = CARTESIAN_POINT('',(-1.48741317385,-0.5,0.2));
#1378 = VECTOR('',#1379,1.);
#1379 = DIRECTION('',(-1.,2.22044604925E-16,0.));
#1380 = PLANE('',#1381);
#1381 = AXIS2_PLACEMENT_3D('',#1382,#1383,#1384);
#1382 = CARTESIAN_POINT('',(-1.48741317385,-0.5,0.));
#1383 = DIRECTION('',(-2.22044604925E-16,-1.,0.));
#1384 = DIRECTION('',(0.,0.,1.));
#1385 = ADVANCED_FACE('',(#1386),#1404,.T.);
#1386 = FACE_BOUND('',#1387,.T.);
#1387 = EDGE_LOOP('',(#1388,#1396,#1397,#1398));
#1388 = ORIENTED_EDGE('',*,*,#1389,.F.);
#1389 = EDGE_CURVE('',#1268,#1390,#1392,.T.);
#1390 = VERTEX_POINT('',#1391);
#1391 = CARTESIAN_POINT('',(-1.95,0.5,0.2));
#1392 = LINE('',#1393,#1394);
#1393 = CARTESIAN_POINT('',(-1.95,0.5,0.));
#1394 = VECTOR('',#1395,1.);
#1395 = DIRECTION('',(0.,0.,1.));
#1396 = ORIENTED_EDGE('',*,*,#1267,.T.);
#1397 = ORIENTED_EDGE('',*,*,#1352,.T.);
#1398 = ORIENTED_EDGE('',*,*,#1399,.F.);
#1399 = EDGE_CURVE('',#1390,#1353,#1400,.T.);
#1400 = LINE('',#1401,#1402);
#1401 = CARTESIAN_POINT('',(-1.95,0.5,0.2));
#1402 = VECTOR('',#1403,1.);
#1403 = DIRECTION('',(-2.22044604925E-16,-1.,0.));
#1404 = PLANE('',#1405);
#1405 = AXIS2_PLACEMENT_3D('',#1406,#1407,#1408);
#1406 = CARTESIAN_POINT('',(-1.95,0.5,0.));
#1407 = DIRECTION('',(-1.,2.22044604925E-16,0.));
#1408 = DIRECTION('',(0.,0.,1.));
#1409 = ADVANCED_FACE('',(#1410),#1441,.F.);
#1410 = FACE_BOUND('',#1411,.F.);
#1411 = EDGE_LOOP('',(#1412,#1413,#1414,#1422,#1435));
#1412 = ORIENTED_EDGE('',*,*,#1389,.F.);
#1413 = ORIENTED_EDGE('',*,*,#1275,.F.);
#1414 = ORIENTED_EDGE('',*,*,#1415,.T.);
#1415 = EDGE_CURVE('',#1276,#1416,#1418,.T.);
#1416 = VERTEX_POINT('',#1417);
#1417 = CARTESIAN_POINT('',(-1.48741317385,0.5,2.E-02));
#1418 = LINE('',#1419,#1420);
#1419 = CARTESIAN_POINT('',(-1.48741317385,0.5,0.));
#1420 = VECTOR('',#1421,1.);
#1421 = DIRECTION('',(0.,0.,1.));
#1422 = ORIENTED_EDGE('',*,*,#1423,.T.);
#1423 = EDGE_CURVE('',#1416,#1424,#1426,.T.);
#1424 = VERTEX_POINT('',#1425);
#1425 = CARTESIAN_POINT('',(-1.5,0.5,0.2));
#1426 = B_SPLINE_CURVE_WITH_KNOTS('',7,(#1427,#1428,#1429,#1430,#1431,
    #1432,#1433,#1434),.UNSPECIFIED.,.F.,.F.,(8,8),(0.,1.),
  .PIECEWISE_BEZIER_KNOTS.);
#1427 = CARTESIAN_POINT('',(-1.48741317385,0.5,2.E-02));
#1428 = CARTESIAN_POINT('',(-1.489640693444,0.5,5.185501429196E-02));
#1429 = CARTESIAN_POINT('',(-1.491198745064,0.5,7.413619051895E-02));
#1430 = CARTESIAN_POINT('',(-1.492845643126,0.5,9.768793006689E-02));
#1431 = CARTESIAN_POINT('',(-1.494972383276,0.5,0.128101731166));
#1432 = CARTESIAN_POINT('',(-1.497523763049,0.5,0.164588161795));
#1433 = CARTESIAN_POINT('',(-1.499780599507,0.5,0.19686242678));
#1434 = CARTESIAN_POINT('',(-1.5,0.5,0.2));
#1435 = ORIENTED_EDGE('',*,*,#1436,.T.);
#1436 = EDGE_CURVE('',#1424,#1390,#1437,.T.);
#1437 = LINE('',#1438,#1439);
#1438 = CARTESIAN_POINT('',(-1.48741317385,0.5,0.2));
#1439 = VECTOR('',#1440,1.);
#1440 = DIRECTION('',(-1.,2.22044604925E-16,0.));
#1441 = PLANE('',#1442);
#1442 = AXIS2_PLACEMENT_3D('',#1443,#1444,#1445);
#1443 = CARTESIAN_POINT('',(-1.48741317385,0.5,0.));
#1444 = DIRECTION('',(-2.22044604925E-16,-1.,0.));
#1445 = DIRECTION('',(0.,0.,1.));
#1446 = ADVANCED_FACE('',(#1447),#1465,.F.);
#1447 = FACE_BOUND('',#1448,.F.);
#1448 = EDGE_LOOP('',(#1449,#1457,#1458,#1459));
#1449 = ORIENTED_EDGE('',*,*,#1450,.T.);
#1450 = EDGE_CURVE('',#1451,#1416,#1453,.T.);
#1451 = VERTEX_POINT('',#1452);
#1452 = CARTESIAN_POINT('',(-1.48741317385,0.55,2.E-02));
#1453 = LINE('',#1454,#1455);
#1454 = CARTESIAN_POINT('',(-1.48741317385,0.95241317385,2.E-02));
#1455 = VECTOR('',#1456,1.);
#1456 = DIRECTION('',(0.,-1.,0.));
#1457 = ORIENTED_EDGE('',*,*,#1415,.F.);
#1458 = ORIENTED_EDGE('',*,*,#1283,.T.);
#1459 = ORIENTED_EDGE('',*,*,#1460,.T.);
#1460 = EDGE_CURVE('',#1284,#1451,#1461,.T.);
#1461 = LINE('',#1462,#1463);
#1462 = CARTESIAN_POINT('',(-1.48741317385,0.55,0.));
#1463 = VECTOR('',#1464,1.);
#1464 = DIRECTION('',(0.,0.,1.));
#1465 = PLANE('',#1466);
#1466 = AXIS2_PLACEMENT_3D('',#1467,#1468,#1469);
#1467 = CARTESIAN_POINT('',(-1.48741317385,-0.55,0.));
#1468 = DIRECTION('',(1.,0.,0.));
#1469 = DIRECTION('',(0.,0.,1.));
#1470 = ADVANCED_FACE('',(#1471),#1489,.T.);
#1471 = FACE_BOUND('',#1472,.T.);
#1472 = EDGE_LOOP('',(#1473,#1474,#1475,#1483));
#1473 = ORIENTED_EDGE('',*,*,#1291,.F.);
#1474 = ORIENTED_EDGE('',*,*,#1460,.T.);
#1475 = ORIENTED_EDGE('',*,*,#1476,.T.);
#1476 = EDGE_CURVE('',#1451,#1477,#1479,.T.);
#1477 = VERTEX_POINT('',#1478);
#1478 = CARTESIAN_POINT('',(-0.13741317385,0.55,2.E-02));
#1479 = LINE('',#1480,#1481);
#1480 = CARTESIAN_POINT('',(-1.48741317385,0.55,2.E-02));
#1481 = VECTOR('',#1482,1.);
#1482 = DIRECTION('',(1.,0.,0.));
#1483 = ORIENTED_EDGE('',*,*,#1484,.F.);
#1484 = EDGE_CURVE('',#1292,#1477,#1485,.T.);
#1485 = LINE('',#1486,#1487);
#1486 = CARTESIAN_POINT('',(-0.13741317385,0.55,0.));
#1487 = VECTOR('',#1488,1.);
#1488 = DIRECTION('',(0.,0.,1.));
#1489 = PLANE('',#1490);
#1490 = AXIS2_PLACEMENT_3D('',#1491,#1492,#1493);
#1491 = CARTESIAN_POINT('',(-1.48741317385,0.55,0.));
#1492 = DIRECTION('',(0.,1.,0.));
#1493 = DIRECTION('',(0.,-0.,1.));
#1494 = ADVANCED_FACE('',(#1495),#1513,.T.);
#1495 = FACE_BOUND('',#1496,.T.);
#1496 = EDGE_LOOP('',(#1497,#1505,#1506,#1507));
#1497 = ORIENTED_EDGE('',*,*,#1498,.F.);
#1498 = EDGE_CURVE('',#1300,#1499,#1501,.T.);
#1499 = VERTEX_POINT('',#1500);
#1500 = CARTESIAN_POINT('',(-0.13741317385,-0.55,2.E-02));
#1501 = LINE('',#1502,#1503);
#1502 = CARTESIAN_POINT('',(-0.13741317385,-0.55,0.));
#1503 = VECTOR('',#1504,1.);
#1504 = DIRECTION('',(0.,0.,1.));
#1505 = ORIENTED_EDGE('',*,*,#1299,.T.);
#1506 = ORIENTED_EDGE('',*,*,#1484,.T.);
#1507 = ORIENTED_EDGE('',*,*,#1508,.F.);
#1508 = EDGE_CURVE('',#1499,#1477,#1509,.T.);
#1509 = LINE('',#1510,#1511);
#1510 = CARTESIAN_POINT('',(-0.13741317385,-0.55,2.E-02));
#1511 = VECTOR('',#1512,1.);
#1512 = DIRECTION('',(0.,1.,0.));
#1513 = PLANE('',#1514);
#1514 = AXIS2_PLACEMENT_3D('',#1515,#1516,#1517);
#1515 = CARTESIAN_POINT('',(-0.13741317385,-0.55,0.));
#1516 = DIRECTION('',(1.,0.,0.));
#1517 = DIRECTION('',(0.,0.,1.));
#1518 = ADVANCED_FACE('',(#1519),#1530,.F.);
#1519 = FACE_BOUND('',#1520,.F.);
#1520 = EDGE_LOOP('',(#1521,#1522,#1523,#1529));
#1521 = ORIENTED_EDGE('',*,*,#1307,.F.);
#1522 = ORIENTED_EDGE('',*,*,#1331,.T.);
#1523 = ORIENTED_EDGE('',*,*,#1524,.T.);
#1524 = EDGE_CURVE('',#1322,#1499,#1525,.T.);
#1525 = LINE('',#1526,#1527);
#1526 = CARTESIAN_POINT('',(-1.48741317385,-0.55,2.E-02));
#1527 = VECTOR('',#1528,1.);
#1528 = DIRECTION('',(1.,0.,0.));
#1529 = ORIENTED_EDGE('',*,*,#1498,.F.);
#1530 = PLANE('',#1531);
#1531 = AXIS2_PLACEMENT_3D('',#1532,#1533,#1534);
#1532 = CARTESIAN_POINT('',(-1.48741317385,-0.55,0.));
#1533 = DIRECTION('',(0.,1.,0.));
#1534 = DIRECTION('',(0.,-0.,1.));
#1535 = ADVANCED_FACE('',(#1536),#1561,.T.);
#1536 = FACE_BOUND('',#1537,.T.);
#1537 = EDGE_LOOP('',(#1538,#1539,#1540,#1548,#1555));
#1538 = ORIENTED_EDGE('',*,*,#1362,.F.);
#1539 = ORIENTED_EDGE('',*,*,#1321,.F.);
#1540 = ORIENTED_EDGE('',*,*,#1541,.T.);
#1541 = EDGE_CURVE('',#1322,#1542,#1544,.T.);
#1542 = VERTEX_POINT('',#1543);
#1543 = CARTESIAN_POINT('',(-1.48741317385,-0.95241317385,2.E-02));
#1544 = LINE('',#1545,#1546);
#1545 = CARTESIAN_POINT('',(-1.48741317385,0.95241317385,2.E-02));
#1546 = VECTOR('',#1547,1.);
#1547 = DIRECTION('',(0.,-1.,0.));
#1548 = ORIENTED_EDGE('',*,*,#1549,.T.);
#1549 = EDGE_CURVE('',#1542,#1550,#1552,.T.);
#1550 = VERTEX_POINT('',#1551);
#1551 = CARTESIAN_POINT('',(-1.5,-0.965,0.2));
#1552 = B_SPLINE_CURVE_WITH_KNOTS('',1,(#1553,#1554),.UNSPECIFIED.,.F.,
  .F.,(2,2),(0.,1.),.PIECEWISE_BEZIER_KNOTS.);
#1553 = CARTESIAN_POINT('',(-1.48741317385,-0.95241317385,2.E-02));
#1554 = CARTESIAN_POINT('',(-1.5,-0.965,0.2));
#1555 = ORIENTED_EDGE('',*,*,#1556,.F.);
#1556 = EDGE_CURVE('',#1363,#1550,#1557,.T.);
#1557 = LINE('',#1558,#1559);
#1558 = CARTESIAN_POINT('',(-1.5,0.965,0.2));
#1559 = VECTOR('',#1560,1.);
#1560 = DIRECTION('',(0.,-1.,0.));
#1561 = B_SPLINE_SURFACE_WITH_KNOTS('',1,1,(
    (#1562,#1563)
    ,(#1564,#1565
    )),.UNSPECIFIED.,.F.,.F.,.F.,(2,2),(2,2),(0.,1.93),(0.,1.),
  .PIECEWISE_BEZIER_KNOTS.);
#1562 = CARTESIAN_POINT('',(-1.48741317385,0.95241317385,2.E-02));
#1563 = CARTESIAN_POINT('',(-1.5,0.965,0.2));
#1564 = CARTESIAN_POINT('',(-1.48741317385,-0.95241317385,2.E-02));
#1565 = CARTESIAN_POINT('',(-1.5,-0.965,0.2));
#1566 = ADVANCED_FACE('',(#1567),#1578,.T.);
#1567 = FACE_BOUND('',#1568,.T.);
#1568 = EDGE_LOOP('',(#1569,#1575,#1576,#1577));
#1569 = ORIENTED_EDGE('',*,*,#1570,.F.);
#1570 = EDGE_CURVE('',#1424,#1363,#1571,.T.);
#1571 = LINE('',#1572,#1573);
#1572 = CARTESIAN_POINT('',(-1.5,0.965,0.2));
#1573 = VECTOR('',#1574,1.);
#1574 = DIRECTION('',(0.,-1.,0.));
#1575 = ORIENTED_EDGE('',*,*,#1436,.T.);
#1576 = ORIENTED_EDGE('',*,*,#1399,.T.);
#1577 = ORIENTED_EDGE('',*,*,#1375,.F.);
#1578 = PLANE('',#1579);
#1579 = AXIS2_PLACEMENT_3D('',#1580,#1581,#1582);
#1580 = CARTESIAN_POINT('',(-1.48741317385,0.5,0.2));
#1581 = DIRECTION('',(0.,0.,1.));
#1582 = DIRECTION('',(-1.,2.22044604925E-16,0.));
#1583 = ADVANCED_FACE('',(#1584),#1609,.T.);
#1584 = FACE_BOUND('',#1585,.T.);
#1585 = EDGE_LOOP('',(#1586,#1595,#1601,#1602,#1603));
#1586 = ORIENTED_EDGE('',*,*,#1587,.F.);
#1587 = EDGE_CURVE('',#1588,#1590,#1592,.T.);
#1588 = VERTEX_POINT('',#1589);
#1589 = CARTESIAN_POINT('',(-1.48741317385,0.95241317385,2.E-02));
#1590 = VERTEX_POINT('',#1591);
#1591 = CARTESIAN_POINT('',(-1.5,0.965,0.2));
#1592 = B_SPLINE_CURVE_WITH_KNOTS('',1,(#1593,#1594),.UNSPECIFIED.,.F.,
  .F.,(2,2),(0.,1.),.PIECEWISE_BEZIER_KNOTS.);
#1593 = CARTESIAN_POINT('',(-1.48741317385,0.95241317385,2.E-02));
#1594 = CARTESIAN_POINT('',(-1.5,0.965,0.2));
#1595 = ORIENTED_EDGE('',*,*,#1596,.T.);
#1596 = EDGE_CURVE('',#1588,#1451,#1597,.T.);
#1597 = LINE('',#1598,#1599);
#1598 = CARTESIAN_POINT('',(-1.48741317385,0.95241317385,2.E-02));
#1599 = VECTOR('',#1600,1.);
#1600 = DIRECTION('',(0.,-1.,0.));
#1601 = ORIENTED_EDGE('',*,*,#1450,.T.);
#1602 = ORIENTED_EDGE('',*,*,#1423,.T.);
#1603 = ORIENTED_EDGE('',*,*,#1604,.F.);
#1604 = EDGE_CURVE('',#1590,#1424,#1605,.T.);
#1605 = LINE('',#1606,#1607);
#1606 = CARTESIAN_POINT('',(-1.5,0.965,0.2));
#1607 = VECTOR('',#1608,1.);
#1608 = DIRECTION('',(0.,-1.,0.));
#1609 = B_SPLINE_SURFACE_WITH_KNOTS('',1,1,(
    (#1610,#1611)
    ,(#1612,#1613
    )),.UNSPECIFIED.,.F.,.F.,.F.,(2,2),(2,2),(0.,1.93),(0.,1.),
  .PIECEWISE_BEZIER_KNOTS.);
#1610 = CARTESIAN_POINT('',(-1.48741317385,0.95241317385,2.E-02));
#1611 = CARTESIAN_POINT('',(-1.5,0.965,0.2));
#1612 = CARTESIAN_POINT('',(-1.48741317385,-0.95241317385,2.E-02));
#1613 = CARTESIAN_POINT('',(-1.5,-0.965,0.2));
#1614 = ADVANCED_FACE('',(#1615),#1660,.T.);
#1615 = FACE_BOUND('',#1616,.T.);
#1616 = EDGE_LOOP('',(#1617,#1625,#1626,#1627,#1628,#1629,#1630,#1638,
    #1646,#1654));
#1617 = ORIENTED_EDGE('',*,*,#1618,.F.);
#1618 = EDGE_CURVE('',#1542,#1619,#1621,.T.);
#1619 = VERTEX_POINT('',#1620);
#1620 = CARTESIAN_POINT('',(1.48741317385,-0.95241317385,2.E-02));
#1621 = LINE('',#1622,#1623);
#1622 = CARTESIAN_POINT('',(-1.48741317385,-0.95241317385,2.E-02));
#1623 = VECTOR('',#1624,1.);
#1624 = DIRECTION('',(1.,0.,0.));
#1625 = ORIENTED_EDGE('',*,*,#1541,.F.);
#1626 = ORIENTED_EDGE('',*,*,#1524,.T.);
#1627 = ORIENTED_EDGE('',*,*,#1508,.T.);
#1628 = ORIENTED_EDGE('',*,*,#1476,.F.);
#1629 = ORIENTED_EDGE('',*,*,#1596,.F.);
#1630 = ORIENTED_EDGE('',*,*,#1631,.F.);
#1631 = EDGE_CURVE('',#1632,#1588,#1634,.T.);
#1632 = VERTEX_POINT('',#1633);
#1633 = CARTESIAN_POINT('',(1.48741317385,0.95241317385,2.E-02));
#1634 = LINE('',#1635,#1636);
#1635 = CARTESIAN_POINT('',(1.48741317385,0.95241317385,2.E-02));
#1636 = VECTOR('',#1637,1.);
#1637 = DIRECTION('',(-1.,0.,0.));
#1638 = ORIENTED_EDGE('',*,*,#1639,.F.);
#1639 = EDGE_CURVE('',#1640,#1632,#1642,.T.);
#1640 = VERTEX_POINT('',#1641);
#1641 = CARTESIAN_POINT('',(1.48741317385,0.5,2.E-02));
#1642 = LINE('',#1643,#1644);
#1643 = CARTESIAN_POINT('',(1.48741317385,-0.95241317385,2.E-02));
#1644 = VECTOR('',#1645,1.);
#1645 = DIRECTION('',(0.,1.,0.));
#1646 = ORIENTED_EDGE('',*,*,#1647,.F.);
#1647 = EDGE_CURVE('',#1648,#1640,#1650,.T.);
#1648 = VERTEX_POINT('',#1649);
#1649 = CARTESIAN_POINT('',(1.48741317385,-0.5,2.E-02));
#1650 = LINE('',#1651,#1652);
#1651 = CARTESIAN_POINT('',(1.48741317385,-0.95241317385,2.E-02));
#1652 = VECTOR('',#1653,1.);
#1653 = DIRECTION('',(0.,1.,0.));
#1654 = ORIENTED_EDGE('',*,*,#1655,.F.);
#1655 = EDGE_CURVE('',#1619,#1648,#1656,.T.);
#1656 = LINE('',#1657,#1658);
#1657 = CARTESIAN_POINT('',(1.48741317385,-0.95241317385,2.E-02));
#1658 = VECTOR('',#1659,1.);
#1659 = DIRECTION('',(0.,1.,0.));
#1660 = PLANE('',#1661);
#1661 = AXIS2_PLACEMENT_3D('',#1662,#1663,#1664);
#1662 = CARTESIAN_POINT('',(-1.48741317385,-0.95241317385,2.E-02));
#1663 = DIRECTION('',(0.,0.,-1.));
#1664 = DIRECTION('',(0.842150882467,0.539241959754,0.));
#1665 = ADVANCED_FACE('',(#1666),#1691,.T.);
#1666 = FACE_BOUND('',#1667,.T.);
#1667 = EDGE_LOOP('',(#1668,#1669,#1670,#1671,#1678,#1686));
#1668 = ORIENTED_EDGE('',*,*,#1604,.T.);
#1669 = ORIENTED_EDGE('',*,*,#1570,.T.);
#1670 = ORIENTED_EDGE('',*,*,#1556,.T.);
#1671 = ORIENTED_EDGE('',*,*,#1672,.T.);
#1672 = EDGE_CURVE('',#1550,#1673,#1675,.T.);
#1673 = VERTEX_POINT('',#1674);
#1674 = CARTESIAN_POINT('',(-1.444058550445,-0.909058550445,1.));
#1675 = B_SPLINE_CURVE_WITH_KNOTS('',1,(#1676,#1677),.UNSPECIFIED.,.F.,
  .F.,(2,2),(0.,1.),.PIECEWISE_BEZIER_KNOTS.);
#1676 = CARTESIAN_POINT('',(-1.5,-0.965,0.2));
#1677 = CARTESIAN_POINT('',(-1.444058550445,-0.909058550445,1.));
#1678 = ORIENTED_EDGE('',*,*,#1679,.F.);
#1679 = EDGE_CURVE('',#1680,#1673,#1682,.T.);
#1680 = VERTEX_POINT('',#1681);
#1681 = CARTESIAN_POINT('',(-1.444058550445,0.909058550445,1.));
#1682 = LINE('',#1683,#1684);
#1683 = CARTESIAN_POINT('',(-1.444058550445,0.909058550445,1.));
#1684 = VECTOR('',#1685,1.);
#1685 = DIRECTION('',(0.,-1.,0.));
#1686 = ORIENTED_EDGE('',*,*,#1687,.F.);
#1687 = EDGE_CURVE('',#1590,#1680,#1688,.T.);
#1688 = B_SPLINE_CURVE_WITH_KNOTS('',1,(#1689,#1690),.UNSPECIFIED.,.F.,
  .F.,(2,2),(0.,1.),.PIECEWISE_BEZIER_KNOTS.);
#1689 = CARTESIAN_POINT('',(-1.5,0.965,0.2));
#1690 = CARTESIAN_POINT('',(-1.444058550445,0.909058550445,1.));
#1691 = B_SPLINE_SURFACE_WITH_KNOTS('',1,1,(
    (#1692,#1693)
    ,(#1694,#1695
    )),.UNSPECIFIED.,.F.,.F.,.F.,(2,2),(2,2),(0.,1.93),(0.,1.),
  .PIECEWISE_BEZIER_KNOTS.);
#1692 = CARTESIAN_POINT('',(-1.5,0.965,0.2));
#1693 = CARTESIAN_POINT('',(-1.444058550445,0.909058550445,1.));
#1694 = CARTESIAN_POINT('',(-1.5,-0.965,0.2));
#1695 = CARTESIAN_POINT('',(-1.444058550445,-0.909058550445,1.));
#1696 = ADVANCED_FACE('',(#1697),#1714,.T.);
#1697 = FACE_BOUND('',#1698,.T.);
#1698 = EDGE_LOOP('',(#1699,#1700,#1707,#1713));
#1699 = ORIENTED_EDGE('',*,*,#1618,.T.);
#1700 = ORIENTED_EDGE('',*,*,#1701,.T.);
#1701 = EDGE_CURVE('',#1619,#1702,#1704,.T.);
#1702 = VERTEX_POINT('',#1703);
#1703 = CARTESIAN_POINT('',(1.5,-0.965,0.2));
#1704 = B_SPLINE_CURVE_WITH_KNOTS('',1,(#1705,#1706),.UNSPECIFIED.,.F.,
  .F.,(2,2),(0.,1.),.PIECEWISE_BEZIER_KNOTS.);
#1705 = CARTESIAN_POINT('',(1.48741317385,-0.95241317385,2.E-02));
#1706 = CARTESIAN_POINT('',(1.5,-0.965,0.2));
#1707 = ORIENTED_EDGE('',*,*,#1708,.F.);
#1708 = EDGE_CURVE('',#1550,#1702,#1709,.T.);
#1709 = LINE('',#1710,#1711);
#1710 = CARTESIAN_POINT('',(-1.5,-0.965,0.2));
#1711 = VECTOR('',#1712,1.);
#1712 = DIRECTION('',(1.,0.,0.));
#1713 = ORIENTED_EDGE('',*,*,#1549,.F.);
#1714 = B_SPLINE_SURFACE_WITH_KNOTS('',1,1,(
    (#1715,#1716)
    ,(#1717,#1718
    )),.UNSPECIFIED.,.F.,.F.,.F.,(2,2),(2,2),(0.,3.),(0.,1.),
  .PIECEWISE_BEZIER_KNOTS.);
#1715 = CARTESIAN_POINT('',(-1.48741317385,-0.95241317385,2.E-02));
#1716 = CARTESIAN_POINT('',(-1.5,-0.965,0.2));
#1717 = CARTESIAN_POINT('',(1.48741317385,-0.95241317385,2.E-02));
#1718 = CARTESIAN_POINT('',(1.5,-0.965,0.2));
#1719 = ADVANCED_FACE('',(#1720),#1737,.T.);
#1720 = FACE_BOUND('',#1721,.T.);
#1721 = EDGE_LOOP('',(#1722,#1723,#1724,#1732));
#1722 = ORIENTED_EDGE('',*,*,#1631,.T.);
#1723 = ORIENTED_EDGE('',*,*,#1587,.T.);
#1724 = ORIENTED_EDGE('',*,*,#1725,.F.);
#1725 = EDGE_CURVE('',#1726,#1590,#1728,.T.);
#1726 = VERTEX_POINT('',#1727);
#1727 = CARTESIAN_POINT('',(1.5,0.965,0.2));
#1728 = LINE('',#1729,#1730);
#1729 = CARTESIAN_POINT('',(1.5,0.965,0.2));
#1730 = VECTOR('',#1731,1.);
#1731 = DIRECTION('',(-1.,0.,0.));
#1732 = ORIENTED_EDGE('',*,*,#1733,.F.);
#1733 = EDGE_CURVE('',#1632,#1726,#1734,.T.);
#1734 = B_SPLINE_CURVE_WITH_KNOTS('',1,(#1735,#1736),.UNSPECIFIED.,.F.,
  .F.,(2,2),(0.,1.),.PIECEWISE_BEZIER_KNOTS.);
#1735 = CARTESIAN_POINT('',(1.48741317385,0.95241317385,2.E-02));
#1736 = CARTESIAN_POINT('',(1.5,0.965,0.2));
#1737 = B_SPLINE_SURFACE_WITH_KNOTS('',1,1,(
    (#1738,#1739)
    ,(#1740,#1741
    )),.UNSPECIFIED.,.F.,.F.,.F.,(2,2),(2,2),(0.,3.),(0.,1.),
  .PIECEWISE_BEZIER_KNOTS.);
#1738 = CARTESIAN_POINT('',(1.48741317385,0.95241317385,2.E-02));
#1739 = CARTESIAN_POINT('',(1.5,0.965,0.2));
#1740 = CARTESIAN_POINT('',(-1.48741317385,0.95241317385,2.E-02));
#1741 = CARTESIAN_POINT('',(-1.5,0.965,0.2));
#1742 = ADVANCED_FACE('',(#1743),#1766,.T.);
#1743 = FACE_BOUND('',#1744,.T.);
#1744 = EDGE_LOOP('',(#1745,#1746,#1747,#1760));
#1745 = ORIENTED_EDGE('',*,*,#1701,.F.);
#1746 = ORIENTED_EDGE('',*,*,#1655,.T.);
#1747 = ORIENTED_EDGE('',*,*,#1748,.T.);
#1748 = EDGE_CURVE('',#1648,#1749,#1751,.T.);
#1749 = VERTEX_POINT('',#1750);
#1750 = CARTESIAN_POINT('',(1.5,-0.5,0.2));
#1751 = B_SPLINE_CURVE_WITH_KNOTS('',7,(#1752,#1753,#1754,#1755,#1756,
    #1757,#1758,#1759),.UNSPECIFIED.,.F.,.F.,(8,8),(0.,1.),
  .PIECEWISE_BEZIER_KNOTS.);
#1752 = CARTESIAN_POINT('',(1.48741317385,-0.5,2.E-02));
#1753 = CARTESIAN_POINT('',(1.489640693444,-0.5,5.185501429197E-02));
#1754 = CARTESIAN_POINT('',(1.491198745064,-0.5,7.413619051894E-02));
#1755 = CARTESIAN_POINT('',(1.492845643126,-0.5,9.768793006691E-02));
#1756 = CARTESIAN_POINT('',(1.494972383276,-0.5,0.128101731166));
#1757 = CARTESIAN_POINT('',(1.497523763049,-0.5,0.164588161795));
#1758 = CARTESIAN_POINT('',(1.499780599507,-0.5,0.19686242678));
#1759 = CARTESIAN_POINT('',(1.5,-0.5,0.2));
#1760 = ORIENTED_EDGE('',*,*,#1761,.F.);
#1761 = EDGE_CURVE('',#1702,#1749,#1762,.T.);
#1762 = LINE('',#1763,#1764);
#1763 = CARTESIAN_POINT('',(1.5,-0.965,0.2));
#1764 = VECTOR('',#1765,1.);
#1765 = DIRECTION('',(0.,1.,0.));
#1766 = B_SPLINE_SURFACE_WITH_KNOTS('',1,1,(
    (#1767,#1768)
    ,(#1769,#1770
    )),.UNSPECIFIED.,.F.,.F.,.F.,(2,2),(2,2),(0.,1.93),(0.,1.),
  .PIECEWISE_BEZIER_KNOTS.);
#1767 = CARTESIAN_POINT('',(1.48741317385,-0.95241317385,2.E-02));
#1768 = CARTESIAN_POINT('',(1.5,-0.965,0.2));
#1769 = CARTESIAN_POINT('',(1.48741317385,0.95241317385,2.E-02));
#1770 = CARTESIAN_POINT('',(1.5,0.965,0.2));
#1771 = ADVANCED_FACE('',(#1772),#1797,.F.);
#1772 = FACE_BOUND('',#1773,.F.);
#1773 = EDGE_LOOP('',(#1774,#1782,#1790,#1796));
#1774 = ORIENTED_EDGE('',*,*,#1775,.F.);
#1775 = EDGE_CURVE('',#1776,#1648,#1778,.T.);
#1776 = VERTEX_POINT('',#1777);
#1777 = CARTESIAN_POINT('',(1.48741317385,-0.5,0.));
#1778 = LINE('',#1779,#1780);
#1779 = CARTESIAN_POINT('',(1.48741317385,-0.5,0.));
#1780 = VECTOR('',#1781,1.);
#1781 = DIRECTION('',(0.,0.,1.));
#1782 = ORIENTED_EDGE('',*,*,#1783,.T.);
#1783 = EDGE_CURVE('',#1776,#1784,#1786,.T.);
#1784 = VERTEX_POINT('',#1785);
#1785 = CARTESIAN_POINT('',(1.48741317385,0.5,0.));
#1786 = LINE('',#1787,#1788);
#1787 = CARTESIAN_POINT('',(1.48741317385,-0.5,0.));
#1788 = VECTOR('',#1789,1.);
#1789 = DIRECTION('',(3.330669073875E-16,1.,0.));
#1790 = ORIENTED_EDGE('',*,*,#1791,.T.);
#1791 = EDGE_CURVE('',#1784,#1640,#1792,.T.);
#1792 = LINE('',#1793,#1794);
#1793 = CARTESIAN_POINT('',(1.48741317385,0.5,0.));
#1794 = VECTOR('',#1795,1.);
#1795 = DIRECTION('',(0.,0.,1.));
#1796 = ORIENTED_EDGE('',*,*,#1647,.F.);
#1797 = PLANE('',#1798);
#1798 = AXIS2_PLACEMENT_3D('',#1799,#1800,#1801);
#1799 = CARTESIAN_POINT('',(1.48741317385,-0.5,0.));
#1800 = DIRECTION('',(1.,-3.330669073875E-16,0.));
#1801 = DIRECTION('',(0.,0.,1.));
#1802 = ADVANCED_FACE('',(#1803),#1826,.T.);
#1803 = FACE_BOUND('',#1804,.T.);
#1804 = EDGE_LOOP('',(#1805,#1818,#1819,#1820));
#1805 = ORIENTED_EDGE('',*,*,#1806,.F.);
#1806 = EDGE_CURVE('',#1640,#1807,#1809,.T.);
#1807 = VERTEX_POINT('',#1808);
#1808 = CARTESIAN_POINT('',(1.5,0.5,0.2));
#1809 = B_SPLINE_CURVE_WITH_KNOTS('',7,(#1810,#1811,#1812,#1813,#1814,
    #1815,#1816,#1817),.UNSPECIFIED.,.F.,.F.,(8,8),(0.,1.),
  .PIECEWISE_BEZIER_KNOTS.);
#1810 = CARTESIAN_POINT('',(1.48741317385,0.5,2.E-02));
#1811 = CARTESIAN_POINT('',(1.489640693444,0.5,5.185501429196E-02));
#1812 = CARTESIAN_POINT('',(1.491198745064,0.5,7.413619051896E-02));
#1813 = CARTESIAN_POINT('',(1.492845643126,0.5,9.768793006687E-02));
#1814 = CARTESIAN_POINT('',(1.494972383276,0.5,0.128101731166));
#1815 = CARTESIAN_POINT('',(1.497523763049,0.5,0.164588161795));
#1816 = CARTESIAN_POINT('',(1.499780599507,0.5,0.19686242678));
#1817 = CARTESIAN_POINT('',(1.5,0.5,0.2));
#1818 = ORIENTED_EDGE('',*,*,#1639,.T.);
#1819 = ORIENTED_EDGE('',*,*,#1733,.T.);
#1820 = ORIENTED_EDGE('',*,*,#1821,.F.);
#1821 = EDGE_CURVE('',#1807,#1726,#1822,.T.);
#1822 = LINE('',#1823,#1824);
#1823 = CARTESIAN_POINT('',(1.5,-0.965,0.2));
#1824 = VECTOR('',#1825,1.);
#1825 = DIRECTION('',(0.,1.,0.));
#1826 = B_SPLINE_SURFACE_WITH_KNOTS('',1,1,(
    (#1827,#1828)
    ,(#1829,#1830
    )),.UNSPECIFIED.,.F.,.F.,.F.,(2,2),(2,2),(0.,1.93),(0.,1.),
  .PIECEWISE_BEZIER_KNOTS.);
#1827 = CARTESIAN_POINT('',(1.48741317385,-0.95241317385,2.E-02));
#1828 = CARTESIAN_POINT('',(1.5,-0.965,0.2));
#1829 = CARTESIAN_POINT('',(1.48741317385,0.95241317385,2.E-02));
#1830 = CARTESIAN_POINT('',(1.5,0.965,0.2));
#1831 = ADVANCED_FACE('',(#1832),#1849,.T.);
#1832 = FACE_BOUND('',#1833,.T.);
#1833 = EDGE_LOOP('',(#1834,#1835,#1836,#1844));
#1834 = ORIENTED_EDGE('',*,*,#1725,.T.);
#1835 = ORIENTED_EDGE('',*,*,#1687,.T.);
#1836 = ORIENTED_EDGE('',*,*,#1837,.F.);
#1837 = EDGE_CURVE('',#1838,#1680,#1840,.T.);
#1838 = VERTEX_POINT('',#1839);
#1839 = CARTESIAN_POINT('',(1.444058550445,0.909058550445,1.));
#1840 = LINE('',#1841,#1842);
#1841 = CARTESIAN_POINT('',(1.444058550445,0.909058550445,1.));
#1842 = VECTOR('',#1843,1.);
#1843 = DIRECTION('',(-1.,0.,0.));
#1844 = ORIENTED_EDGE('',*,*,#1845,.F.);
#1845 = EDGE_CURVE('',#1726,#1838,#1846,.T.);
#1846 = B_SPLINE_CURVE_WITH_KNOTS('',1,(#1847,#1848),.UNSPECIFIED.,.F.,
  .F.,(2,2),(0.,1.),.PIECEWISE_BEZIER_KNOTS.);
#1847 = CARTESIAN_POINT('',(1.5,0.965,0.2));
#1848 = CARTESIAN_POINT('',(1.444058550445,0.909058550445,1.));
#1849 = B_SPLINE_SURFACE_WITH_KNOTS('',1,1,(
    (#1850,#1851)
    ,(#1852,#1853
    )),.UNSPECIFIED.,.F.,.F.,.F.,(2,2),(2,2),(0.,3.),(0.,1.),
  .PIECEWISE_BEZIER_KNOTS.);
#1850 = CARTESIAN_POINT('',(1.5,0.965,0.2));
#1851 = CARTESIAN_POINT('',(1.444058550445,0.909058550445,1.));
#1852 = CARTESIAN_POINT('',(-1.5,0.965,0.2));
#1853 = CARTESIAN_POINT('',(-1.444058550445,0.909058550445,1.));
#1854 = ADVANCED_FACE('',(#1855,#1873),#1907,.F.);
#1855 = FACE_BOUND('',#1856,.F.);
#1856 = EDGE_LOOP('',(#1857,#1865,#1866,#1867));
#1857 = ORIENTED_EDGE('',*,*,#1858,.F.);
#1858 = EDGE_CURVE('',#1673,#1859,#1861,.T.);
#1859 = VERTEX_POINT('',#1860);
#1860 = CARTESIAN_POINT('',(1.444058550445,-0.909058550445,1.));
#1861 = LINE('',#1862,#1863);
#1862 = CARTESIAN_POINT('',(-1.444058550445,-0.909058550445,1.));
#1863 = VECTOR('',#1864,1.);
#1864 = DIRECTION('',(1.,0.,0.));
#1865 = ORIENTED_EDGE('',*,*,#1679,.F.);
#1866 = ORIENTED_EDGE('',*,*,#1837,.F.);
#1867 = ORIENTED_EDGE('',*,*,#1868,.F.);
#1868 = EDGE_CURVE('',#1859,#1838,#1869,.T.);
#1869 = LINE('',#1870,#1871);
#1870 = CARTESIAN_POINT('',(1.444058550445,-0.909058550445,1.));
#1871 = VECTOR('',#1872,1.);
#1872 = DIRECTION('',(0.,1.,0.));
#1873 = FACE_BOUND('',#1874,.F.);
#1874 = EDGE_LOOP('',(#1875,#1885,#1893,#1901));
#1875 = ORIENTED_EDGE('',*,*,#1876,.F.);
#1876 = EDGE_CURVE('',#1877,#1879,#1881,.T.);
#1877 = VERTEX_POINT('',#1878);
#1878 = CARTESIAN_POINT('',(-0.794058550445,0.859058550445,1.));
#1879 = VERTEX_POINT('',#1880);
#1880 = CARTESIAN_POINT('',(-0.794058550445,-0.859058550445,1.));
#1881 = LINE('',#1882,#1883);
#1882 = CARTESIAN_POINT('',(-0.794058550445,-0.884058550445,1.));
#1883 = VECTOR('',#1884,1.);
#1884 = DIRECTION('',(0.,-1.,0.));
#1885 = ORIENTED_EDGE('',*,*,#1886,.F.);
#1886 = EDGE_CURVE('',#1887,#1877,#1889,.T.);
#1887 = VERTEX_POINT('',#1888);
#1888 = CARTESIAN_POINT('',(-1.394058550445,0.859058550445,1.));
#1889 = LINE('',#1890,#1891);
#1890 = CARTESIAN_POINT('',(-1.419058550445,0.859058550445,1.));
#1891 = VECTOR('',#1892,1.);
#1892 = DIRECTION('',(1.,0.,0.));
#1893 = ORIENTED_EDGE('',*,*,#1894,.T.);
#1894 = EDGE_CURVE('',#1887,#1895,#1897,.T.);
#1895 = VERTEX_POINT('',#1896);
#1896 = CARTESIAN_POINT('',(-1.394058550445,-0.859058550445,1.));
#1897 = LINE('',#1898,#1899);
#1898 = CARTESIAN_POINT('',(-1.394058550445,-0.884058550445,1.));
#1899 = VECTOR('',#1900,1.);
#1900 = DIRECTION('',(0.,-1.,0.));
#1901 = ORIENTED_EDGE('',*,*,#1902,.T.);
#1902 = EDGE_CURVE('',#1895,#1879,#1903,.T.);
#1903 = LINE('',#1904,#1905);
#1904 = CARTESIAN_POINT('',(-1.419058550445,-0.859058550445,1.));
#1905 = VECTOR('',#1906,1.);
#1906 = DIRECTION('',(1.,0.,0.));
#1907 = PLANE('',#1908);
#1908 = AXIS2_PLACEMENT_3D('',#1909,#1910,#1911);
#1909 = CARTESIAN_POINT('',(-1.444058550445,-0.909058550445,1.));
#1910 = DIRECTION('',(0.,0.,-1.));
#1911 = DIRECTION('',(0.846276039867,0.532744652106,0.));
#1912 = ADVANCED_FACE('',(#1913),#1923,.T.);
#1913 = FACE_BOUND('',#1914,.T.);
#1914 = EDGE_LOOP('',(#1915,#1916,#1921,#1922));
#1915 = ORIENTED_EDGE('',*,*,#1708,.T.);
#1916 = ORIENTED_EDGE('',*,*,#1917,.T.);
#1917 = EDGE_CURVE('',#1702,#1859,#1918,.T.);
#1918 = B_SPLINE_CURVE_WITH_KNOTS('',1,(#1919,#1920),.UNSPECIFIED.,.F.,
  .F.,(2,2),(0.,1.),.PIECEWISE_BEZIER_KNOTS.);
#1919 = CARTESIAN_POINT('',(1.5,-0.965,0.2));
#1920 = CARTESIAN_POINT('',(1.444058550445,-0.909058550445,1.));
#1921 = ORIENTED_EDGE('',*,*,#1858,.F.);
#1922 = ORIENTED_EDGE('',*,*,#1672,.F.);
#1923 = B_SPLINE_SURFACE_WITH_KNOTS('',1,1,(
    (#1924,#1925)
    ,(#1926,#1927
    )),.UNSPECIFIED.,.F.,.F.,.F.,(2,2),(2,2),(0.,3.),(0.,1.),
  .PIECEWISE_BEZIER_KNOTS.);
#1924 = CARTESIAN_POINT('',(-1.5,-0.965,0.2));
#1925 = CARTESIAN_POINT('',(-1.444058550445,-0.909058550445,1.));
#1926 = CARTESIAN_POINT('',(1.5,-0.965,0.2));
#1927 = CARTESIAN_POINT('',(1.444058550445,-0.909058550445,1.));
#1928 = ADVANCED_FACE('',(#1929),#1942,.T.);
#1929 = FACE_BOUND('',#1930,.T.);
#1930 = EDGE_LOOP('',(#1931,#1932,#1938,#1939,#1940,#1941));
#1931 = ORIENTED_EDGE('',*,*,#1761,.T.);
#1932 = ORIENTED_EDGE('',*,*,#1933,.T.);
#1933 = EDGE_CURVE('',#1749,#1807,#1934,.T.);
#1934 = LINE('',#1935,#1936);
#1935 = CARTESIAN_POINT('',(1.5,-0.965,0.2));
#1936 = VECTOR('',#1937,1.);
#1937 = DIRECTION('',(0.,1.,0.));
#1938 = ORIENTED_EDGE('',*,*,#1821,.T.);
#1939 = ORIENTED_EDGE('',*,*,#1845,.T.);
#1940 = ORIENTED_EDGE('',*,*,#1868,.F.);
#1941 = ORIENTED_EDGE('',*,*,#1917,.F.);
#1942 = B_SPLINE_SURFACE_WITH_KNOTS('',1,1,(
    (#1943,#1944)
    ,(#1945,#1946
    )),.UNSPECIFIED.,.F.,.F.,.F.,(2,2),(2,2),(0.,1.93),(0.,1.),
  .PIECEWISE_BEZIER_KNOTS.);
#1943 = CARTESIAN_POINT('',(1.5,-0.965,0.2));
#1944 = CARTESIAN_POINT('',(1.444058550445,-0.909058550445,1.));
#1945 = CARTESIAN_POINT('',(1.5,0.965,0.2));
#1946 = CARTESIAN_POINT('',(1.444058550445,0.909058550445,1.));
#1947 = ADVANCED_FACE('',(#1948),#1974,.F.);
#1948 = FACE_BOUND('',#1949,.F.);
#1949 = EDGE_LOOP('',(#1950,#1960,#1966,#1967,#1968));
#1950 = ORIENTED_EDGE('',*,*,#1951,.F.);
#1951 = EDGE_CURVE('',#1952,#1954,#1956,.T.);
#1952 = VERTEX_POINT('',#1953);
#1953 = CARTESIAN_POINT('',(1.95,-0.5,0.));
#1954 = VERTEX_POINT('',#1955);
#1955 = CARTESIAN_POINT('',(1.95,-0.5,0.2));
#1956 = LINE('',#1957,#1958);
#1957 = CARTESIAN_POINT('',(1.95,-0.5,0.));
#1958 = VECTOR('',#1959,1.);
#1959 = DIRECTION('',(0.,0.,1.));
#1960 = ORIENTED_EDGE('',*,*,#1961,.F.);
#1961 = EDGE_CURVE('',#1776,#1952,#1962,.T.);
#1962 = LINE('',#1963,#1964);
#1963 = CARTESIAN_POINT('',(1.48741317385,-0.5,0.));
#1964 = VECTOR('',#1965,1.);
#1965 = DIRECTION('',(1.,-3.330669073875E-16,0.));
#1966 = ORIENTED_EDGE('',*,*,#1775,.T.);
#1967 = ORIENTED_EDGE('',*,*,#1748,.T.);
#1968 = ORIENTED_EDGE('',*,*,#1969,.T.);
#1969 = EDGE_CURVE('',#1749,#1954,#1970,.T.);
#1970 = LINE('',#1971,#1972);
#1971 = CARTESIAN_POINT('',(1.48741317385,-0.5,0.2));
#1972 = VECTOR('',#1973,1.);
#1973 = DIRECTION('',(1.,-3.330669073875E-16,0.));
#1974 = PLANE('',#1975);
#1975 = AXIS2_PLACEMENT_3D('',#1976,#1977,#1978);
#1976 = CARTESIAN_POINT('',(1.48741317385,-0.5,0.));
#1977 = DIRECTION('',(3.330669073875E-16,1.,0.));
#1978 = DIRECTION('',(0.,-0.,1.));
#1979 = ADVANCED_FACE('',(#1980),#2006,.T.);
#1980 = FACE_BOUND('',#1981,.T.);
#1981 = EDGE_LOOP('',(#1982,#1992,#1998,#1999,#2000));
#1982 = ORIENTED_EDGE('',*,*,#1983,.F.);
#1983 = EDGE_CURVE('',#1984,#1986,#1988,.T.);
#1984 = VERTEX_POINT('',#1985);
#1985 = CARTESIAN_POINT('',(1.95,0.5,0.));
#1986 = VERTEX_POINT('',#1987);
#1987 = CARTESIAN_POINT('',(1.95,0.5,0.2));
#1988 = LINE('',#1989,#1990);
#1989 = CARTESIAN_POINT('',(1.95,0.5,0.));
#1990 = VECTOR('',#1991,1.);
#1991 = DIRECTION('',(0.,0.,1.));
#1992 = ORIENTED_EDGE('',*,*,#1993,.F.);
#1993 = EDGE_CURVE('',#1784,#1984,#1994,.T.);
#1994 = LINE('',#1995,#1996);
#1995 = CARTESIAN_POINT('',(1.48741317385,0.5,0.));
#1996 = VECTOR('',#1997,1.);
#1997 = DIRECTION('',(1.,-3.330669073875E-16,0.));
#1998 = ORIENTED_EDGE('',*,*,#1791,.T.);
#1999 = ORIENTED_EDGE('',*,*,#1806,.T.);
#2000 = ORIENTED_EDGE('',*,*,#2001,.T.);
#2001 = EDGE_CURVE('',#1807,#1986,#2002,.T.);
#2002 = LINE('',#2003,#2004);
#2003 = CARTESIAN_POINT('',(1.48741317385,0.5,0.2));
#2004 = VECTOR('',#2005,1.);
#2005 = DIRECTION('',(1.,-3.330669073875E-16,0.));
#2006 = PLANE('',#2007);
#2007 = AXIS2_PLACEMENT_3D('',#2008,#2009,#2010);
#2008 = CARTESIAN_POINT('',(1.48741317385,0.5,0.));
#2009 = DIRECTION('',(3.330669073875E-16,1.,0.));
#2010 = DIRECTION('',(0.,-0.,1.));
#2011 = ADVANCED_FACE('',(#2012),#2023,.F.);
#2012 = FACE_BOUND('',#2013,.F.);
#2013 = EDGE_LOOP('',(#2014,#2015,#2016,#2022));
#2014 = ORIENTED_EDGE('',*,*,#1783,.F.);
#2015 = ORIENTED_EDGE('',*,*,#1961,.T.);
#2016 = ORIENTED_EDGE('',*,*,#2017,.T.);
#2017 = EDGE_CURVE('',#1952,#1984,#2018,.T.);
#2018 = LINE('',#2019,#2020);
#2019 = CARTESIAN_POINT('',(1.95,-0.5,0.));
#2020 = VECTOR('',#2021,1.);
#2021 = DIRECTION('',(3.330669073875E-16,1.,0.));
#2022 = ORIENTED_EDGE('',*,*,#1993,.F.);
#2023 = PLANE('',#2024);
#2024 = AXIS2_PLACEMENT_3D('',#2025,#2026,#2027);
#2025 = CARTESIAN_POINT('',(1.48741317385,-0.5,0.));
#2026 = DIRECTION('',(0.,0.,1.));
#2027 = DIRECTION('',(1.,-3.330669073875E-16,0.));
#2028 = ADVANCED_FACE('',(#2029),#2054,.F.);
#2029 = FACE_BOUND('',#2030,.F.);
#2030 = EDGE_LOOP('',(#2031,#2039,#2047,#2053));
#2031 = ORIENTED_EDGE('',*,*,#2032,.F.);
#2032 = EDGE_CURVE('',#2033,#1879,#2035,.T.);
#2033 = VERTEX_POINT('',#2034);
#2034 = CARTESIAN_POINT('',(-0.794058550445,-0.859058550445,0.99));
#2035 = LINE('',#2036,#2037);
#2036 = CARTESIAN_POINT('',(-0.794058550445,-0.859058550445,0.99));
#2037 = VECTOR('',#2038,1.);
#2038 = DIRECTION('',(0.,0.,1.));
#2039 = ORIENTED_EDGE('',*,*,#2040,.T.);
#2040 = EDGE_CURVE('',#2033,#2041,#2043,.T.);
#2041 = VERTEX_POINT('',#2042);
#2042 = CARTESIAN_POINT('',(-0.794058550445,0.859058550445,0.99));
#2043 = LINE('',#2044,#2045);
#2044 = CARTESIAN_POINT('',(-0.794058550445,-0.859058550445,0.99));
#2045 = VECTOR('',#2046,1.);
#2046 = DIRECTION('',(0.,1.,0.));
#2047 = ORIENTED_EDGE('',*,*,#2048,.T.);
#2048 = EDGE_CURVE('',#2041,#1877,#2049,.T.);
#2049 = LINE('',#2050,#2051);
#2050 = CARTESIAN_POINT('',(-0.794058550445,0.859058550445,0.99));
#2051 = VECTOR('',#2052,1.);
#2052 = DIRECTION('',(0.,0.,1.));
#2053 = ORIENTED_EDGE('',*,*,#1876,.T.);
#2054 = PLANE('',#2055);
#2055 = AXIS2_PLACEMENT_3D('',#2056,#2057,#2058);
#2056 = CARTESIAN_POINT('',(-0.794058550445,-0.859058550445,0.99));
#2057 = DIRECTION('',(1.,0.,0.));
#2058 = DIRECTION('',(0.,0.,1.));
#2059 = ADVANCED_FACE('',(#2060),#2078,.T.);
#2060 = FACE_BOUND('',#2061,.T.);
#2061 = EDGE_LOOP('',(#2062,#2063,#2071,#2077));
#2062 = ORIENTED_EDGE('',*,*,#2032,.F.);
#2063 = ORIENTED_EDGE('',*,*,#2064,.F.);
#2064 = EDGE_CURVE('',#2065,#2033,#2067,.T.);
#2065 = VERTEX_POINT('',#2066);
#2066 = CARTESIAN_POINT('',(-1.394058550445,-0.859058550445,0.99));
#2067 = LINE('',#2068,#2069);
#2068 = CARTESIAN_POINT('',(-1.394058550445,-0.859058550445,0.99));
#2069 = VECTOR('',#2070,1.);
#2070 = DIRECTION('',(1.,0.,0.));
#2071 = ORIENTED_EDGE('',*,*,#2072,.T.);
#2072 = EDGE_CURVE('',#2065,#1895,#2073,.T.);
#2073 = LINE('',#2074,#2075);
#2074 = CARTESIAN_POINT('',(-1.394058550445,-0.859058550445,0.99));
#2075 = VECTOR('',#2076,1.);
#2076 = DIRECTION('',(0.,0.,1.));
#2077 = ORIENTED_EDGE('',*,*,#1902,.T.);
#2078 = PLANE('',#2079);
#2079 = AXIS2_PLACEMENT_3D('',#2080,#2081,#2082);
#2080 = CARTESIAN_POINT('',(-1.394058550445,-0.859058550445,0.99));
#2081 = DIRECTION('',(0.,1.,0.));
#2082 = DIRECTION('',(0.,-0.,1.));
#2083 = ADVANCED_FACE('',(#2084),#2102,.T.);
#2084 = FACE_BOUND('',#2085,.T.);
#2085 = EDGE_LOOP('',(#2086,#2087,#2095,#2101));
#2086 = ORIENTED_EDGE('',*,*,#2072,.F.);
#2087 = ORIENTED_EDGE('',*,*,#2088,.T.);
#2088 = EDGE_CURVE('',#2065,#2089,#2091,.T.);
#2089 = VERTEX_POINT('',#2090);
#2090 = CARTESIAN_POINT('',(-1.394058550445,0.859058550445,0.99));
#2091 = LINE('',#2092,#2093);
#2092 = CARTESIAN_POINT('',(-1.394058550445,-0.859058550445,0.99));
#2093 = VECTOR('',#2094,1.);
#2094 = DIRECTION('',(0.,1.,0.));
#2095 = ORIENTED_EDGE('',*,*,#2096,.T.);
#2096 = EDGE_CURVE('',#2089,#1887,#2097,.T.);
#2097 = LINE('',#2098,#2099);
#2098 = CARTESIAN_POINT('',(-1.394058550445,0.859058550445,0.99));
#2099 = VECTOR('',#2100,1.);
#2100 = DIRECTION('',(0.,0.,1.));
#2101 = ORIENTED_EDGE('',*,*,#1894,.T.);
#2102 = PLANE('',#2103);
#2103 = AXIS2_PLACEMENT_3D('',#2104,#2105,#2106);
#2104 = CARTESIAN_POINT('',(-1.394058550445,-0.859058550445,0.99));
#2105 = DIRECTION('',(1.,0.,0.));
#2106 = DIRECTION('',(0.,0.,1.));
#2107 = ADVANCED_FACE('',(#2108),#2119,.F.);
#2108 = FACE_BOUND('',#2109,.F.);
#2109 = EDGE_LOOP('',(#2110,#2111,#2117,#2118));
#2110 = ORIENTED_EDGE('',*,*,#2048,.F.);
#2111 = ORIENTED_EDGE('',*,*,#2112,.F.);
#2112 = EDGE_CURVE('',#2089,#2041,#2113,.T.);
#2113 = LINE('',#2114,#2115);
#2114 = CARTESIAN_POINT('',(-1.394058550445,0.859058550445,0.99));
#2115 = VECTOR('',#2116,1.);
#2116 = DIRECTION('',(1.,0.,0.));
#2117 = ORIENTED_EDGE('',*,*,#2096,.T.);
#2118 = ORIENTED_EDGE('',*,*,#1886,.T.);
#2119 = PLANE('',#2120);
#2120 = AXIS2_PLACEMENT_3D('',#2121,#2122,#2123);
#2121 = CARTESIAN_POINT('',(-1.394058550445,0.859058550445,0.99));
#2122 = DIRECTION('',(0.,1.,0.));
#2123 = DIRECTION('',(0.,-0.,1.));
#2124 = ADVANCED_FACE('',(#2125),#2136,.T.);
#2125 = FACE_BOUND('',#2126,.T.);
#2126 = EDGE_LOOP('',(#2127,#2128,#2129,#2135));
#2127 = ORIENTED_EDGE('',*,*,#1933,.F.);
#2128 = ORIENTED_EDGE('',*,*,#1969,.T.);
#2129 = ORIENTED_EDGE('',*,*,#2130,.T.);
#2130 = EDGE_CURVE('',#1954,#1986,#2131,.T.);
#2131 = LINE('',#2132,#2133);
#2132 = CARTESIAN_POINT('',(1.95,-0.5,0.2));
#2133 = VECTOR('',#2134,1.);
#2134 = DIRECTION('',(3.330669073875E-16,1.,0.));
#2135 = ORIENTED_EDGE('',*,*,#2001,.F.);
#2136 = PLANE('',#2137);
#2137 = AXIS2_PLACEMENT_3D('',#2138,#2139,#2140);
#2138 = CARTESIAN_POINT('',(1.48741317385,-0.5,0.2));
#2139 = DIRECTION('',(0.,0.,1.));
#2140 = DIRECTION('',(1.,-3.330669073875E-16,0.));
#2141 = ADVANCED_FACE('',(#2142),#2148,.T.);
#2142 = FACE_BOUND('',#2143,.T.);
#2143 = EDGE_LOOP('',(#2144,#2145,#2146,#2147));
#2144 = ORIENTED_EDGE('',*,*,#1951,.F.);
#2145 = ORIENTED_EDGE('',*,*,#2017,.T.);
#2146 = ORIENTED_EDGE('',*,*,#1983,.T.);
#2147 = ORIENTED_EDGE('',*,*,#2130,.F.);
#2148 = PLANE('',#2149);
#2149 = AXIS2_PLACEMENT_3D('',#2150,#2151,#2152);
#2150 = CARTESIAN_POINT('',(1.95,-0.5,0.));
#2151 = DIRECTION('',(1.,-3.330669073875E-16,0.));
#2152 = DIRECTION('',(0.,0.,1.));
#2153 = ADVANCED_FACE('',(#2154),#2160,.T.);
#2154 = FACE_BOUND('',#2155,.T.);
#2155 = EDGE_LOOP('',(#2156,#2157,#2158,#2159));
#2156 = ORIENTED_EDGE('',*,*,#2088,.F.);
#2157 = ORIENTED_EDGE('',*,*,#2064,.T.);
#2158 = ORIENTED_EDGE('',*,*,#2040,.T.);
#2159 = ORIENTED_EDGE('',*,*,#2112,.F.);
#2160 = PLANE('',#2161);
#2161 = AXIS2_PLACEMENT_3D('',#2162,#2163,#2164);
#2162 = CARTESIAN_POINT('',(-1.394058550445,-0.859058550445,0.99));
#2163 = DIRECTION('',(0.,0.,1.));
#2164 = DIRECTION('',(1.,0.,-0.));
#2165 = ( GEOMETRIC_REPRESENTATION_CONTEXT(3) 
GLOBAL_UNCERTAINTY_ASSIGNED_CONTEXT((#2169)) 
GLOBAL_UNIT_ASSIGNED_CONTEXT((#2166,#2167,#2168)) REPRESENTATION_CONTEXT
('Context #1','3D Context with UNIT and UNCERTAINTY') );
#2166 = ( LENGTH_UNIT() NAMED_UNIT(*) SI_UNIT(.MILLI.,.METRE.) );
#2167 = ( NAMED_UNIT(*) PLANE_ANGLE_UNIT() SI_UNIT($,.RADIAN.) );
#2168 = ( NAMED_UNIT(*) SI_UNIT($,.STERADIAN.) SOLID_ANGLE_UNIT() );
#2169 = UNCERTAINTY_MEASURE_WITH_UNIT(LENGTH_MEASURE(1.E-07),#2166,
  'distance_accuracy_value','confusion accuracy');
#2170 = CONTEXT_DEPENDENT_SHAPE_REPRESENTATION(#2171,#2173);
#2171 = ( REPRESENTATION_RELATIONSHIP('','',#1242,#1219) 
REPRESENTATION_RELATIONSHIP_WITH_TRANSFORMATION(#2172) 
SHAPE_REPRESENTATION_RELATIONSHIP() );
#2172 = ITEM_DEFINED_TRANSFORMATION('','',#11,#1220);
#2173 = PRODUCT_DEFINITION_SHAPE('Placement','Placement of an item',
  #2174);
#2174 = NEXT_ASSEMBLY_USAGE_OCCURRENCE('4','=>[0:1:1:5]','',#1214,#1237,
  $);
#2175 = PRODUCT_RELATED_PRODUCT_CATEGORY('part',$,(#1239));
#2176 = CONTEXT_DEPENDENT_SHAPE_REPRESENTATION(#2177,#2179);
#2177 = ( REPRESENTATION_RELATIONSHIP('','',#1219,#10) 
REPRESENTATION_RELATIONSHIP_WITH_TRANSFORMATION(#2178) 
SHAPE_REPRESENTATION_RELATIONSHIP() );
#2178 = ITEM_DEFINED_TRANSFORMATION('','',#11,#27);
#2179 = PRODUCT_DEFINITION_SHAPE('Placement','Placement of an item',
  #2180);
#2180 = NEXT_ASSEMBLY_USAGE_OCCURRENCE('6','D3','',#5,#1214,$);
#2181 = CONTEXT_DEPENDENT_SHAPE_REPRESENTATION(#2182,#2184);
#2182 = ( REPRESENTATION_RELATIONSHIP('','',#1219,#10) 
REPRESENTATION_RELATIONSHIP_WITH_TRANSFORMATION(#2183) 
SHAPE_REPRESENTATION_RELATIONSHIP() );
#2183 = ITEM_DEFINED_TRANSFORMATION('','',#11,#31);
#2184 = PRODUCT_DEFINITION_SHAPE('Placement','Placement of an item',
  #2185);
#2185 = NEXT_ASSEMBLY_USAGE_OCCURRENCE('7','D6','',#5,#1214,$);
#2186 = CONTEXT_DEPENDENT_SHAPE_REPRESENTATION(#2187,#2189);
#2187 = ( REPRESENTATION_RELATIONSHIP('','',#1219,#10) 
REPRESENTATION_RELATIONSHIP_WITH_TRANSFORMATION(#2188) 
SHAPE_REPRESENTATION_RELATIONSHIP() );
#2188 = ITEM_DEFINED_TRANSFORMATION('','',#11,#35);
#2189 = PRODUCT_DEFINITION_SHAPE('Placement','Placement of an item',
  #2190);
#2190 = NEXT_ASSEMBLY_USAGE_OCCURRENCE('8','D5','',#5,#1214,$);
#2191 = CONTEXT_DEPENDENT_SHAPE_REPRESENTATION(#2192,#2194);
#2192 = ( REPRESENTATION_RELATIONSHIP('','',#1219,#10) 
REPRESENTATION_RELATIONSHIP_WITH_TRANSFORMATION(#2193) 
SHAPE_REPRESENTATION_RELATIONSHIP() );
#2193 = ITEM_DEFINED_TRANSFORMATION('','',#11,#39);
#2194 = PRODUCT_DEFINITION_SHAPE('Placement','Placement of an item',
  #2195);
#2195 = NEXT_ASSEMBLY_USAGE_OCCURRENCE('9','D4','',#5,#1214,$);
#2196 = CONTEXT_DEPENDENT_SHAPE_REPRESENTATION(#2197,#2199);
#2197 = ( REPRESENTATION_RELATIONSHIP('','',#80,#10) 
REPRESENTATION_RELATIONSHIP_WITH_TRANSFORMATION(#2198) 
SHAPE_REPRESENTATION_RELATIONSHIP() );
#2198 = ITEM_DEFINED_TRANSFORMATION('','',#11,#43);
#2199 = PRODUCT_DEFINITION_SHAPE('Placement','Placement of an item',
  #2200);
#2200 = NEXT_ASSEMBLY_USAGE_OCCURRENCE('10','SC3','',#5,#75,$);
#2201 = CONTEXT_DEPENDENT_SHAPE_REPRESENTATION(#2202,#2204);
#2202 = ( REPRESENTATION_RELATIONSHIP('','',#1219,#10) 
REPRESENTATION_RELATIONSHIP_WITH_TRANSFORMATION(#2203) 
SHAPE_REPRESENTATION_RELATIONSHIP() );
#2203 = ITEM_DEFINED_TRANSFORMATION('','',#11,#47);
#2204 = PRODUCT_DEFINITION_SHAPE('Placement','Placement of an item',
  #2205);
#2205 = NEXT_ASSEMBLY_USAGE_OCCURRENCE('11','D1','',#5,#1214,$);
#2206 = CONTEXT_DEPENDENT_SHAPE_REPRESENTATION(#2207,#2209);
#2207 = ( REPRESENTATION_RELATIONSHIP('','',#80,#10) 
REPRESENTATION_RELATIONSHIP_WITH_TRANSFORMATION(#2208) 
SHAPE_REPRESENTATION_RELATIONSHIP() );
#2208 = ITEM_DEFINED_TRANSFORMATION('','',#11,#51);
#2209 = PRODUCT_DEFINITION_SHAPE('Placement','Placement of an item',
  #2210);
#2210 = NEXT_ASSEMBLY_USAGE_OCCURRENCE('12','SC5','',#5,#75,$);
#2211 = CONTEXT_DEPENDENT_SHAPE_REPRESENTATION(#2212,#2214);
#2212 = ( REPRESENTATION_RELATIONSHIP('','',#80,#10) 
REPRESENTATION_RELATIONSHIP_WITH_TRANSFORMATION(#2213) 
SHAPE_REPRESENTATION_RELATIONSHIP() );
#2213 = ITEM_DEFINED_TRANSFORMATION('','',#11,#55);
#2214 = PRODUCT_DEFINITION_SHAPE('Placement','Placement of an item',
  #2215);
#2215 = NEXT_ASSEMBLY_USAGE_OCCURRENCE('13','SC4','',#5,#75,$);
#2216 = CONTEXT_DEPENDENT_SHAPE_REPRESENTATION(#2217,#2219);
#2217 = ( REPRESENTATION_RELATIONSHIP('','',#80,#10) 
REPRESENTATION_RELATIONSHIP_WITH_TRANSFORMATION(#2218) 
SHAPE_REPRESENTATION_RELATIONSHIP() );
#2218 = ITEM_DEFINED_TRANSFORMATION('','',#11,#59);
#2219 = PRODUCT_DEFINITION_SHAPE('Placement','Placement of an item',
  #2220);
#2220 = NEXT_ASSEMBLY_USAGE_OCCURRENCE('14','SC1','',#5,#75,$);
#2221 = SHAPE_DEFINITION_REPRESENTATION(#2222,#2228);
#2222 = PRODUCT_DEFINITION_SHAPE('','',#2223);
#2223 = PRODUCT_DEFINITION('design','',#2224,#2227);
#2224 = PRODUCT_DEFINITION_FORMATION('','',#2225);
#2225 = PRODUCT('_autosave-Cell Backer_PCB','_autosave-Cell Backer_PCB',
  '',(#2226));
#2226 = PRODUCT_CONTEXT('',#2,'mechanical');
#2227 = PRODUCT_DEFINITION_CONTEXT('part definition',#2,'design');
#2228 = ADVANCED_BREP_SHAPE_REPRESENTATION('',(#11,#2229),#7452);
#2229 = MANIFOLD_SOLID_BREP('',#2230);
#2230 = CLOSED_SHELL('',(#2231,#2273,#2304,#2335,#3638,#4941,#4958,#4975
    ,#4992,#5009,#5026,#5043,#5060,#5077,#5094,#5111,#5128,#5145,#5162,
    #5179,#5196,#5213,#5230,#5247,#5264,#5281,#5298,#5315,#5332,#5349,
    #5366,#5383,#5400,#5417,#5434,#5451,#5468,#5485,#5502,#5519,#5536,
    #5553,#5570,#5587,#5604,#5621,#5638,#5655,#5672,#5689,#5706,#5723,
    #5740,#5757,#5774,#5791,#5808,#5825,#5842,#5859,#5876,#5893,#5910,
    #5927,#5944,#5961,#5978,#5995,#6012,#6029,#6046,#6063,#6080,#6097,
    #6109,#6126,#6143,#6160,#6177,#6194,#6216,#6233,#6250,#6267,#6284,
    #6301,#6318,#6335,#6352,#6369,#6386,#6403,#6420,#6432,#6449,#6466,
    #6483,#6500,#6522,#6539,#6556,#6573,#6590,#6607,#6624,#6641,#6658,
    #6675,#6692,#6709,#6726,#6738,#6755,#6772,#6789,#6806,#6828,#6845,
    #6862,#6879,#6896,#6913,#6930,#6947,#6964,#6981,#6998,#7015,#7032,
    #7044,#7061,#7078,#7095,#7112,#7134,#7151,#7168,#7185,#7202,#7219,
    #7236,#7253,#7270,#7287,#7304,#7321,#7338,#7350,#7367,#7384,#7401,
    #7418,#7435));
#2231 = ADVANCED_FACE('',(#2232),#2268,.T.);
#2232 = FACE_BOUND('',#2233,.T.);
#2233 = EDGE_LOOP('',(#2234,#2244,#2253,#2261));
#2234 = ORIENTED_EDGE('',*,*,#2235,.T.);
#2235 = EDGE_CURVE('',#2236,#2238,#2240,.T.);
#2236 = VERTEX_POINT('',#2237);
#2237 = CARTESIAN_POINT('',(164.287199,-48.7426,0.));
#2238 = VERTEX_POINT('',#2239);
#2239 = CARTESIAN_POINT('',(164.287199,-48.7426,0.1016));
#2240 = LINE('',#2241,#2242);
#2241 = CARTESIAN_POINT('',(164.287199,-48.7426,0.));
#2242 = VECTOR('',#2243,1.);
#2243 = DIRECTION('',(0.,0.,1.));
#2244 = ORIENTED_EDGE('',*,*,#2245,.T.);
#2245 = EDGE_CURVE('',#2238,#2246,#2248,.T.);
#2246 = VERTEX_POINT('',#2247);
#2247 = CARTESIAN_POINT('',(166.824975,-51.129092,0.1016));
#2248 = CIRCLE('',#2249,2.537981478108);
#2249 = AXIS2_PLACEMENT_3D('',#2250,#2251,#2252);
#2250 = CARTESIAN_POINT('',(164.29151846102,-51.2805778024,0.1016));
#2251 = DIRECTION('',(0.,0.,-1.));
#2252 = DIRECTION('',(-1.701927716818E-03,0.99999855172,0.));
#2253 = ORIENTED_EDGE('',*,*,#2254,.F.);
#2254 = EDGE_CURVE('',#2255,#2246,#2257,.T.);
#2255 = VERTEX_POINT('',#2256);
#2256 = CARTESIAN_POINT('',(166.824975,-51.129092,0.));
#2257 = LINE('',#2258,#2259);
#2258 = CARTESIAN_POINT('',(166.824975,-51.129092,0.));
#2259 = VECTOR('',#2260,1.);
#2260 = DIRECTION('',(0.,0.,1.));
#2261 = ORIENTED_EDGE('',*,*,#2262,.F.);
#2262 = EDGE_CURVE('',#2236,#2255,#2263,.T.);
#2263 = CIRCLE('',#2264,2.537981478108);
#2264 = AXIS2_PLACEMENT_3D('',#2265,#2266,#2267);
#2265 = CARTESIAN_POINT('',(164.29151846102,-51.2805778024,0.));
#2266 = DIRECTION('',(0.,0.,-1.));
#2267 = DIRECTION('',(-1.701927716818E-03,0.99999855172,0.));
#2268 = CYLINDRICAL_SURFACE('',#2269,2.537981478108);
#2269 = AXIS2_PLACEMENT_3D('',#2270,#2271,#2272);
#2270 = CARTESIAN_POINT('',(164.29151846102,-51.2805778024,0.));
#2271 = DIRECTION('',(0.,0.,-1.));
#2272 = DIRECTION('',(-1.701927716818E-03,0.99999855172,0.));
#2273 = ADVANCED_FACE('',(#2274),#2299,.T.);
#2274 = FACE_BOUND('',#2275,.T.);
#2275 = EDGE_LOOP('',(#2276,#2286,#2292,#2293));
#2276 = ORIENTED_EDGE('',*,*,#2277,.T.);
#2277 = EDGE_CURVE('',#2278,#2280,#2282,.T.);
#2278 = VERTEX_POINT('',#2279);
#2279 = CARTESIAN_POINT('',(151.0284,-48.7426,0.));
#2280 = VERTEX_POINT('',#2281);
#2281 = CARTESIAN_POINT('',(151.0284,-48.7426,0.1016));
#2282 = LINE('',#2283,#2284);
#2283 = CARTESIAN_POINT('',(151.0284,-48.7426,0.));
#2284 = VECTOR('',#2285,1.);
#2285 = DIRECTION('',(0.,0.,1.));
#2286 = ORIENTED_EDGE('',*,*,#2287,.T.);
#2287 = EDGE_CURVE('',#2280,#2238,#2288,.T.);
#2288 = LINE('',#2289,#2290);
#2289 = CARTESIAN_POINT('',(151.0284,-48.7426,0.1016));
#2290 = VECTOR('',#2291,1.);
#2291 = DIRECTION('',(1.,0.,0.));
#2292 = ORIENTED_EDGE('',*,*,#2235,.F.);
#2293 = ORIENTED_EDGE('',*,*,#2294,.F.);
#2294 = EDGE_CURVE('',#2278,#2236,#2295,.T.);
#2295 = LINE('',#2296,#2297);
#2296 = CARTESIAN_POINT('',(151.0284,-48.7426,0.));
#2297 = VECTOR('',#2298,1.);
#2298 = DIRECTION('',(1.,0.,0.));
#2299 = PLANE('',#2300);
#2300 = AXIS2_PLACEMENT_3D('',#2301,#2302,#2303);
#2301 = CARTESIAN_POINT('',(151.0284,-48.7426,0.));
#2302 = DIRECTION('',(0.,1.,0.));
#2303 = DIRECTION('',(1.,0.,0.));
#2304 = ADVANCED_FACE('',(#2305),#2330,.T.);
#2305 = FACE_BOUND('',#2306,.T.);
#2306 = EDGE_LOOP('',(#2307,#2308,#2316,#2324));
#2307 = ORIENTED_EDGE('',*,*,#2254,.T.);
#2308 = ORIENTED_EDGE('',*,*,#2309,.T.);
#2309 = EDGE_CURVE('',#2246,#2310,#2312,.T.);
#2310 = VERTEX_POINT('',#2311);
#2311 = CARTESIAN_POINT('',(166.8272,-51.282599,0.1016));
#2312 = LINE('',#2313,#2314);
#2313 = CARTESIAN_POINT('',(166.824975,-51.129092,0.1016));
#2314 = VECTOR('',#2315,1.);
#2315 = DIRECTION('',(1.449293069782E-02,-0.999894971964,0.));
#2316 = ORIENTED_EDGE('',*,*,#2317,.F.);
#2317 = EDGE_CURVE('',#2318,#2310,#2320,.T.);
#2318 = VERTEX_POINT('',#2319);
#2319 = CARTESIAN_POINT('',(166.8272,-51.282599,0.));
#2320 = LINE('',#2321,#2322);
#2321 = CARTESIAN_POINT('',(166.8272,-51.282599,0.));
#2322 = VECTOR('',#2323,1.);
#2323 = DIRECTION('',(0.,0.,1.));
#2324 = ORIENTED_EDGE('',*,*,#2325,.F.);
#2325 = EDGE_CURVE('',#2255,#2318,#2326,.T.);
#2326 = LINE('',#2327,#2328);
#2327 = CARTESIAN_POINT('',(166.824975,-51.129092,0.));
#2328 = VECTOR('',#2329,1.);
#2329 = DIRECTION('',(1.449293069782E-02,-0.999894971964,0.));
#2330 = PLANE('',#2331);
#2331 = AXIS2_PLACEMENT_3D('',#2332,#2333,#2334);
#2332 = CARTESIAN_POINT('',(166.824975,-51.129092,0.));
#2333 = DIRECTION('',(0.999894971964,1.449293069782E-02,-0.));
#2334 = DIRECTION('',(1.449293069782E-02,-0.999894971964,0.));
#2335 = ADVANCED_FACE('',(#2336,#2908,#2919,#2930,#2941,#2952,#2963,
    #3081,#3092,#3103,#3114,#3125,#3243,#3254,#3265,#3276,#3287,#3405,
    #3416,#3427,#3438,#3449,#3567,#3578,#3589,#3600,#3611,#3622),#3633,
  .F.);
#2336 = FACE_BOUND('',#2337,.F.);
#2337 = EDGE_LOOP('',(#2338,#2339,#2340,#2348,#2356,#2365,#2373,#2381,
    #2389,#2398,#2406,#2414,#2423,#2431,#2439,#2447,#2455,#2463,#2471,
    #2480,#2488,#2496,#2505,#2513,#2521,#2529,#2538,#2546,#2554,#2563,
    #2571,#2579,#2587,#2596,#2604,#2612,#2621,#2629,#2637,#2645,#2653,
    #2662,#2670,#2678,#2687,#2695,#2703,#2711,#2720,#2728,#2736,#2745,
    #2753,#2761,#2769,#2777,#2786,#2794,#2802,#2811,#2819,#2827,#2835,
    #2843,#2851,#2859,#2868,#2876,#2884,#2893,#2901,#2907));
#2338 = ORIENTED_EDGE('',*,*,#2262,.F.);
#2339 = ORIENTED_EDGE('',*,*,#2294,.F.);
#2340 = ORIENTED_EDGE('',*,*,#2341,.F.);
#2341 = EDGE_CURVE('',#2342,#2278,#2344,.T.);
#2342 = VERTEX_POINT('',#2343);
#2343 = CARTESIAN_POINT('',(137.769599,-48.7426,0.));
#2344 = LINE('',#2345,#2346);
#2345 = CARTESIAN_POINT('',(137.769599,-48.7426,0.));
#2346 = VECTOR('',#2347,1.);
#2347 = DIRECTION('',(1.,0.,0.));
#2348 = ORIENTED_EDGE('',*,*,#2349,.F.);
#2349 = EDGE_CURVE('',#2350,#2342,#2352,.T.);
#2350 = VERTEX_POINT('',#2351);
#2351 = CARTESIAN_POINT('',(137.616097,-48.744917,0.));
#2352 = LINE('',#2353,#2354);
#2353 = CARTESIAN_POINT('',(137.616097,-48.744917,0.));
#2354 = VECTOR('',#2355,1.);
#2355 = DIRECTION('',(0.999886101031,1.509254665143E-02,0.));
#2356 = ORIENTED_EDGE('',*,*,#2357,.F.);
#2357 = EDGE_CURVE('',#2358,#2350,#2360,.T.);
#2358 = VERTEX_POINT('',#2359);
#2359 = CARTESIAN_POINT('',(135.2296,-51.282601,0.));
#2360 = CIRCLE('',#2361,2.538057883274);
#2361 = AXIS2_PLACEMENT_3D('',#2362,#2363,#2364);
#2362 = CARTESIAN_POINT('',(137.7676544819,-51.2784457937,0.));
#2363 = DIRECTION('',(0.,0.,-1.));
#2364 = DIRECTION('',(-0.999998659853,-1.637159783821E-03,-0.));
#2365 = ORIENTED_EDGE('',*,*,#2366,.F.);
#2366 = EDGE_CURVE('',#2367,#2358,#2369,.T.);
#2367 = VERTEX_POINT('',#2368);
#2368 = CARTESIAN_POINT('',(135.229599,-54.6354,0.));
#2369 = LINE('',#2370,#2371);
#2370 = CARTESIAN_POINT('',(135.229599,-54.6354,0.));
#2371 = VECTOR('',#2372,1.);
#2372 = DIRECTION('',(2.982582604788E-07,1.,0.));
#2373 = ORIENTED_EDGE('',*,*,#2374,.F.);
#2374 = EDGE_CURVE('',#2375,#2367,#2377,.T.);
#2375 = VERTEX_POINT('',#2376);
#2376 = CARTESIAN_POINT('',(135.229599,-59.5122,0.));
#2377 = LINE('',#2378,#2379);
#2378 = CARTESIAN_POINT('',(135.229599,-59.5122,0.));
#2379 = VECTOR('',#2380,1.);
#2380 = DIRECTION('',(0.,1.,0.));
#2381 = ORIENTED_EDGE('',*,*,#2382,.F.);
#2382 = EDGE_CURVE('',#2383,#2375,#2385,.T.);
#2383 = VERTEX_POINT('',#2384);
#2384 = CARTESIAN_POINT('',(135.227282,-59.665701,0.));
#2385 = LINE('',#2386,#2387);
#2386 = CARTESIAN_POINT('',(135.227282,-59.665701,0.));
#2387 = VECTOR('',#2388,1.);
#2388 = DIRECTION('',(1.509264495122E-02,0.999886099548,0.));
#2389 = ORIENTED_EDGE('',*,*,#2390,.F.);
#2390 = EDGE_CURVE('',#2391,#2383,#2393,.T.);
#2391 = VERTEX_POINT('',#2392);
#2392 = CARTESIAN_POINT('',(132.6896,-62.0522,0.));
#2393 = CIRCLE('',#2394,2.538059718458);
#2394 = AXIS2_PLACEMENT_3D('',#2395,#2396,#2397);
#2395 = CARTESIAN_POINT('',(132.69375135834,-59.51414367661,0.));
#2396 = DIRECTION('',(0.,0.,1.));
#2397 = DIRECTION('',(-1.635642501983E-03,-0.999998662336,0.));
#2398 = ORIENTED_EDGE('',*,*,#2399,.F.);
#2399 = EDGE_CURVE('',#2400,#2391,#2402,.T.);
#2400 = VERTEX_POINT('',#2401);
#2401 = CARTESIAN_POINT('',(118.6688,-62.052199,0.));
#2402 = LINE('',#2403,#2404);
#2403 = CARTESIAN_POINT('',(118.6688,-62.052199,0.));
#2404 = VECTOR('',#2405,1.);
#2405 = DIRECTION('',(1.,-7.132260623326E-08,0.));
#2406 = ORIENTED_EDGE('',*,*,#2407,.F.);
#2407 = EDGE_CURVE('',#2408,#2400,#2410,.T.);
#2408 = VERTEX_POINT('',#2409);
#2409 = CARTESIAN_POINT('',(118.515299,-62.049882,0.));
#2410 = LINE('',#2411,#2412);
#2411 = CARTESIAN_POINT('',(118.515299,-62.049882,0.));
#2412 = VECTOR('',#2413,1.);
#2413 = DIRECTION('',(0.999886099548,-1.509264495122E-02,0.));
#2414 = ORIENTED_EDGE('',*,*,#2415,.F.);
#2415 = EDGE_CURVE('',#2416,#2408,#2418,.T.);
#2416 = VERTEX_POINT('',#2417);
#2417 = CARTESIAN_POINT('',(116.1288,-59.5122,0.));
#2418 = CIRCLE('',#2419,2.538059718458);
#2419 = AXIS2_PLACEMENT_3D('',#2420,#2421,#2422);
#2420 = CARTESIAN_POINT('',(118.66685632338,-59.51635135834,0.));
#2421 = DIRECTION('',(0.,0.,1.));
#2422 = DIRECTION('',(-0.999998662336,1.635642501992E-03,0.));
#2423 = ORIENTED_EDGE('',*,*,#2424,.F.);
#2424 = EDGE_CURVE('',#2425,#2416,#2427,.T.);
#2425 = VERTEX_POINT('',#2426);
#2426 = CARTESIAN_POINT('',(116.128799,-54.6354,0.));
#2427 = LINE('',#2428,#2429);
#2428 = CARTESIAN_POINT('',(116.128799,-54.6354,0.));
#2429 = VECTOR('',#2430,1.);
#2430 = DIRECTION('',(2.050524929206E-07,-1.,0.));
#2431 = ORIENTED_EDGE('',*,*,#2432,.F.);
#2432 = EDGE_CURVE('',#2433,#2425,#2435,.T.);
#2433 = VERTEX_POINT('',#2434);
#2434 = CARTESIAN_POINT('',(108.864399,-54.6354,0.));
#2435 = LINE('',#2436,#2437);
#2436 = CARTESIAN_POINT('',(108.864399,-54.6354,0.));
#2437 = VECTOR('',#2438,1.);
#2438 = DIRECTION('',(1.,0.,0.));
#2439 = ORIENTED_EDGE('',*,*,#2440,.F.);
#2440 = EDGE_CURVE('',#2441,#2433,#2443,.T.);
#2441 = VERTEX_POINT('',#2442);
#2442 = CARTESIAN_POINT('',(108.864399,-62.0522,0.));
#2443 = LINE('',#2444,#2445);
#2444 = CARTESIAN_POINT('',(108.864399,-62.0522,0.));
#2445 = VECTOR('',#2446,1.);
#2446 = DIRECTION('',(0.,1.,0.));
#2447 = ORIENTED_EDGE('',*,*,#2448,.F.);
#2448 = EDGE_CURVE('',#2449,#2441,#2451,.T.);
#2449 = VERTEX_POINT('',#2450);
#2450 = CARTESIAN_POINT('',(108.8644,-80.289398,0.));
#2451 = LINE('',#2452,#2453);
#2452 = CARTESIAN_POINT('',(108.8644,-80.289398,0.));
#2453 = VECTOR('',#2454,1.);
#2454 = DIRECTION('',(-5.483298462161E-08,1.,0.));
#2455 = ORIENTED_EDGE('',*,*,#2456,.F.);
#2456 = EDGE_CURVE('',#2457,#2449,#2459,.T.);
#2457 = VERTEX_POINT('',#2458);
#2458 = CARTESIAN_POINT('',(105.511599,-80.289398,0.));
#2459 = LINE('',#2460,#2461);
#2460 = CARTESIAN_POINT('',(105.511599,-80.289398,0.));
#2461 = VECTOR('',#2462,1.);
#2462 = DIRECTION('',(1.,0.,0.));
#2463 = ORIENTED_EDGE('',*,*,#2464,.F.);
#2464 = EDGE_CURVE('',#2465,#2457,#2467,.T.);
#2465 = VERTEX_POINT('',#2466);
#2466 = CARTESIAN_POINT('',(105.358097,-80.291715,0.));
#2467 = LINE('',#2468,#2469);
#2468 = CARTESIAN_POINT('',(105.358097,-80.291715,0.));
#2469 = VECTOR('',#2470,1.);
#2470 = DIRECTION('',(0.999886101031,1.509254665138E-02,0.));
#2471 = ORIENTED_EDGE('',*,*,#2472,.F.);
#2472 = EDGE_CURVE('',#2473,#2465,#2475,.T.);
#2473 = VERTEX_POINT('',#2474);
#2474 = CARTESIAN_POINT('',(102.9716,-82.829399,0.));
#2475 = CIRCLE('',#2476,2.53805593958);
#2476 = AXIS2_PLACEMENT_3D('',#2477,#2478,#2479);
#2477 = CARTESIAN_POINT('',(105.5096525352,-82.82524196298,0.));
#2478 = DIRECTION('',(0.,0.,-1.));
#2479 = DIRECTION('',(-0.99999865867,-1.637882344533E-03,-0.));
#2480 = ORIENTED_EDGE('',*,*,#2481,.F.);
#2481 = EDGE_CURVE('',#2482,#2473,#2484,.T.);
#2482 = VERTEX_POINT('',#2483);
#2483 = CARTESIAN_POINT('',(102.9716,-96.088199,0.));
#2484 = LINE('',#2485,#2486);
#2485 = CARTESIAN_POINT('',(102.9716,-96.088199,0.));
#2486 = VECTOR('',#2487,1.);
#2487 = DIRECTION('',(0.,1.,0.));
#2488 = ORIENTED_EDGE('',*,*,#2489,.F.);
#2489 = EDGE_CURVE('',#2490,#2482,#2492,.T.);
#2490 = VERTEX_POINT('',#2491);
#2491 = CARTESIAN_POINT('',(102.973825,-96.241706,0.));
#2492 = LINE('',#2493,#2494);
#2493 = CARTESIAN_POINT('',(102.973825,-96.241706,0.));
#2494 = VECTOR('',#2495,1.);
#2495 = DIRECTION('',(-1.449293069782E-02,0.999894971964,0.));
#2496 = ORIENTED_EDGE('',*,*,#2497,.F.);
#2497 = EDGE_CURVE('',#2498,#2490,#2500,.T.);
#2498 = VERTEX_POINT('',#2499);
#2499 = CARTESIAN_POINT('',(105.511601,-98.628198,0.));
#2500 = CIRCLE('',#2501,2.537977707784);
#2501 = AXIS2_PLACEMENT_3D('',#2502,#2503,#2504);
#2502 = CARTESIAN_POINT('',(105.50727798772,-96.09022397397,0.));
#2503 = DIRECTION('',(0.,0.,-1.));
#2504 = DIRECTION('',(1.70332949123E-03,-0.999998549333,0.));
#2505 = ORIENTED_EDGE('',*,*,#2506,.F.);
#2506 = EDGE_CURVE('',#2507,#2498,#2509,.T.);
#2507 = VERTEX_POINT('',#2508);
#2508 = CARTESIAN_POINT('',(108.864402,-98.628198,0.));
#2509 = LINE('',#2510,#2511);
#2510 = CARTESIAN_POINT('',(108.864402,-98.628198,0.));
#2511 = VECTOR('',#2512,1.);
#2512 = DIRECTION('',(-1.,0.,0.));
#2513 = ORIENTED_EDGE('',*,*,#2514,.F.);
#2514 = EDGE_CURVE('',#2515,#2507,#2517,.T.);
#2515 = VERTEX_POINT('',#2516);
#2516 = CARTESIAN_POINT('',(108.864399,-124.2822,0.));
#2517 = LINE('',#2518,#2519);
#2518 = CARTESIAN_POINT('',(108.864399,-124.2822,0.));
#2519 = VECTOR('',#2520,1.);
#2520 = DIRECTION('',(1.16940818529E-07,1.,0.));
#2521 = ORIENTED_EDGE('',*,*,#2522,.F.);
#2522 = EDGE_CURVE('',#2523,#2515,#2525,.T.);
#2523 = VERTEX_POINT('',#2524);
#2524 = CARTESIAN_POINT('',(108.864399,-127.635001,0.));
#2525 = LINE('',#2526,#2527);
#2526 = CARTESIAN_POINT('',(108.864399,-127.635001,0.));
#2527 = VECTOR('',#2528,1.);
#2528 = DIRECTION('',(0.,1.,0.));
#2529 = ORIENTED_EDGE('',*,*,#2530,.F.);
#2530 = EDGE_CURVE('',#2531,#2523,#2533,.T.);
#2531 = VERTEX_POINT('',#2532);
#2532 = CARTESIAN_POINT('',(111.4044,-130.175,0.));
#2533 = CIRCLE('',#2534,2.540000765514);
#2534 = AXIS2_PLACEMENT_3D('',#2535,#2536,#2537);
#2535 = CARTESIAN_POINT('',(111.40439976551,-127.6349992344,0.));
#2536 = DIRECTION('',(0.,0.,-1.));
#2537 = DIRECTION('',(9.231752245671E-08,-1.,0.));
#2538 = ORIENTED_EDGE('',*,*,#2539,.F.);
#2539 = EDGE_CURVE('',#2540,#2531,#2542,.T.);
#2540 = VERTEX_POINT('',#2541);
#2541 = CARTESIAN_POINT('',(122.1232,-130.175001,0.));
#2542 = LINE('',#2543,#2544);
#2543 = CARTESIAN_POINT('',(122.1232,-130.175001,0.));
#2544 = VECTOR('',#2545,1.);
#2545 = DIRECTION('',(-1.,9.329402521506E-08,0.));
#2546 = ORIENTED_EDGE('',*,*,#2547,.F.);
#2547 = EDGE_CURVE('',#2548,#2540,#2550,.T.);
#2548 = VERTEX_POINT('',#2549);
#2549 = CARTESIAN_POINT('',(122.276702,-130.172684,0.));
#2550 = LINE('',#2551,#2552);
#2551 = CARTESIAN_POINT('',(122.276702,-130.172684,0.));
#2552 = VECTOR('',#2553,1.);
#2553 = DIRECTION('',(-0.999886101031,-1.509254665147E-02,0.));
#2554 = ORIENTED_EDGE('',*,*,#2555,.F.);
#2555 = EDGE_CURVE('',#2556,#2548,#2558,.T.);
#2556 = VERTEX_POINT('',#2557);
#2557 = CARTESIAN_POINT('',(124.663199,-127.635001,0.));
#2558 = CIRCLE('',#2559,2.538054109347);
#2559 = AXIS2_PLACEMENT_3D('',#2560,#2561,#2562);
#2560 = CARTESIAN_POINT('',(122.12514829621,-127.6391587609,0.));
#2561 = DIRECTION('',(0.,0.,-1.));
#2562 = DIRECTION('',(0.999998658201,1.638168763656E-03,0.));
#2563 = ORIENTED_EDGE('',*,*,#2564,.F.);
#2564 = EDGE_CURVE('',#2565,#2556,#2567,.T.);
#2565 = VERTEX_POINT('',#2566);
#2566 = CARTESIAN_POINT('',(124.663199,-124.2822,0.));
#2567 = LINE('',#2568,#2569);
#2568 = CARTESIAN_POINT('',(124.663199,-124.2822,0.));
#2569 = VECTOR('',#2570,1.);
#2570 = DIRECTION('',(0.,-1.,0.));
#2571 = ORIENTED_EDGE('',*,*,#2572,.F.);
#2572 = EDGE_CURVE('',#2573,#2565,#2575,.T.);
#2573 = VERTEX_POINT('',#2574);
#2574 = CARTESIAN_POINT('',(124.6632,-119.4054,0.));
#2575 = LINE('',#2576,#2577);
#2576 = CARTESIAN_POINT('',(124.6632,-119.4054,0.));
#2577 = VECTOR('',#2578,1.);
#2578 = DIRECTION('',(-2.050524929206E-07,-1.,0.));
#2579 = ORIENTED_EDGE('',*,*,#2580,.F.);
#2580 = EDGE_CURVE('',#2581,#2573,#2583,.T.);
#2581 = VERTEX_POINT('',#2582);
#2582 = CARTESIAN_POINT('',(124.665517,-119.251898,0.));
#2583 = LINE('',#2584,#2585);
#2584 = CARTESIAN_POINT('',(124.665517,-119.251898,0.));
#2585 = VECTOR('',#2586,1.);
#2586 = DIRECTION('',(-1.509254665138E-02,-0.999886101031,0.));
#2587 = ORIENTED_EDGE('',*,*,#2588,.F.);
#2588 = EDGE_CURVE('',#2589,#2581,#2591,.T.);
#2589 = VERTEX_POINT('',#2590);
#2590 = CARTESIAN_POINT('',(127.203199,-116.8654,0.));
#2591 = CIRCLE('',#2592,2.538057884246);
#2592 = AXIS2_PLACEMENT_3D('',#2593,#2594,#2595);
#2593 = CARTESIAN_POINT('',(127.19904585423,-119.4034544862,0.));
#2594 = DIRECTION('',(0.,0.,1.));
#2595 = DIRECTION('',(1.636347928728E-03,0.999998661182,-0.));
#2596 = ORIENTED_EDGE('',*,*,#2597,.F.);
#2597 = EDGE_CURVE('',#2598,#2589,#2600,.T.);
#2598 = VERTEX_POINT('',#2599);
#2599 = CARTESIAN_POINT('',(141.224,-116.8654,0.));
#2600 = LINE('',#2601,#2602);
#2601 = CARTESIAN_POINT('',(141.224,-116.8654,0.));
#2602 = VECTOR('',#2603,1.);
#2603 = DIRECTION('',(-1.,0.,0.));
#2604 = ORIENTED_EDGE('',*,*,#2605,.F.);
#2605 = EDGE_CURVE('',#2606,#2598,#2608,.T.);
#2606 = VERTEX_POINT('',#2607);
#2607 = CARTESIAN_POINT('',(141.377502,-116.867717,0.));
#2608 = LINE('',#2609,#2610);
#2609 = CARTESIAN_POINT('',(141.377502,-116.867717,0.));
#2610 = VECTOR('',#2611,1.);
#2611 = DIRECTION('',(-0.999886101031,1.509254665147E-02,0.));
#2612 = ORIENTED_EDGE('',*,*,#2613,.F.);
#2613 = EDGE_CURVE('',#2614,#2606,#2616,.T.);
#2614 = VERTEX_POINT('',#2615);
#2615 = CARTESIAN_POINT('',(143.764,-119.405399,0.));
#2616 = CIRCLE('',#2617,2.538057884246);
#2617 = AXIS2_PLACEMENT_3D('',#2618,#2619,#2620);
#2618 = CARTESIAN_POINT('',(141.22594551375,-119.4012458542,0.));
#2619 = DIRECTION('',(0.,0.,1.));
#2620 = DIRECTION('',(0.999998661182,-1.636347928722E-03,0.));
#2621 = ORIENTED_EDGE('',*,*,#2622,.F.);
#2622 = EDGE_CURVE('',#2623,#2614,#2625,.T.);
#2623 = VERTEX_POINT('',#2624);
#2624 = CARTESIAN_POINT('',(143.764,-124.282201,0.));
#2625 = LINE('',#2626,#2627);
#2626 = CARTESIAN_POINT('',(143.764,-124.282201,0.));
#2627 = VECTOR('',#2628,1.);
#2628 = DIRECTION('',(0.,1.,0.));
#2629 = ORIENTED_EDGE('',*,*,#2630,.F.);
#2630 = EDGE_CURVE('',#2631,#2623,#2633,.T.);
#2631 = VERTEX_POINT('',#2632);
#2632 = CARTESIAN_POINT('',(158.2928,-124.282199,0.));
#2633 = LINE('',#2634,#2635);
#2634 = CARTESIAN_POINT('',(158.2928,-124.282199,0.));
#2635 = VECTOR('',#2636,1.);
#2636 = DIRECTION('',(-1.,-1.37657617625E-07,0.));
#2637 = ORIENTED_EDGE('',*,*,#2638,.F.);
#2638 = EDGE_CURVE('',#2639,#2631,#2641,.T.);
#2639 = VERTEX_POINT('',#2640);
#2640 = CARTESIAN_POINT('',(158.292801,-119.4054,0.));
#2641 = LINE('',#2642,#2643);
#2642 = CARTESIAN_POINT('',(158.292801,-119.4054,0.));
#2643 = VECTOR('',#2644,1.);
#2644 = DIRECTION('',(-2.050525349671E-07,-1.,0.));
#2645 = ORIENTED_EDGE('',*,*,#2646,.F.);
#2646 = EDGE_CURVE('',#2647,#2639,#2649,.T.);
#2647 = VERTEX_POINT('',#2648);
#2648 = CARTESIAN_POINT('',(158.295118,-119.251899,0.));
#2649 = LINE('',#2650,#2651);
#2650 = CARTESIAN_POINT('',(158.295118,-119.251899,0.));
#2651 = VECTOR('',#2652,1.);
#2652 = DIRECTION('',(-1.509264495122E-02,-0.999886099548,0.));
#2653 = ORIENTED_EDGE('',*,*,#2654,.F.);
#2654 = EDGE_CURVE('',#2655,#2647,#2657,.T.);
#2655 = VERTEX_POINT('',#2656);
#2656 = CARTESIAN_POINT('',(160.8328,-116.8654,0.));
#2657 = CIRCLE('',#2658,2.538059718458);
#2658 = AXIS2_PLACEMENT_3D('',#2659,#2660,#2661);
#2659 = CARTESIAN_POINT('',(160.82864864165,-119.4034563233,0.));
#2660 = DIRECTION('',(0.,0.,1.));
#2661 = DIRECTION('',(1.635642501983E-03,0.999998662336,-0.));
#2662 = ORIENTED_EDGE('',*,*,#2663,.F.);
#2663 = EDGE_CURVE('',#2664,#2655,#2666,.T.);
#2664 = VERTEX_POINT('',#2665);
#2665 = CARTESIAN_POINT('',(167.639999,-116.865401,0.));
#2666 = LINE('',#2667,#2668);
#2667 = CARTESIAN_POINT('',(167.639999,-116.865401,0.));
#2668 = VECTOR('',#2669,1.);
#2669 = DIRECTION('',(-1.,1.469033021785E-07,0.));
#2670 = ORIENTED_EDGE('',*,*,#2671,.F.);
#2671 = EDGE_CURVE('',#2672,#2664,#2674,.T.);
#2672 = VERTEX_POINT('',#2673);
#2673 = CARTESIAN_POINT('',(167.793506,-116.867626,0.));
#2674 = LINE('',#2675,#2676);
#2675 = CARTESIAN_POINT('',(167.793506,-116.867626,0.));
#2676 = VECTOR('',#2677,1.);
#2677 = DIRECTION('',(-0.999894971964,1.449293069773E-02,0.));
#2678 = ORIENTED_EDGE('',*,*,#2679,.F.);
#2679 = EDGE_CURVE('',#2680,#2672,#2682,.T.);
#2680 = VERTEX_POINT('',#2681);
#2681 = CARTESIAN_POINT('',(170.179999,-119.4054,0.));
#2682 = CIRCLE('',#2683,2.53797965209);
#2683 = AXIS2_PLACEMENT_3D('',#2684,#2685,#2686);
#2684 = CARTESIAN_POINT('',(167.64202302304,-119.4010808786,0.));
#2685 = DIRECTION('',(0.,0.,1.));
#2686 = DIRECTION('',(0.999998551946,-1.701795108735E-03,0.));
#2687 = ORIENTED_EDGE('',*,*,#2688,.F.);
#2688 = EDGE_CURVE('',#2689,#2680,#2691,.T.);
#2689 = VERTEX_POINT('',#2690);
#2690 = CARTESIAN_POINT('',(170.179999,-124.2822,0.));
#2691 = LINE('',#2692,#2693);
#2692 = CARTESIAN_POINT('',(170.179999,-124.2822,0.));
#2693 = VECTOR('',#2694,1.);
#2694 = DIRECTION('',(0.,1.,0.));
#2695 = ORIENTED_EDGE('',*,*,#2696,.F.);
#2696 = EDGE_CURVE('',#2697,#2689,#2699,.T.);
#2697 = VERTEX_POINT('',#2698);
#2698 = CARTESIAN_POINT('',(170.179999,-127.635001,0.));
#2699 = LINE('',#2700,#2701);
#2700 = CARTESIAN_POINT('',(170.179999,-127.635001,0.));
#2701 = VECTOR('',#2702,1.);
#2702 = DIRECTION('',(0.,1.,0.));
#2703 = ORIENTED_EDGE('',*,*,#2704,.F.);
#2704 = EDGE_CURVE('',#2705,#2697,#2707,.T.);
#2705 = VERTEX_POINT('',#2706);
#2706 = CARTESIAN_POINT('',(170.182316,-127.788503,0.));
#2707 = LINE('',#2708,#2709);
#2708 = CARTESIAN_POINT('',(170.182316,-127.788503,0.));
#2709 = VECTOR('',#2710,1.);
#2710 = DIRECTION('',(-1.509254665129E-02,0.999886101031,0.));
#2711 = ORIENTED_EDGE('',*,*,#2712,.F.);
#2712 = EDGE_CURVE('',#2713,#2705,#2715,.T.);
#2713 = VERTEX_POINT('',#2714);
#2714 = CARTESIAN_POINT('',(172.72,-130.175,0.));
#2715 = CIRCLE('',#2716,2.53805593958);
#2716 = AXIS2_PLACEMENT_3D('',#2717,#2718,#2719);
#2717 = CARTESIAN_POINT('',(172.71584296298,-127.6369474647,0.));
#2718 = DIRECTION('',(0.,0.,-1.));
#2719 = DIRECTION('',(1.637882344544E-03,-0.99999865867,0.));
#2720 = ORIENTED_EDGE('',*,*,#2721,.F.);
#2721 = EDGE_CURVE('',#2722,#2713,#2724,.T.);
#2722 = VERTEX_POINT('',#2723);
#2723 = CARTESIAN_POINT('',(190.652401,-130.175001,0.));
#2724 = LINE('',#2725,#2726);
#2725 = CARTESIAN_POINT('',(190.652401,-130.175001,0.));
#2726 = VECTOR('',#2727,1.);
#2727 = DIRECTION('',(-1.,5.576498080069E-08,0.));
#2728 = ORIENTED_EDGE('',*,*,#2729,.F.);
#2729 = EDGE_CURVE('',#2730,#2722,#2732,.T.);
#2730 = VERTEX_POINT('',#2731);
#2731 = CARTESIAN_POINT('',(190.805903,-130.172684,0.));
#2732 = LINE('',#2733,#2734);
#2733 = CARTESIAN_POINT('',(190.805903,-130.172684,0.));
#2734 = VECTOR('',#2735,1.);
#2735 = DIRECTION('',(-0.999886101031,-1.509254665147E-02,0.));
#2736 = ORIENTED_EDGE('',*,*,#2737,.F.);
#2737 = EDGE_CURVE('',#2738,#2730,#2740,.T.);
#2738 = VERTEX_POINT('',#2739);
#2739 = CARTESIAN_POINT('',(193.1924,-127.635001,0.));
#2740 = CIRCLE('',#2741,2.538057880272);
#2741 = AXIS2_PLACEMENT_3D('',#2742,#2743,#2744);
#2742 = CARTESIAN_POINT('',(190.65434551946,-127.6391552092,0.));
#2743 = DIRECTION('',(0.,0.,-1.));
#2744 = DIRECTION('',(0.999998660496,1.636766936546E-03,0.));
#2745 = ORIENTED_EDGE('',*,*,#2746,.F.);
#2746 = EDGE_CURVE('',#2747,#2738,#2749,.T.);
#2747 = VERTEX_POINT('',#2748);
#2748 = CARTESIAN_POINT('',(193.1924,-124.2822,0.));
#2749 = LINE('',#2750,#2751);
#2750 = CARTESIAN_POINT('',(193.1924,-124.2822,0.));
#2751 = VECTOR('',#2752,1.);
#2752 = DIRECTION('',(0.,-1.,0.));
#2753 = ORIENTED_EDGE('',*,*,#2754,.F.);
#2754 = EDGE_CURVE('',#2755,#2747,#2757,.T.);
#2755 = VERTEX_POINT('',#2756);
#2756 = CARTESIAN_POINT('',(193.1924,-98.628201,0.));
#2757 = LINE('',#2758,#2759);
#2758 = CARTESIAN_POINT('',(193.1924,-98.628201,0.));
#2759 = VECTOR('',#2760,1.);
#2760 = DIRECTION('',(0.,-1.,0.));
#2761 = ORIENTED_EDGE('',*,*,#2762,.F.);
#2762 = EDGE_CURVE('',#2763,#2755,#2765,.T.);
#2763 = VERTEX_POINT('',#2764);
#2764 = CARTESIAN_POINT('',(196.545201,-98.628201,0.));
#2765 = LINE('',#2766,#2767);
#2766 = CARTESIAN_POINT('',(196.545201,-98.628201,0.));
#2767 = VECTOR('',#2768,1.);
#2768 = DIRECTION('',(-1.,0.,0.));
#2769 = ORIENTED_EDGE('',*,*,#2770,.F.);
#2770 = EDGE_CURVE('',#2771,#2763,#2773,.T.);
#2771 = VERTEX_POINT('',#2772);
#2772 = CARTESIAN_POINT('',(196.698703,-98.625884,0.));
#2773 = LINE('',#2774,#2775);
#2774 = CARTESIAN_POINT('',(196.698703,-98.625884,0.));
#2775 = VECTOR('',#2776,1.);
#2776 = DIRECTION('',(-0.999886101031,-1.509254665147E-02,0.));
#2777 = ORIENTED_EDGE('',*,*,#2778,.F.);
#2778 = EDGE_CURVE('',#2779,#2771,#2781,.T.);
#2779 = VERTEX_POINT('',#2780);
#2780 = CARTESIAN_POINT('',(199.0852,-96.0882,0.));
#2781 = CIRCLE('',#2782,2.53805593958);
#2782 = AXIS2_PLACEMENT_3D('',#2783,#2784,#2785);
#2783 = CARTESIAN_POINT('',(196.54714746479,-96.09235703701,0.));
#2784 = DIRECTION('',(0.,0.,-1.));
#2785 = DIRECTION('',(0.99999865867,1.637882344544E-03,0.));
#2786 = ORIENTED_EDGE('',*,*,#2787,.F.);
#2787 = EDGE_CURVE('',#2788,#2779,#2790,.T.);
#2788 = VERTEX_POINT('',#2789);
#2789 = CARTESIAN_POINT('',(199.0852,-82.8294,0.));
#2790 = LINE('',#2791,#2792);
#2791 = CARTESIAN_POINT('',(199.0852,-82.8294,0.));
#2792 = VECTOR('',#2793,1.);
#2793 = DIRECTION('',(0.,-1.,0.));
#2794 = ORIENTED_EDGE('',*,*,#2795,.F.);
#2795 = EDGE_CURVE('',#2796,#2788,#2798,.T.);
#2796 = VERTEX_POINT('',#2797);
#2797 = CARTESIAN_POINT('',(199.082975,-82.675893,0.));
#2798 = LINE('',#2799,#2800);
#2799 = CARTESIAN_POINT('',(199.082975,-82.675893,0.));
#2800 = VECTOR('',#2801,1.);
#2801 = DIRECTION('',(1.449293069764E-02,-0.999894971964,0.));
#2802 = ORIENTED_EDGE('',*,*,#2803,.F.);
#2803 = EDGE_CURVE('',#2804,#2796,#2806,.T.);
#2804 = VERTEX_POINT('',#2805);
#2805 = CARTESIAN_POINT('',(196.545199,-80.289401,0.));
#2806 = CIRCLE('',#2807,2.537977707784);
#2807 = AXIS2_PLACEMENT_3D('',#2808,#2809,#2810);
#2808 = CARTESIAN_POINT('',(196.54952201227,-82.82737502602,0.));
#2809 = DIRECTION('',(0.,0.,-1.));
#2810 = DIRECTION('',(-1.703329491207E-03,0.999998549333,0.));
#2811 = ORIENTED_EDGE('',*,*,#2812,.F.);
#2812 = EDGE_CURVE('',#2813,#2804,#2815,.T.);
#2813 = VERTEX_POINT('',#2814);
#2814 = CARTESIAN_POINT('',(193.192398,-80.289401,0.));
#2815 = LINE('',#2816,#2817);
#2816 = CARTESIAN_POINT('',(193.192398,-80.289401,0.));
#2817 = VECTOR('',#2818,1.);
#2818 = DIRECTION('',(1.,0.,0.));
#2819 = ORIENTED_EDGE('',*,*,#2820,.F.);
#2820 = EDGE_CURVE('',#2821,#2813,#2823,.T.);
#2821 = VERTEX_POINT('',#2822);
#2822 = CARTESIAN_POINT('',(193.1924,-62.0522,0.));
#2823 = LINE('',#2824,#2825);
#2824 = CARTESIAN_POINT('',(193.1924,-62.0522,0.));
#2825 = VECTOR('',#2826,1.);
#2826 = DIRECTION('',(-1.096659512033E-07,-1.,0.));
#2827 = ORIENTED_EDGE('',*,*,#2828,.F.);
#2828 = EDGE_CURVE('',#2829,#2821,#2831,.T.);
#2829 = VERTEX_POINT('',#2830);
#2830 = CARTESIAN_POINT('',(193.1924,-54.6354,0.));
#2831 = LINE('',#2832,#2833);
#2832 = CARTESIAN_POINT('',(193.1924,-54.6354,0.));
#2833 = VECTOR('',#2834,1.);
#2834 = DIRECTION('',(0.,-1.,0.));
#2835 = ORIENTED_EDGE('',*,*,#2836,.F.);
#2836 = EDGE_CURVE('',#2837,#2829,#2839,.T.);
#2837 = VERTEX_POINT('',#2838);
#2838 = CARTESIAN_POINT('',(185.928,-54.6354,0.));
#2839 = LINE('',#2840,#2841);
#2840 = CARTESIAN_POINT('',(185.928,-54.6354,0.));
#2841 = VECTOR('',#2842,1.);
#2842 = DIRECTION('',(1.,0.,0.));
#2843 = ORIENTED_EDGE('',*,*,#2844,.F.);
#2844 = EDGE_CURVE('',#2845,#2837,#2847,.T.);
#2845 = VERTEX_POINT('',#2846);
#2846 = CARTESIAN_POINT('',(185.928,-59.5122,0.));
#2847 = LINE('',#2848,#2849);
#2848 = CARTESIAN_POINT('',(185.928,-59.5122,0.));
#2849 = VECTOR('',#2850,1.);
#2850 = DIRECTION('',(0.,1.,0.));
#2851 = ORIENTED_EDGE('',*,*,#2852,.F.);
#2852 = EDGE_CURVE('',#2853,#2845,#2855,.T.);
#2853 = VERTEX_POINT('',#2854);
#2854 = CARTESIAN_POINT('',(185.925683,-59.665702,0.));
#2855 = LINE('',#2856,#2857);
#2856 = CARTESIAN_POINT('',(185.925683,-59.665702,0.));
#2857 = VECTOR('',#2858,1.);
#2858 = DIRECTION('',(1.509254665147E-02,0.999886101031,0.));
#2859 = ORIENTED_EDGE('',*,*,#2860,.F.);
#2860 = EDGE_CURVE('',#2861,#2853,#2863,.T.);
#2861 = VERTEX_POINT('',#2862);
#2862 = CARTESIAN_POINT('',(183.388001,-62.0522,0.));
#2863 = CIRCLE('',#2864,2.538057884246);
#2864 = AXIS2_PLACEMENT_3D('',#2865,#2866,#2867);
#2865 = CARTESIAN_POINT('',(183.39215414576,-59.51414551375,0.));
#2866 = DIRECTION('',(0.,0.,1.));
#2867 = DIRECTION('',(-1.636347928728E-03,-0.999998661182,0.));
#2868 = ORIENTED_EDGE('',*,*,#2869,.F.);
#2869 = EDGE_CURVE('',#2870,#2861,#2872,.T.);
#2870 = VERTEX_POINT('',#2871);
#2871 = CARTESIAN_POINT('',(169.3672,-62.0522,0.));
#2872 = LINE('',#2873,#2874);
#2873 = CARTESIAN_POINT('',(169.3672,-62.0522,0.));
#2874 = VECTOR('',#2875,1.);
#2875 = DIRECTION('',(1.,0.,0.));
#2876 = ORIENTED_EDGE('',*,*,#2877,.F.);
#2877 = EDGE_CURVE('',#2878,#2870,#2880,.T.);
#2878 = VERTEX_POINT('',#2879);
#2879 = CARTESIAN_POINT('',(169.213698,-62.049883,0.));
#2880 = LINE('',#2881,#2882);
#2881 = CARTESIAN_POINT('',(169.213698,-62.049883,0.));
#2882 = VECTOR('',#2883,1.);
#2883 = DIRECTION('',(0.999886101031,-1.509254665143E-02,0.));
#2884 = ORIENTED_EDGE('',*,*,#2885,.F.);
#2885 = EDGE_CURVE('',#2886,#2878,#2888,.T.);
#2886 = VERTEX_POINT('',#2887);
#2887 = CARTESIAN_POINT('',(166.8272,-59.512201,0.));
#2888 = CIRCLE('',#2889,2.538057884246);
#2889 = AXIS2_PLACEMENT_3D('',#2890,#2891,#2892);
#2890 = CARTESIAN_POINT('',(169.36525448624,-59.51635414576,0.));
#2891 = DIRECTION('',(0.,0.,1.));
#2892 = DIRECTION('',(-0.999998661182,1.636347928733E-03,0.));
#2893 = ORIENTED_EDGE('',*,*,#2894,.F.);
#2894 = EDGE_CURVE('',#2895,#2886,#2897,.T.);
#2895 = VERTEX_POINT('',#2896);
#2896 = CARTESIAN_POINT('',(166.8272,-54.6354,0.));
#2897 = LINE('',#2898,#2899);
#2898 = CARTESIAN_POINT('',(166.8272,-54.6354,0.));
#2899 = VECTOR('',#2900,1.);
#2900 = DIRECTION('',(0.,-1.,0.));
#2901 = ORIENTED_EDGE('',*,*,#2902,.F.);
#2902 = EDGE_CURVE('',#2318,#2895,#2903,.T.);
#2903 = LINE('',#2904,#2905);
#2904 = CARTESIAN_POINT('',(166.8272,-51.282599,0.));
#2905 = VECTOR('',#2906,1.);
#2906 = DIRECTION('',(0.,-1.,0.));
#2907 = ORIENTED_EDGE('',*,*,#2325,.F.);
#2908 = FACE_BOUND('',#2909,.F.);
#2909 = EDGE_LOOP('',(#2910));
#2910 = ORIENTED_EDGE('',*,*,#2911,.T.);
#2911 = EDGE_CURVE('',#2912,#2912,#2914,.T.);
#2912 = VERTEX_POINT('',#2913);
#2913 = CARTESIAN_POINT('',(111.404399,-128.135001,0.));
#2914 = CIRCLE('',#2915,0.5);
#2915 = AXIS2_PLACEMENT_3D('',#2916,#2917,#2918);
#2916 = CARTESIAN_POINT('',(111.404399,-127.635001,0.));
#2917 = DIRECTION('',(-0.,0.,-1.));
#2918 = DIRECTION('',(-0.,-1.,0.));
#2919 = FACE_BOUND('',#2920,.F.);
#2920 = EDGE_LOOP('',(#2921));
#2921 = ORIENTED_EDGE('',*,*,#2922,.T.);
#2922 = EDGE_CURVE('',#2923,#2923,#2925,.T.);
#2923 = VERTEX_POINT('',#2924);
#2924 = CARTESIAN_POINT('',(122.123199,-128.135001,0.));
#2925 = CIRCLE('',#2926,0.5);
#2926 = AXIS2_PLACEMENT_3D('',#2927,#2928,#2929);
#2927 = CARTESIAN_POINT('',(122.123199,-127.635001,0.));
#2928 = DIRECTION('',(-0.,0.,-1.));
#2929 = DIRECTION('',(-0.,-1.,0.));
#2930 = FACE_BOUND('',#2931,.F.);
#2931 = EDGE_LOOP('',(#2932));
#2932 = ORIENTED_EDGE('',*,*,#2933,.T.);
#2933 = EDGE_CURVE('',#2934,#2934,#2936,.T.);
#2934 = VERTEX_POINT('',#2935);
#2935 = CARTESIAN_POINT('',(111.8702,-114.276,0.));
#2936 = CIRCLE('',#2937,1.5);
#2937 = AXIS2_PLACEMENT_3D('',#2938,#2939,#2940);
#2938 = CARTESIAN_POINT('',(111.8702,-112.776,0.));
#2939 = DIRECTION('',(-0.,0.,-1.));
#2940 = DIRECTION('',(-0.,-1.,0.));
#2941 = FACE_BOUND('',#2942,.F.);
#2942 = EDGE_LOOP('',(#2943));
#2943 = ORIENTED_EDGE('',*,*,#2944,.T.);
#2944 = EDGE_CURVE('',#2945,#2945,#2947,.T.);
#2945 = VERTEX_POINT('',#2946);
#2946 = CARTESIAN_POINT('',(147.8702,-114.276,0.));
#2947 = CIRCLE('',#2948,1.5);
#2948 = AXIS2_PLACEMENT_3D('',#2949,#2950,#2951);
#2949 = CARTESIAN_POINT('',(147.8702,-112.776,0.));
#2950 = DIRECTION('',(-0.,0.,-1.));
#2951 = DIRECTION('',(-0.,-1.,0.));
#2952 = FACE_BOUND('',#2953,.F.);
#2953 = EDGE_LOOP('',(#2954));
#2954 = ORIENTED_EDGE('',*,*,#2955,.T.);
#2955 = EDGE_CURVE('',#2956,#2956,#2958,.T.);
#2956 = VERTEX_POINT('',#2957);
#2957 = CARTESIAN_POINT('',(105.511599,-96.588199,0.));
#2958 = CIRCLE('',#2959,0.5);
#2959 = AXIS2_PLACEMENT_3D('',#2960,#2961,#2962);
#2960 = CARTESIAN_POINT('',(105.511599,-96.088199,0.));
#2961 = DIRECTION('',(-0.,0.,-1.));
#2962 = DIRECTION('',(-0.,-1.,0.));
#2963 = FACE_BOUND('',#2964,.F.);
#2964 = EDGE_LOOP('',(#2965,#2976,#2984,#2992,#3001,#3009,#3017,#3025,
    #3034,#3042,#3050,#3059,#3067,#3075));
#2965 = ORIENTED_EDGE('',*,*,#2966,.F.);
#2966 = EDGE_CURVE('',#2967,#2969,#2971,.T.);
#2967 = VERTEX_POINT('',#2968);
#2968 = CARTESIAN_POINT('',(118.515297,-93.550516,0.));
#2969 = VERTEX_POINT('',#2970);
#2970 = CARTESIAN_POINT('',(116.1288,-96.0882,0.));
#2971 = CIRCLE('',#2972,2.53805593958);
#2972 = AXIS2_PLACEMENT_3D('',#2973,#2974,#2975);
#2973 = CARTESIAN_POINT('',(118.6668525352,-96.08404296298,0.));
#2974 = DIRECTION('',(0.,0.,1.));
#2975 = DIRECTION('',(-5.971323675143E-02,0.998215572588,0.));
#2976 = ORIENTED_EDGE('',*,*,#2977,.F.);
#2977 = EDGE_CURVE('',#2978,#2967,#2980,.T.);
#2978 = VERTEX_POINT('',#2979);
#2979 = CARTESIAN_POINT('',(118.668799,-93.548199,0.));
#2980 = LINE('',#2981,#2982);
#2981 = CARTESIAN_POINT('',(118.668799,-93.548199,0.));
#2982 = VECTOR('',#2983,1.);
#2983 = DIRECTION('',(-0.999886101031,-1.509254665147E-02,0.));
#2984 = ORIENTED_EDGE('',*,*,#2985,.F.);
#2985 = EDGE_CURVE('',#2986,#2978,#2988,.T.);
#2986 = VERTEX_POINT('',#2987);
#2987 = CARTESIAN_POINT('',(141.224,-93.5482,0.));
#2988 = LINE('',#2989,#2990);
#2989 = CARTESIAN_POINT('',(141.224,-93.5482,0.));
#2990 = VECTOR('',#2991,1.);
#2991 = DIRECTION('',(-1.,4.433567217935E-08,0.));
#2992 = ORIENTED_EDGE('',*,*,#2993,.F.);
#2993 = EDGE_CURVE('',#2994,#2986,#2996,.T.);
#2994 = VERTEX_POINT('',#2995);
#2995 = CARTESIAN_POINT('',(143.761683,-95.934697,0.));
#2996 = CIRCLE('',#2997,2.538057880272);
#2997 = AXIS2_PLACEMENT_3D('',#2998,#2999,#3000);
#2998 = CARTESIAN_POINT('',(141.22815420922,-96.08625448053,0.));
#2999 = DIRECTION('',(0.,0.,1.));
#3000 = DIRECTION('',(0.998215529469,5.971395755447E-02,-0.));
#3001 = ORIENTED_EDGE('',*,*,#3002,.F.);
#3002 = EDGE_CURVE('',#3003,#2994,#3005,.T.);
#3003 = VERTEX_POINT('',#3004);
#3004 = CARTESIAN_POINT('',(143.764,-96.088199,0.));
#3005 = LINE('',#3006,#3007);
#3006 = CARTESIAN_POINT('',(143.764,-96.088199,0.));
#3007 = VECTOR('',#3008,1.);
#3008 = DIRECTION('',(-1.509254665147E-02,0.999886101031,0.));
#3009 = ORIENTED_EDGE('',*,*,#3010,.F.);
#3010 = EDGE_CURVE('',#3011,#3003,#3013,.T.);
#3011 = VERTEX_POINT('',#3012);
#3012 = CARTESIAN_POINT('',(143.763999,-101.1174,0.));
#3013 = LINE('',#3014,#3015);
#3014 = CARTESIAN_POINT('',(143.763999,-101.1174,0.));
#3015 = VECTOR('',#3016,1.);
#3016 = DIRECTION('',(1.988387414771E-07,1.,0.));
#3017 = ORIENTED_EDGE('',*,*,#3018,.F.);
#3018 = EDGE_CURVE('',#3019,#3011,#3021,.T.);
#3019 = VERTEX_POINT('',#3020);
#3020 = CARTESIAN_POINT('',(143.764,-106.1466,0.));
#3021 = LINE('',#3022,#3023);
#3022 = CARTESIAN_POINT('',(143.764,-106.1466,0.));
#3023 = VECTOR('',#3024,1.);
#3024 = DIRECTION('',(-1.988387810139E-07,1.,0.));
#3025 = ORIENTED_EDGE('',*,*,#3026,.F.);
#3026 = EDGE_CURVE('',#3027,#3019,#3029,.T.);
#3027 = VERTEX_POINT('',#3028);
#3028 = CARTESIAN_POINT('',(141.377503,-108.684283,0.));
#3029 = CIRCLE('',#3030,2.538057880272);
#3030 = AXIS2_PLACEMENT_3D('',#3031,#3032,#3033);
#3031 = CARTESIAN_POINT('',(141.22594551946,-106.1507542092,0.));
#3032 = DIRECTION('',(0.,0.,1.));
#3033 = DIRECTION('',(5.971395755446E-02,-0.998215529469,0.));
#3034 = ORIENTED_EDGE('',*,*,#3035,.F.);
#3035 = EDGE_CURVE('',#3036,#3027,#3038,.T.);
#3036 = VERTEX_POINT('',#3037);
#3037 = CARTESIAN_POINT('',(141.224001,-108.6866,0.));
#3038 = LINE('',#3039,#3040);
#3039 = CARTESIAN_POINT('',(141.224001,-108.6866,0.));
#3040 = VECTOR('',#3041,1.);
#3041 = DIRECTION('',(0.999886101031,1.509254665147E-02,0.));
#3042 = ORIENTED_EDGE('',*,*,#3043,.F.);
#3043 = EDGE_CURVE('',#3044,#3036,#3046,.T.);
#3044 = VERTEX_POINT('',#3045);
#3045 = CARTESIAN_POINT('',(118.6688,-108.6866,0.));
#3046 = LINE('',#3047,#3048);
#3047 = CARTESIAN_POINT('',(118.6688,-108.6866,0.));
#3048 = VECTOR('',#3049,1.);
#3049 = DIRECTION('',(1.,0.,0.));
#3050 = ORIENTED_EDGE('',*,*,#3051,.F.);
#3051 = EDGE_CURVE('',#3052,#3044,#3054,.T.);
#3052 = VERTEX_POINT('',#3053);
#3053 = CARTESIAN_POINT('',(116.131117,-106.300103,0.));
#3054 = CIRCLE('',#3055,2.538057880272);
#3055 = AXIS2_PLACEMENT_3D('',#3056,#3057,#3058);
#3056 = CARTESIAN_POINT('',(118.66464579077,-106.1485455194,0.));
#3057 = DIRECTION('',(0.,0.,1.));
#3058 = DIRECTION('',(-0.998215529469,-5.971395755446E-02,0.));
#3059 = ORIENTED_EDGE('',*,*,#3060,.F.);
#3060 = EDGE_CURVE('',#3061,#3052,#3063,.T.);
#3061 = VERTEX_POINT('',#3062);
#3062 = CARTESIAN_POINT('',(116.1288,-106.146601,0.));
#3063 = LINE('',#3064,#3065);
#3064 = CARTESIAN_POINT('',(116.1288,-106.146601,0.));
#3065 = VECTOR('',#3066,1.);
#3066 = DIRECTION('',(1.509254665147E-02,-0.999886101031,0.));
#3067 = ORIENTED_EDGE('',*,*,#3068,.F.);
#3068 = EDGE_CURVE('',#3069,#3061,#3071,.T.);
#3069 = VERTEX_POINT('',#3070);
#3070 = CARTESIAN_POINT('',(116.128799,-101.1174,0.));
#3071 = LINE('',#3072,#3073);
#3072 = CARTESIAN_POINT('',(116.128799,-101.1174,0.));
#3073 = VECTOR('',#3074,1.);
#3074 = DIRECTION('',(1.988387414771E-07,-1.,0.));
#3075 = ORIENTED_EDGE('',*,*,#3076,.F.);
#3076 = EDGE_CURVE('',#2969,#3069,#3077,.T.);
#3077 = LINE('',#3078,#3079);
#3078 = CARTESIAN_POINT('',(116.1288,-96.0882,0.));
#3079 = VECTOR('',#3080,1.);
#3080 = DIRECTION('',(-1.988387810139E-07,-1.,0.));
#3081 = FACE_BOUND('',#3082,.F.);
#3082 = EDGE_LOOP('',(#3083));
#3083 = ORIENTED_EDGE('',*,*,#3084,.T.);
#3084 = EDGE_CURVE('',#3085,#3085,#3087,.T.);
#3085 = VERTEX_POINT('',#3086);
#3086 = CARTESIAN_POINT('',(154.1866,-114.276,0.));
#3087 = CIRCLE('',#3088,1.5);
#3088 = AXIS2_PLACEMENT_3D('',#3089,#3090,#3091);
#3089 = CARTESIAN_POINT('',(154.1866,-112.776,0.));
#3090 = DIRECTION('',(-0.,0.,-1.));
#3091 = DIRECTION('',(-0.,-1.,0.));
#3092 = FACE_BOUND('',#3093,.F.);
#3093 = EDGE_LOOP('',(#3094));
#3094 = ORIENTED_EDGE('',*,*,#3095,.T.);
#3095 = EDGE_CURVE('',#3096,#3096,#3098,.T.);
#3096 = VERTEX_POINT('',#3097);
#3097 = CARTESIAN_POINT('',(184.8358,-127.9786,0.));
#3098 = CIRCLE('',#3099,0.75);
#3099 = AXIS2_PLACEMENT_3D('',#3100,#3101,#3102);
#3100 = CARTESIAN_POINT('',(184.8358,-127.2286,0.));
#3101 = DIRECTION('',(-0.,0.,-1.));
#3102 = DIRECTION('',(-0.,-1.,0.));
#3103 = FACE_BOUND('',#3104,.F.);
#3104 = EDGE_LOOP('',(#3105));
#3105 = ORIENTED_EDGE('',*,*,#3106,.T.);
#3106 = EDGE_CURVE('',#3107,#3107,#3109,.T.);
#3107 = VERTEX_POINT('',#3108);
#3108 = CARTESIAN_POINT('',(188.6204,-127.9786,0.));
#3109 = CIRCLE('',#3110,0.75);
#3110 = AXIS2_PLACEMENT_3D('',#3111,#3112,#3113);
#3111 = CARTESIAN_POINT('',(188.6204,-127.2286,0.));
#3112 = DIRECTION('',(-0.,0.,-1.));
#3113 = DIRECTION('',(-0.,-1.,0.));
#3114 = FACE_BOUND('',#3115,.F.);
#3115 = EDGE_LOOP('',(#3116));
#3116 = ORIENTED_EDGE('',*,*,#3117,.T.);
#3117 = EDGE_CURVE('',#3118,#3118,#3120,.T.);
#3118 = VERTEX_POINT('',#3119);
#3119 = CARTESIAN_POINT('',(190.1866,-114.276,0.));
#3120 = CIRCLE('',#3121,1.5);
#3121 = AXIS2_PLACEMENT_3D('',#3122,#3123,#3124);
#3122 = CARTESIAN_POINT('',(190.1866,-112.776,0.));
#3123 = DIRECTION('',(-0.,0.,-1.));
#3124 = DIRECTION('',(-0.,-1.,0.));
#3125 = FACE_BOUND('',#3126,.F.);
#3126 = EDGE_LOOP('',(#3127,#3138,#3146,#3154,#3163,#3171,#3179,#3187,
    #3196,#3204,#3212,#3221,#3229,#3237));
#3127 = ORIENTED_EDGE('',*,*,#3128,.F.);
#3128 = EDGE_CURVE('',#3129,#3131,#3133,.T.);
#3129 = VERTEX_POINT('',#3130);
#3130 = CARTESIAN_POINT('',(160.832799,-93.548199,0.));
#3131 = VERTEX_POINT('',#3132);
#3132 = CARTESIAN_POINT('',(158.295117,-95.934698,0.));
#3133 = CIRCLE('',#3134,2.538059718458);
#3134 = AXIS2_PLACEMENT_3D('',#3135,#3136,#3137);
#3135 = CARTESIAN_POINT('',(160.82864764165,-96.08625532338,0.));
#3136 = DIRECTION('',(0.,0.,1.));
#3137 = DIRECTION('',(1.635642501983E-03,0.999998662336,-0.));
#3138 = ORIENTED_EDGE('',*,*,#3139,.F.);
#3139 = EDGE_CURVE('',#3140,#3129,#3142,.T.);
#3140 = VERTEX_POINT('',#3141);
#3141 = CARTESIAN_POINT('',(183.388,-93.5482,0.));
#3142 = LINE('',#3143,#3144);
#3143 = CARTESIAN_POINT('',(183.388,-93.5482,0.));
#3144 = VECTOR('',#3145,1.);
#3145 = DIRECTION('',(-1.,4.433567217935E-08,0.));
#3146 = ORIENTED_EDGE('',*,*,#3147,.F.);
#3147 = EDGE_CURVE('',#3148,#3140,#3150,.T.);
#3148 = VERTEX_POINT('',#3149);
#3149 = CARTESIAN_POINT('',(183.541502,-93.550517,0.));
#3150 = LINE('',#3151,#3152);
#3151 = CARTESIAN_POINT('',(183.541502,-93.550517,0.));
#3152 = VECTOR('',#3153,1.);
#3153 = DIRECTION('',(-0.999886101031,1.509254665147E-02,0.));
#3154 = ORIENTED_EDGE('',*,*,#3155,.F.);
#3155 = EDGE_CURVE('',#3156,#3148,#3158,.T.);
#3156 = VERTEX_POINT('',#3157);
#3157 = CARTESIAN_POINT('',(185.928,-96.088199,0.));
#3158 = CIRCLE('',#3159,2.538057884246);
#3159 = AXIS2_PLACEMENT_3D('',#3160,#3161,#3162);
#3160 = CARTESIAN_POINT('',(183.38994551375,-96.08404585423,0.));
#3161 = DIRECTION('',(0.,0.,1.));
#3162 = DIRECTION('',(0.999998661182,-1.636347928728E-03,0.));
#3163 = ORIENTED_EDGE('',*,*,#3164,.F.);
#3164 = EDGE_CURVE('',#3165,#3156,#3167,.T.);
#3165 = VERTEX_POINT('',#3166);
#3166 = CARTESIAN_POINT('',(185.927999,-101.1174,0.));
#3167 = LINE('',#3168,#3169);
#3168 = CARTESIAN_POINT('',(185.927999,-101.1174,0.));
#3169 = VECTOR('',#3170,1.);
#3170 = DIRECTION('',(1.988387414771E-07,1.,0.));
#3171 = ORIENTED_EDGE('',*,*,#3172,.F.);
#3172 = EDGE_CURVE('',#3173,#3165,#3175,.T.);
#3173 = VERTEX_POINT('',#3174);
#3174 = CARTESIAN_POINT('',(185.928,-106.1466,0.));
#3175 = LINE('',#3176,#3177);
#3176 = CARTESIAN_POINT('',(185.928,-106.1466,0.));
#3177 = VECTOR('',#3178,1.);
#3178 = DIRECTION('',(-1.988387810139E-07,1.,0.));
#3179 = ORIENTED_EDGE('',*,*,#3180,.F.);
#3180 = EDGE_CURVE('',#3181,#3173,#3183,.T.);
#3181 = VERTEX_POINT('',#3182);
#3182 = CARTESIAN_POINT('',(185.925683,-106.300102,0.));
#3183 = LINE('',#3184,#3185);
#3184 = CARTESIAN_POINT('',(185.925683,-106.300102,0.));
#3185 = VECTOR('',#3186,1.);
#3186 = DIRECTION('',(1.509254665147E-02,0.999886101031,0.));
#3187 = ORIENTED_EDGE('',*,*,#3188,.F.);
#3188 = EDGE_CURVE('',#3189,#3181,#3191,.T.);
#3189 = VERTEX_POINT('',#3190);
#3190 = CARTESIAN_POINT('',(183.388001,-108.6866,0.));
#3191 = CIRCLE('',#3192,2.538057884246);
#3192 = AXIS2_PLACEMENT_3D('',#3193,#3194,#3195);
#3193 = CARTESIAN_POINT('',(183.39215414576,-106.1485455137,0.));
#3194 = DIRECTION('',(0.,0.,1.));
#3195 = DIRECTION('',(-1.636347928716E-03,-0.999998661182,0.));
#3196 = ORIENTED_EDGE('',*,*,#3197,.F.);
#3197 = EDGE_CURVE('',#3198,#3189,#3200,.T.);
#3198 = VERTEX_POINT('',#3199);
#3199 = CARTESIAN_POINT('',(160.8328,-108.6866,0.));
#3200 = LINE('',#3201,#3202);
#3201 = CARTESIAN_POINT('',(160.8328,-108.6866,0.));
#3202 = VECTOR('',#3203,1.);
#3203 = DIRECTION('',(1.,0.,0.));
#3204 = ORIENTED_EDGE('',*,*,#3205,.F.);
#3205 = EDGE_CURVE('',#3206,#3198,#3208,.T.);
#3206 = VERTEX_POINT('',#3207);
#3207 = CARTESIAN_POINT('',(160.679298,-108.684283,0.));
#3208 = LINE('',#3209,#3210);
#3209 = CARTESIAN_POINT('',(160.679298,-108.684283,0.));
#3210 = VECTOR('',#3211,1.);
#3211 = DIRECTION('',(0.999886101031,-1.509254665147E-02,0.));
#3212 = ORIENTED_EDGE('',*,*,#3213,.F.);
#3213 = EDGE_CURVE('',#3214,#3206,#3216,.T.);
#3214 = VERTEX_POINT('',#3215);
#3215 = CARTESIAN_POINT('',(158.2928,-106.146601,0.));
#3216 = CIRCLE('',#3217,2.538057884245);
#3217 = AXIS2_PLACEMENT_3D('',#3218,#3219,#3220);
#3218 = CARTESIAN_POINT('',(160.83085448624,-106.1507541457,0.));
#3219 = DIRECTION('',(0.,0.,1.));
#3220 = DIRECTION('',(-0.999998661182,1.636347928733E-03,0.));
#3221 = ORIENTED_EDGE('',*,*,#3222,.F.);
#3222 = EDGE_CURVE('',#3223,#3214,#3225,.T.);
#3223 = VERTEX_POINT('',#3224);
#3224 = CARTESIAN_POINT('',(158.292799,-101.1174,0.));
#3225 = LINE('',#3226,#3227);
#3226 = CARTESIAN_POINT('',(158.292799,-101.1174,0.));
#3227 = VECTOR('',#3228,1.);
#3228 = DIRECTION('',(1.988387414771E-07,-1.,0.));
#3229 = ORIENTED_EDGE('',*,*,#3230,.F.);
#3230 = EDGE_CURVE('',#3231,#3223,#3233,.T.);
#3231 = VERTEX_POINT('',#3232);
#3232 = CARTESIAN_POINT('',(158.2928,-96.0882,0.));
#3233 = LINE('',#3234,#3235);
#3234 = CARTESIAN_POINT('',(158.2928,-96.0882,0.));
#3235 = VECTOR('',#3236,1.);
#3236 = DIRECTION('',(-1.988387810139E-07,-1.,0.));
#3237 = ORIENTED_EDGE('',*,*,#3238,.F.);
#3238 = EDGE_CURVE('',#3131,#3231,#3239,.T.);
#3239 = LINE('',#3240,#3241);
#3240 = CARTESIAN_POINT('',(158.295117,-95.934698,0.));
#3241 = VECTOR('',#3242,1.);
#3242 = DIRECTION('',(-1.509254665147E-02,-0.999886101031,0.));
#3243 = FACE_BOUND('',#3244,.F.);
#3244 = EDGE_LOOP('',(#3245));
#3245 = ORIENTED_EDGE('',*,*,#3246,.T.);
#3246 = EDGE_CURVE('',#3247,#3247,#3249,.T.);
#3247 = VERTEX_POINT('',#3248);
#3248 = CARTESIAN_POINT('',(196.545201,-96.588201,0.));
#3249 = CIRCLE('',#3250,0.5);
#3250 = AXIS2_PLACEMENT_3D('',#3251,#3252,#3253);
#3251 = CARTESIAN_POINT('',(196.545201,-96.088201,0.));
#3252 = DIRECTION('',(-0.,0.,-1.));
#3253 = DIRECTION('',(-0.,-1.,0.));
#3254 = FACE_BOUND('',#3255,.F.);
#3255 = EDGE_LOOP('',(#3256));
#3256 = ORIENTED_EDGE('',*,*,#3257,.T.);
#3257 = EDGE_CURVE('',#3258,#3258,#3260,.T.);
#3258 = VERTEX_POINT('',#3259);
#3259 = CARTESIAN_POINT('',(111.8702,-90.9588,0.));
#3260 = CIRCLE('',#3261,1.5);
#3261 = AXIS2_PLACEMENT_3D('',#3262,#3263,#3264);
#3262 = CARTESIAN_POINT('',(111.8702,-89.4588,0.));
#3263 = DIRECTION('',(-0.,0.,-1.));
#3264 = DIRECTION('',(-0.,-1.,0.));
#3265 = FACE_BOUND('',#3266,.F.);
#3266 = EDGE_LOOP('',(#3267));
#3267 = ORIENTED_EDGE('',*,*,#3268,.T.);
#3268 = EDGE_CURVE('',#3269,#3269,#3271,.T.);
#3269 = VERTEX_POINT('',#3270);
#3270 = CARTESIAN_POINT('',(105.511601,-83.329399,0.));
#3271 = CIRCLE('',#3272,0.5);
#3272 = AXIS2_PLACEMENT_3D('',#3273,#3274,#3275);
#3273 = CARTESIAN_POINT('',(105.511601,-82.829399,0.));
#3274 = DIRECTION('',(-0.,0.,-1.));
#3275 = DIRECTION('',(-0.,-1.,0.));
#3276 = FACE_BOUND('',#3277,.F.);
#3277 = EDGE_LOOP('',(#3278));
#3278 = ORIENTED_EDGE('',*,*,#3279,.T.);
#3279 = EDGE_CURVE('',#3280,#3280,#3282,.T.);
#3280 = VERTEX_POINT('',#3281);
#3281 = CARTESIAN_POINT('',(147.8702,-90.9588,0.));
#3282 = CIRCLE('',#3283,1.5);
#3283 = AXIS2_PLACEMENT_3D('',#3284,#3285,#3286);
#3284 = CARTESIAN_POINT('',(147.8702,-89.4588,0.));
#3285 = DIRECTION('',(-0.,0.,-1.));
#3286 = DIRECTION('',(-0.,-1.,0.));
#3287 = FACE_BOUND('',#3288,.F.);
#3288 = EDGE_LOOP('',(#3289,#3300,#3308,#3316,#3325,#3333,#3341,#3349,
    #3358,#3366,#3374,#3383,#3391,#3399));
#3289 = ORIENTED_EDGE('',*,*,#3290,.F.);
#3290 = EDGE_CURVE('',#3291,#3293,#3295,.T.);
#3291 = VERTEX_POINT('',#3292);
#3292 = CARTESIAN_POINT('',(118.515297,-70.233316,0.));
#3293 = VERTEX_POINT('',#3294);
#3294 = CARTESIAN_POINT('',(116.1288,-72.771,0.));
#3295 = CIRCLE('',#3296,2.53805593958);
#3296 = AXIS2_PLACEMENT_3D('',#3297,#3298,#3299);
#3297 = CARTESIAN_POINT('',(118.6668525352,-72.76684296298,0.));
#3298 = DIRECTION('',(0.,0.,1.));
#3299 = DIRECTION('',(-5.971323675142E-02,0.998215572588,0.));
#3300 = ORIENTED_EDGE('',*,*,#3301,.F.);
#3301 = EDGE_CURVE('',#3302,#3291,#3304,.T.);
#3302 = VERTEX_POINT('',#3303);
#3303 = CARTESIAN_POINT('',(118.668799,-70.230999,0.));
#3304 = LINE('',#3305,#3306);
#3305 = CARTESIAN_POINT('',(118.668799,-70.230999,0.));
#3306 = VECTOR('',#3307,1.);
#3307 = DIRECTION('',(-0.999886101031,-1.509254665147E-02,0.));
#3308 = ORIENTED_EDGE('',*,*,#3309,.F.);
#3309 = EDGE_CURVE('',#3310,#3302,#3312,.T.);
#3310 = VERTEX_POINT('',#3311);
#3311 = CARTESIAN_POINT('',(141.224,-70.231,0.));
#3312 = LINE('',#3313,#3314);
#3313 = CARTESIAN_POINT('',(141.224,-70.231,0.));
#3314 = VECTOR('',#3315,1.);
#3315 = DIRECTION('',(-1.,4.433567217935E-08,0.));
#3316 = ORIENTED_EDGE('',*,*,#3317,.F.);
#3317 = EDGE_CURVE('',#3318,#3310,#3320,.T.);
#3318 = VERTEX_POINT('',#3319);
#3319 = CARTESIAN_POINT('',(143.761683,-72.617497,0.));
#3320 = CIRCLE('',#3321,2.538057880272);
#3321 = AXIS2_PLACEMENT_3D('',#3322,#3323,#3324);
#3322 = CARTESIAN_POINT('',(141.22815420922,-72.76905448053,0.));
#3323 = DIRECTION('',(0.,0.,1.));
#3324 = DIRECTION('',(0.998215529469,5.971395755447E-02,-0.));
#3325 = ORIENTED_EDGE('',*,*,#3326,.F.);
#3326 = EDGE_CURVE('',#3327,#3318,#3329,.T.);
#3327 = VERTEX_POINT('',#3328);
#3328 = CARTESIAN_POINT('',(143.764,-72.770999,0.));
#3329 = LINE('',#3330,#3331);
#3330 = CARTESIAN_POINT('',(143.764,-72.770999,0.));
#3331 = VECTOR('',#3332,1.);
#3332 = DIRECTION('',(-1.509254665147E-02,0.999886101031,0.));
#3333 = ORIENTED_EDGE('',*,*,#3334,.F.);
#3334 = EDGE_CURVE('',#3335,#3327,#3337,.T.);
#3335 = VERTEX_POINT('',#3336);
#3336 = CARTESIAN_POINT('',(143.763999,-77.8002,0.));
#3337 = LINE('',#3338,#3339);
#3338 = CARTESIAN_POINT('',(143.763999,-77.8002,0.));
#3339 = VECTOR('',#3340,1.);
#3340 = DIRECTION('',(1.988387414771E-07,1.,0.));
#3341 = ORIENTED_EDGE('',*,*,#3342,.F.);
#3342 = EDGE_CURVE('',#3343,#3335,#3345,.T.);
#3343 = VERTEX_POINT('',#3344);
#3344 = CARTESIAN_POINT('',(143.764,-82.8294,0.));
#3345 = LINE('',#3346,#3347);
#3346 = CARTESIAN_POINT('',(143.764,-82.8294,0.));
#3347 = VECTOR('',#3348,1.);
#3348 = DIRECTION('',(-1.988387810139E-07,1.,0.));
#3349 = ORIENTED_EDGE('',*,*,#3350,.F.);
#3350 = EDGE_CURVE('',#3351,#3343,#3353,.T.);
#3351 = VERTEX_POINT('',#3352);
#3352 = CARTESIAN_POINT('',(141.377503,-85.367083,0.));
#3353 = CIRCLE('',#3354,2.538057880272);
#3354 = AXIS2_PLACEMENT_3D('',#3355,#3356,#3357);
#3355 = CARTESIAN_POINT('',(141.22594551946,-82.83355420922,0.));
#3356 = DIRECTION('',(0.,0.,1.));
#3357 = DIRECTION('',(5.971395755445E-02,-0.998215529469,0.));
#3358 = ORIENTED_EDGE('',*,*,#3359,.F.);
#3359 = EDGE_CURVE('',#3360,#3351,#3362,.T.);
#3360 = VERTEX_POINT('',#3361);
#3361 = CARTESIAN_POINT('',(141.224001,-85.3694,0.));
#3362 = LINE('',#3363,#3364);
#3363 = CARTESIAN_POINT('',(141.224001,-85.3694,0.));
#3364 = VECTOR('',#3365,1.);
#3365 = DIRECTION('',(0.999886101031,1.509254665147E-02,0.));
#3366 = ORIENTED_EDGE('',*,*,#3367,.F.);
#3367 = EDGE_CURVE('',#3368,#3360,#3370,.T.);
#3368 = VERTEX_POINT('',#3369);
#3369 = CARTESIAN_POINT('',(118.6688,-85.3694,0.));
#3370 = LINE('',#3371,#3372);
#3371 = CARTESIAN_POINT('',(118.6688,-85.3694,0.));
#3372 = VECTOR('',#3373,1.);
#3373 = DIRECTION('',(1.,0.,0.));
#3374 = ORIENTED_EDGE('',*,*,#3375,.F.);
#3375 = EDGE_CURVE('',#3376,#3368,#3378,.T.);
#3376 = VERTEX_POINT('',#3377);
#3377 = CARTESIAN_POINT('',(116.131117,-82.982903,0.));
#3378 = CIRCLE('',#3379,2.538057880272);
#3379 = AXIS2_PLACEMENT_3D('',#3380,#3381,#3382);
#3380 = CARTESIAN_POINT('',(118.66464579077,-82.83134551946,0.));
#3381 = DIRECTION('',(0.,0.,1.));
#3382 = DIRECTION('',(-0.998215529469,-5.971395755446E-02,0.));
#3383 = ORIENTED_EDGE('',*,*,#3384,.F.);
#3384 = EDGE_CURVE('',#3385,#3376,#3387,.T.);
#3385 = VERTEX_POINT('',#3386);
#3386 = CARTESIAN_POINT('',(116.1288,-82.829401,0.));
#3387 = LINE('',#3388,#3389);
#3388 = CARTESIAN_POINT('',(116.1288,-82.829401,0.));
#3389 = VECTOR('',#3390,1.);
#3390 = DIRECTION('',(1.509254665147E-02,-0.999886101031,0.));
#3391 = ORIENTED_EDGE('',*,*,#3392,.F.);
#3392 = EDGE_CURVE('',#3393,#3385,#3395,.T.);
#3393 = VERTEX_POINT('',#3394);
#3394 = CARTESIAN_POINT('',(116.128799,-77.8002,0.));
#3395 = LINE('',#3396,#3397);
#3396 = CARTESIAN_POINT('',(116.128799,-77.8002,0.));
#3397 = VECTOR('',#3398,1.);
#3398 = DIRECTION('',(1.988387414771E-07,-1.,0.));
#3399 = ORIENTED_EDGE('',*,*,#3400,.F.);
#3400 = EDGE_CURVE('',#3293,#3393,#3401,.T.);
#3401 = LINE('',#3402,#3403);
#3402 = CARTESIAN_POINT('',(116.1288,-72.771,0.));
#3403 = VECTOR('',#3404,1.);
#3404 = DIRECTION('',(-1.988387810139E-07,-1.,0.));
#3405 = FACE_BOUND('',#3406,.F.);
#3406 = EDGE_LOOP('',(#3407));
#3407 = ORIENTED_EDGE('',*,*,#3408,.T.);
#3408 = EDGE_CURVE('',#3409,#3409,#3411,.T.);
#3409 = VERTEX_POINT('',#3410);
#3410 = CARTESIAN_POINT('',(111.8702,-67.6416,0.));
#3411 = CIRCLE('',#3412,1.5);
#3412 = AXIS2_PLACEMENT_3D('',#3413,#3414,#3415);
#3413 = CARTESIAN_POINT('',(111.8702,-66.1416,0.));
#3414 = DIRECTION('',(-0.,0.,-1.));
#3415 = DIRECTION('',(-0.,-1.,0.));
#3416 = FACE_BOUND('',#3417,.F.);
#3417 = EDGE_LOOP('',(#3418));
#3418 = ORIENTED_EDGE('',*,*,#3419,.T.);
#3419 = EDGE_CURVE('',#3420,#3420,#3422,.T.);
#3420 = VERTEX_POINT('',#3421);
#3421 = CARTESIAN_POINT('',(147.8702,-67.6416,0.));
#3422 = CIRCLE('',#3423,1.5);
#3423 = AXIS2_PLACEMENT_3D('',#3424,#3425,#3426);
#3424 = CARTESIAN_POINT('',(147.8702,-66.1416,0.));
#3425 = DIRECTION('',(-0.,0.,-1.));
#3426 = DIRECTION('',(-0.,-1.,0.));
#3427 = FACE_BOUND('',#3428,.F.);
#3428 = EDGE_LOOP('',(#3429));
#3429 = ORIENTED_EDGE('',*,*,#3430,.T.);
#3430 = EDGE_CURVE('',#3431,#3431,#3433,.T.);
#3431 = VERTEX_POINT('',#3432);
#3432 = CARTESIAN_POINT('',(137.769599,-51.782599,0.));
#3433 = CIRCLE('',#3434,0.5);
#3434 = AXIS2_PLACEMENT_3D('',#3435,#3436,#3437);
#3435 = CARTESIAN_POINT('',(137.769599,-51.282599,0.));
#3436 = DIRECTION('',(-0.,0.,-1.));
#3437 = DIRECTION('',(-0.,-1.,0.));
#3438 = FACE_BOUND('',#3439,.F.);
#3439 = EDGE_LOOP('',(#3440));
#3440 = ORIENTED_EDGE('',*,*,#3441,.T.);
#3441 = EDGE_CURVE('',#3442,#3442,#3444,.T.);
#3442 = VERTEX_POINT('',#3443);
#3443 = CARTESIAN_POINT('',(154.1866,-90.9588,0.));
#3444 = CIRCLE('',#3445,1.5);
#3445 = AXIS2_PLACEMENT_3D('',#3446,#3447,#3448);
#3446 = CARTESIAN_POINT('',(154.1866,-89.4588,0.));
#3447 = DIRECTION('',(-0.,0.,-1.));
#3448 = DIRECTION('',(-0.,-1.,0.));
#3449 = FACE_BOUND('',#3450,.F.);
#3450 = EDGE_LOOP('',(#3451,#3462,#3470,#3478,#3487,#3495,#3503,#3511,
    #3520,#3528,#3536,#3545,#3553,#3561));
#3451 = ORIENTED_EDGE('',*,*,#3452,.F.);
#3452 = EDGE_CURVE('',#3453,#3455,#3457,.T.);
#3453 = VERTEX_POINT('',#3454);
#3454 = CARTESIAN_POINT('',(160.679297,-70.233316,0.));
#3455 = VERTEX_POINT('',#3456);
#3456 = CARTESIAN_POINT('',(158.2928,-72.771,0.));
#3457 = CIRCLE('',#3458,2.53805593958);
#3458 = AXIS2_PLACEMENT_3D('',#3459,#3460,#3461);
#3459 = CARTESIAN_POINT('',(160.8308525352,-72.76684296298,0.));
#3460 = DIRECTION('',(0.,0.,1.));
#3461 = DIRECTION('',(-5.971323675144E-02,0.998215572588,0.));
#3462 = ORIENTED_EDGE('',*,*,#3463,.F.);
#3463 = EDGE_CURVE('',#3464,#3453,#3466,.T.);
#3464 = VERTEX_POINT('',#3465);
#3465 = CARTESIAN_POINT('',(160.832799,-70.230999,0.));
#3466 = LINE('',#3467,#3468);
#3467 = CARTESIAN_POINT('',(160.832799,-70.230999,0.));
#3468 = VECTOR('',#3469,1.);
#3469 = DIRECTION('',(-0.999886101031,-1.509254665147E-02,0.));
#3470 = ORIENTED_EDGE('',*,*,#3471,.F.);
#3471 = EDGE_CURVE('',#3472,#3464,#3474,.T.);
#3472 = VERTEX_POINT('',#3473);
#3473 = CARTESIAN_POINT('',(183.388,-70.231,0.));
#3474 = LINE('',#3475,#3476);
#3475 = CARTESIAN_POINT('',(183.388,-70.231,0.));
#3476 = VECTOR('',#3477,1.);
#3477 = DIRECTION('',(-1.,4.433567217935E-08,0.));
#3478 = ORIENTED_EDGE('',*,*,#3479,.F.);
#3479 = EDGE_CURVE('',#3480,#3472,#3482,.T.);
#3480 = VERTEX_POINT('',#3481);
#3481 = CARTESIAN_POINT('',(185.925683,-72.617497,0.));
#3482 = CIRCLE('',#3483,2.538057880272);
#3483 = AXIS2_PLACEMENT_3D('',#3484,#3485,#3486);
#3484 = CARTESIAN_POINT('',(183.39215420922,-72.76905448053,0.));
#3485 = DIRECTION('',(0.,0.,1.));
#3486 = DIRECTION('',(0.998215529469,5.971395755446E-02,-0.));
#3487 = ORIENTED_EDGE('',*,*,#3488,.F.);
#3488 = EDGE_CURVE('',#3489,#3480,#3491,.T.);
#3489 = VERTEX_POINT('',#3490);
#3490 = CARTESIAN_POINT('',(185.928,-72.770999,0.));
#3491 = LINE('',#3492,#3493);
#3492 = CARTESIAN_POINT('',(185.928,-72.770999,0.));
#3493 = VECTOR('',#3494,1.);
#3494 = DIRECTION('',(-1.509254665147E-02,0.999886101031,0.));
#3495 = ORIENTED_EDGE('',*,*,#3496,.F.);
#3496 = EDGE_CURVE('',#3497,#3489,#3499,.T.);
#3497 = VERTEX_POINT('',#3498);
#3498 = CARTESIAN_POINT('',(185.927999,-77.8002,0.));
#3499 = LINE('',#3500,#3501);
#3500 = CARTESIAN_POINT('',(185.927999,-77.8002,0.));
#3501 = VECTOR('',#3502,1.);
#3502 = DIRECTION('',(1.988387414771E-07,1.,0.));
#3503 = ORIENTED_EDGE('',*,*,#3504,.F.);
#3504 = EDGE_CURVE('',#3505,#3497,#3507,.T.);
#3505 = VERTEX_POINT('',#3506);
#3506 = CARTESIAN_POINT('',(185.928,-82.8294,0.));
#3507 = LINE('',#3508,#3509);
#3508 = CARTESIAN_POINT('',(185.928,-82.8294,0.));
#3509 = VECTOR('',#3510,1.);
#3510 = DIRECTION('',(-1.988387810139E-07,1.,0.));
#3511 = ORIENTED_EDGE('',*,*,#3512,.F.);
#3512 = EDGE_CURVE('',#3513,#3505,#3515,.T.);
#3513 = VERTEX_POINT('',#3514);
#3514 = CARTESIAN_POINT('',(183.541503,-85.367083,0.));
#3515 = CIRCLE('',#3516,2.538057880272);
#3516 = AXIS2_PLACEMENT_3D('',#3517,#3518,#3519);
#3517 = CARTESIAN_POINT('',(183.38994551946,-82.83355420922,0.));
#3518 = DIRECTION('',(0.,0.,1.));
#3519 = DIRECTION('',(5.971395755445E-02,-0.998215529469,0.));
#3520 = ORIENTED_EDGE('',*,*,#3521,.F.);
#3521 = EDGE_CURVE('',#3522,#3513,#3524,.T.);
#3522 = VERTEX_POINT('',#3523);
#3523 = CARTESIAN_POINT('',(183.388001,-85.3694,0.));
#3524 = LINE('',#3525,#3526);
#3525 = CARTESIAN_POINT('',(183.388001,-85.3694,0.));
#3526 = VECTOR('',#3527,1.);
#3527 = DIRECTION('',(0.999886101031,1.509254665147E-02,0.));
#3528 = ORIENTED_EDGE('',*,*,#3529,.F.);
#3529 = EDGE_CURVE('',#3530,#3522,#3532,.T.);
#3530 = VERTEX_POINT('',#3531);
#3531 = CARTESIAN_POINT('',(160.8328,-85.3694,0.));
#3532 = LINE('',#3533,#3534);
#3533 = CARTESIAN_POINT('',(160.8328,-85.3694,0.));
#3534 = VECTOR('',#3535,1.);
#3535 = DIRECTION('',(1.,0.,0.));
#3536 = ORIENTED_EDGE('',*,*,#3537,.F.);
#3537 = EDGE_CURVE('',#3538,#3530,#3540,.T.);
#3538 = VERTEX_POINT('',#3539);
#3539 = CARTESIAN_POINT('',(158.295117,-82.982903,0.));
#3540 = CIRCLE('',#3541,2.538057880272);
#3541 = AXIS2_PLACEMENT_3D('',#3542,#3543,#3544);
#3542 = CARTESIAN_POINT('',(160.82864579077,-82.83134551946,0.));
#3543 = DIRECTION('',(0.,0.,1.));
#3544 = DIRECTION('',(-0.998215529469,-5.971395755445E-02,0.));
#3545 = ORIENTED_EDGE('',*,*,#3546,.F.);
#3546 = EDGE_CURVE('',#3547,#3538,#3549,.T.);
#3547 = VERTEX_POINT('',#3548);
#3548 = CARTESIAN_POINT('',(158.2928,-82.829401,0.));
#3549 = LINE('',#3550,#3551);
#3550 = CARTESIAN_POINT('',(158.2928,-82.829401,0.));
#3551 = VECTOR('',#3552,1.);
#3552 = DIRECTION('',(1.509254665147E-02,-0.999886101031,0.));
#3553 = ORIENTED_EDGE('',*,*,#3554,.F.);
#3554 = EDGE_CURVE('',#3555,#3547,#3557,.T.);
#3555 = VERTEX_POINT('',#3556);
#3556 = CARTESIAN_POINT('',(158.292799,-77.8002,0.));
#3557 = LINE('',#3558,#3559);
#3558 = CARTESIAN_POINT('',(158.292799,-77.8002,0.));
#3559 = VECTOR('',#3560,1.);
#3560 = DIRECTION('',(1.988387414771E-07,-1.,0.));
#3561 = ORIENTED_EDGE('',*,*,#3562,.F.);
#3562 = EDGE_CURVE('',#3455,#3555,#3563,.T.);
#3563 = LINE('',#3564,#3565);
#3564 = CARTESIAN_POINT('',(158.2928,-72.771,0.));
#3565 = VECTOR('',#3566,1.);
#3566 = DIRECTION('',(-1.988387810139E-07,-1.,0.));
#3567 = FACE_BOUND('',#3568,.F.);
#3568 = EDGE_LOOP('',(#3569));
#3569 = ORIENTED_EDGE('',*,*,#3570,.T.);
#3570 = EDGE_CURVE('',#3571,#3571,#3573,.T.);
#3571 = VERTEX_POINT('',#3572);
#3572 = CARTESIAN_POINT('',(190.1866,-90.9588,0.));
#3573 = CIRCLE('',#3574,1.5);
#3574 = AXIS2_PLACEMENT_3D('',#3575,#3576,#3577);
#3575 = CARTESIAN_POINT('',(190.1866,-89.4588,0.));
#3576 = DIRECTION('',(-0.,0.,-1.));
#3577 = DIRECTION('',(-0.,-1.,0.));
#3578 = FACE_BOUND('',#3579,.F.);
#3579 = EDGE_LOOP('',(#3580));
#3580 = ORIENTED_EDGE('',*,*,#3581,.T.);
#3581 = EDGE_CURVE('',#3582,#3582,#3584,.T.);
#3582 = VERTEX_POINT('',#3583);
#3583 = CARTESIAN_POINT('',(196.545201,-83.3294,0.));
#3584 = CIRCLE('',#3585,0.5);
#3585 = AXIS2_PLACEMENT_3D('',#3586,#3587,#3588);
#3586 = CARTESIAN_POINT('',(196.545201,-82.8294,0.));
#3587 = DIRECTION('',(-0.,0.,-1.));
#3588 = DIRECTION('',(-0.,-1.,0.));
#3589 = FACE_BOUND('',#3590,.F.);
#3590 = EDGE_LOOP('',(#3591));
#3591 = ORIENTED_EDGE('',*,*,#3592,.T.);
#3592 = EDGE_CURVE('',#3593,#3593,#3595,.T.);
#3593 = VERTEX_POINT('',#3594);
#3594 = CARTESIAN_POINT('',(154.1866,-67.6416,0.));
#3595 = CIRCLE('',#3596,1.5);
#3596 = AXIS2_PLACEMENT_3D('',#3597,#3598,#3599);
#3597 = CARTESIAN_POINT('',(154.1866,-66.1416,0.));
#3598 = DIRECTION('',(-0.,0.,-1.));
#3599 = DIRECTION('',(-0.,-1.,0.));
#3600 = FACE_BOUND('',#3601,.F.);
#3601 = EDGE_LOOP('',(#3602));
#3602 = ORIENTED_EDGE('',*,*,#3603,.T.);
#3603 = EDGE_CURVE('',#3604,#3604,#3606,.T.);
#3604 = VERTEX_POINT('',#3605);
#3605 = CARTESIAN_POINT('',(151.0284,-51.7826,0.));
#3606 = CIRCLE('',#3607,0.5);
#3607 = AXIS2_PLACEMENT_3D('',#3608,#3609,#3610);
#3608 = CARTESIAN_POINT('',(151.0284,-51.2826,0.));
#3609 = DIRECTION('',(-0.,0.,-1.));
#3610 = DIRECTION('',(-0.,-1.,0.));
#3611 = FACE_BOUND('',#3612,.F.);
#3612 = EDGE_LOOP('',(#3613));
#3613 = ORIENTED_EDGE('',*,*,#3614,.T.);
#3614 = EDGE_CURVE('',#3615,#3615,#3617,.T.);
#3615 = VERTEX_POINT('',#3616);
#3616 = CARTESIAN_POINT('',(164.287201,-51.782599,0.));
#3617 = CIRCLE('',#3618,0.5);
#3618 = AXIS2_PLACEMENT_3D('',#3619,#3620,#3621);
#3619 = CARTESIAN_POINT('',(164.287201,-51.282599,0.));
#3620 = DIRECTION('',(-0.,0.,-1.));
#3621 = DIRECTION('',(-0.,-1.,0.));
#3622 = FACE_BOUND('',#3623,.F.);
#3623 = EDGE_LOOP('',(#3624));
#3624 = ORIENTED_EDGE('',*,*,#3625,.T.);
#3625 = EDGE_CURVE('',#3626,#3626,#3628,.T.);
#3626 = VERTEX_POINT('',#3627);
#3627 = CARTESIAN_POINT('',(190.1866,-67.6416,0.));
#3628 = CIRCLE('',#3629,1.5);
#3629 = AXIS2_PLACEMENT_3D('',#3630,#3631,#3632);
#3630 = CARTESIAN_POINT('',(190.1866,-66.1416,0.));
#3631 = DIRECTION('',(-0.,0.,-1.));
#3632 = DIRECTION('',(-0.,-1.,0.));
#3633 = PLANE('',#3634);
#3634 = AXIS2_PLACEMENT_3D('',#3635,#3636,#3637);
#3635 = CARTESIAN_POINT('',(0.,0.,0.));
#3636 = DIRECTION('',(0.,0.,1.));
#3637 = DIRECTION('',(1.,0.,-0.));
#3638 = ADVANCED_FACE('',(#3639,#4211,#4222,#4233,#4244,#4255,#4266,
    #4384,#4395,#4406,#4417,#4428,#4546,#4557,#4568,#4579,#4590,#4708,
    #4719,#4730,#4741,#4752,#4870,#4881,#4892,#4903,#4914,#4925),#4936,
  .T.);
#3639 = FACE_BOUND('',#3640,.T.);
#3640 = EDGE_LOOP('',(#3641,#3642,#3643,#3651,#3659,#3668,#3676,#3684,
    #3692,#3701,#3709,#3717,#3726,#3734,#3742,#3750,#3758,#3766,#3774,
    #3783,#3791,#3799,#3808,#3816,#3824,#3832,#3841,#3849,#3857,#3866,
    #3874,#3882,#3890,#3899,#3907,#3915,#3924,#3932,#3940,#3948,#3956,
    #3965,#3973,#3981,#3990,#3998,#4006,#4014,#4023,#4031,#4039,#4048,
    #4056,#4064,#4072,#4080,#4089,#4097,#4105,#4114,#4122,#4130,#4138,
    #4146,#4154,#4162,#4171,#4179,#4187,#4196,#4204,#4210));
#3641 = ORIENTED_EDGE('',*,*,#2245,.F.);
#3642 = ORIENTED_EDGE('',*,*,#2287,.F.);
#3643 = ORIENTED_EDGE('',*,*,#3644,.F.);
#3644 = EDGE_CURVE('',#3645,#2280,#3647,.T.);
#3645 = VERTEX_POINT('',#3646);
#3646 = CARTESIAN_POINT('',(137.769599,-48.7426,0.1016));
#3647 = LINE('',#3648,#3649);
#3648 = CARTESIAN_POINT('',(137.769599,-48.7426,0.1016));
#3649 = VECTOR('',#3650,1.);
#3650 = DIRECTION('',(1.,0.,0.));
#3651 = ORIENTED_EDGE('',*,*,#3652,.F.);
#3652 = EDGE_CURVE('',#3653,#3645,#3655,.T.);
#3653 = VERTEX_POINT('',#3654);
#3654 = CARTESIAN_POINT('',(137.616097,-48.744917,0.1016));
#3655 = LINE('',#3656,#3657);
#3656 = CARTESIAN_POINT('',(137.616097,-48.744917,0.1016));
#3657 = VECTOR('',#3658,1.);
#3658 = DIRECTION('',(0.999886101031,1.509254665143E-02,0.));
#3659 = ORIENTED_EDGE('',*,*,#3660,.F.);
#3660 = EDGE_CURVE('',#3661,#3653,#3663,.T.);
#3661 = VERTEX_POINT('',#3662);
#3662 = CARTESIAN_POINT('',(135.2296,-51.282601,0.1016));
#3663 = CIRCLE('',#3664,2.538057883274);
#3664 = AXIS2_PLACEMENT_3D('',#3665,#3666,#3667);
#3665 = CARTESIAN_POINT('',(137.7676544819,-51.2784457937,0.1016));
#3666 = DIRECTION('',(0.,0.,-1.));
#3667 = DIRECTION('',(-0.999998659853,-1.637159783821E-03,-0.));
#3668 = ORIENTED_EDGE('',*,*,#3669,.F.);
#3669 = EDGE_CURVE('',#3670,#3661,#3672,.T.);
#3670 = VERTEX_POINT('',#3671);
#3671 = CARTESIAN_POINT('',(135.229599,-54.6354,0.1016));
#3672 = LINE('',#3673,#3674);
#3673 = CARTESIAN_POINT('',(135.229599,-54.6354,0.1016));
#3674 = VECTOR('',#3675,1.);
#3675 = DIRECTION('',(2.982582604788E-07,1.,0.));
#3676 = ORIENTED_EDGE('',*,*,#3677,.F.);
#3677 = EDGE_CURVE('',#3678,#3670,#3680,.T.);
#3678 = VERTEX_POINT('',#3679);
#3679 = CARTESIAN_POINT('',(135.229599,-59.5122,0.1016));
#3680 = LINE('',#3681,#3682);
#3681 = CARTESIAN_POINT('',(135.229599,-59.5122,0.1016));
#3682 = VECTOR('',#3683,1.);
#3683 = DIRECTION('',(0.,1.,0.));
#3684 = ORIENTED_EDGE('',*,*,#3685,.F.);
#3685 = EDGE_CURVE('',#3686,#3678,#3688,.T.);
#3686 = VERTEX_POINT('',#3687);
#3687 = CARTESIAN_POINT('',(135.227282,-59.665701,0.1016));
#3688 = LINE('',#3689,#3690);
#3689 = CARTESIAN_POINT('',(135.227282,-59.665701,0.1016));
#3690 = VECTOR('',#3691,1.);
#3691 = DIRECTION('',(1.509264495122E-02,0.999886099548,0.));
#3692 = ORIENTED_EDGE('',*,*,#3693,.F.);
#3693 = EDGE_CURVE('',#3694,#3686,#3696,.T.);
#3694 = VERTEX_POINT('',#3695);
#3695 = CARTESIAN_POINT('',(132.6896,-62.0522,0.1016));
#3696 = CIRCLE('',#3697,2.538059718458);
#3697 = AXIS2_PLACEMENT_3D('',#3698,#3699,#3700);
#3698 = CARTESIAN_POINT('',(132.69375135834,-59.51414367661,0.1016));
#3699 = DIRECTION('',(0.,0.,1.));
#3700 = DIRECTION('',(-1.635642501983E-03,-0.999998662336,0.));
#3701 = ORIENTED_EDGE('',*,*,#3702,.F.);
#3702 = EDGE_CURVE('',#3703,#3694,#3705,.T.);
#3703 = VERTEX_POINT('',#3704);
#3704 = CARTESIAN_POINT('',(118.6688,-62.052199,0.1016));
#3705 = LINE('',#3706,#3707);
#3706 = CARTESIAN_POINT('',(118.6688,-62.052199,0.1016));
#3707 = VECTOR('',#3708,1.);
#3708 = DIRECTION('',(1.,-7.132260623326E-08,0.));
#3709 = ORIENTED_EDGE('',*,*,#3710,.F.);
#3710 = EDGE_CURVE('',#3711,#3703,#3713,.T.);
#3711 = VERTEX_POINT('',#3712);
#3712 = CARTESIAN_POINT('',(118.515299,-62.049882,0.1016));
#3713 = LINE('',#3714,#3715);
#3714 = CARTESIAN_POINT('',(118.515299,-62.049882,0.1016));
#3715 = VECTOR('',#3716,1.);
#3716 = DIRECTION('',(0.999886099548,-1.509264495122E-02,0.));
#3717 = ORIENTED_EDGE('',*,*,#3718,.F.);
#3718 = EDGE_CURVE('',#3719,#3711,#3721,.T.);
#3719 = VERTEX_POINT('',#3720);
#3720 = CARTESIAN_POINT('',(116.1288,-59.5122,0.1016));
#3721 = CIRCLE('',#3722,2.538059718458);
#3722 = AXIS2_PLACEMENT_3D('',#3723,#3724,#3725);
#3723 = CARTESIAN_POINT('',(118.66685632338,-59.51635135834,0.1016));
#3724 = DIRECTION('',(0.,0.,1.));
#3725 = DIRECTION('',(-0.999998662336,1.635642501992E-03,0.));
#3726 = ORIENTED_EDGE('',*,*,#3727,.F.);
#3727 = EDGE_CURVE('',#3728,#3719,#3730,.T.);
#3728 = VERTEX_POINT('',#3729);
#3729 = CARTESIAN_POINT('',(116.128799,-54.6354,0.1016));
#3730 = LINE('',#3731,#3732);
#3731 = CARTESIAN_POINT('',(116.128799,-54.6354,0.1016));
#3732 = VECTOR('',#3733,1.);
#3733 = DIRECTION('',(2.050524929206E-07,-1.,0.));
#3734 = ORIENTED_EDGE('',*,*,#3735,.F.);
#3735 = EDGE_CURVE('',#3736,#3728,#3738,.T.);
#3736 = VERTEX_POINT('',#3737);
#3737 = CARTESIAN_POINT('',(108.864399,-54.6354,0.1016));
#3738 = LINE('',#3739,#3740);
#3739 = CARTESIAN_POINT('',(108.864399,-54.6354,0.1016));
#3740 = VECTOR('',#3741,1.);
#3741 = DIRECTION('',(1.,0.,0.));
#3742 = ORIENTED_EDGE('',*,*,#3743,.F.);
#3743 = EDGE_CURVE('',#3744,#3736,#3746,.T.);
#3744 = VERTEX_POINT('',#3745);
#3745 = CARTESIAN_POINT('',(108.864399,-62.0522,0.1016));
#3746 = LINE('',#3747,#3748);
#3747 = CARTESIAN_POINT('',(108.864399,-62.0522,0.1016));
#3748 = VECTOR('',#3749,1.);
#3749 = DIRECTION('',(0.,1.,0.));
#3750 = ORIENTED_EDGE('',*,*,#3751,.F.);
#3751 = EDGE_CURVE('',#3752,#3744,#3754,.T.);
#3752 = VERTEX_POINT('',#3753);
#3753 = CARTESIAN_POINT('',(108.8644,-80.289398,0.1016));
#3754 = LINE('',#3755,#3756);
#3755 = CARTESIAN_POINT('',(108.8644,-80.289398,0.1016));
#3756 = VECTOR('',#3757,1.);
#3757 = DIRECTION('',(-5.483298462161E-08,1.,0.));
#3758 = ORIENTED_EDGE('',*,*,#3759,.F.);
#3759 = EDGE_CURVE('',#3760,#3752,#3762,.T.);
#3760 = VERTEX_POINT('',#3761);
#3761 = CARTESIAN_POINT('',(105.511599,-80.289398,0.1016));
#3762 = LINE('',#3763,#3764);
#3763 = CARTESIAN_POINT('',(105.511599,-80.289398,0.1016));
#3764 = VECTOR('',#3765,1.);
#3765 = DIRECTION('',(1.,0.,0.));
#3766 = ORIENTED_EDGE('',*,*,#3767,.F.);
#3767 = EDGE_CURVE('',#3768,#3760,#3770,.T.);
#3768 = VERTEX_POINT('',#3769);
#3769 = CARTESIAN_POINT('',(105.358097,-80.291715,0.1016));
#3770 = LINE('',#3771,#3772);
#3771 = CARTESIAN_POINT('',(105.358097,-80.291715,0.1016));
#3772 = VECTOR('',#3773,1.);
#3773 = DIRECTION('',(0.999886101031,1.509254665138E-02,0.));
#3774 = ORIENTED_EDGE('',*,*,#3775,.F.);
#3775 = EDGE_CURVE('',#3776,#3768,#3778,.T.);
#3776 = VERTEX_POINT('',#3777);
#3777 = CARTESIAN_POINT('',(102.9716,-82.829399,0.1016));
#3778 = CIRCLE('',#3779,2.53805593958);
#3779 = AXIS2_PLACEMENT_3D('',#3780,#3781,#3782);
#3780 = CARTESIAN_POINT('',(105.5096525352,-82.82524196298,0.1016));
#3781 = DIRECTION('',(0.,0.,-1.));
#3782 = DIRECTION('',(-0.99999865867,-1.637882344533E-03,-0.));
#3783 = ORIENTED_EDGE('',*,*,#3784,.F.);
#3784 = EDGE_CURVE('',#3785,#3776,#3787,.T.);
#3785 = VERTEX_POINT('',#3786);
#3786 = CARTESIAN_POINT('',(102.9716,-96.088199,0.1016));
#3787 = LINE('',#3788,#3789);
#3788 = CARTESIAN_POINT('',(102.9716,-96.088199,0.1016));
#3789 = VECTOR('',#3790,1.);
#3790 = DIRECTION('',(0.,1.,0.));
#3791 = ORIENTED_EDGE('',*,*,#3792,.F.);
#3792 = EDGE_CURVE('',#3793,#3785,#3795,.T.);
#3793 = VERTEX_POINT('',#3794);
#3794 = CARTESIAN_POINT('',(102.973825,-96.241706,0.1016));
#3795 = LINE('',#3796,#3797);
#3796 = CARTESIAN_POINT('',(102.973825,-96.241706,0.1016));
#3797 = VECTOR('',#3798,1.);
#3798 = DIRECTION('',(-1.449293069782E-02,0.999894971964,0.));
#3799 = ORIENTED_EDGE('',*,*,#3800,.F.);
#3800 = EDGE_CURVE('',#3801,#3793,#3803,.T.);
#3801 = VERTEX_POINT('',#3802);
#3802 = CARTESIAN_POINT('',(105.511601,-98.628198,0.1016));
#3803 = CIRCLE('',#3804,2.537977707784);
#3804 = AXIS2_PLACEMENT_3D('',#3805,#3806,#3807);
#3805 = CARTESIAN_POINT('',(105.50727798772,-96.09022397397,0.1016));
#3806 = DIRECTION('',(0.,0.,-1.));
#3807 = DIRECTION('',(1.70332949123E-03,-0.999998549333,0.));
#3808 = ORIENTED_EDGE('',*,*,#3809,.F.);
#3809 = EDGE_CURVE('',#3810,#3801,#3812,.T.);
#3810 = VERTEX_POINT('',#3811);
#3811 = CARTESIAN_POINT('',(108.864402,-98.628198,0.1016));
#3812 = LINE('',#3813,#3814);
#3813 = CARTESIAN_POINT('',(108.864402,-98.628198,0.1016));
#3814 = VECTOR('',#3815,1.);
#3815 = DIRECTION('',(-1.,0.,0.));
#3816 = ORIENTED_EDGE('',*,*,#3817,.F.);
#3817 = EDGE_CURVE('',#3818,#3810,#3820,.T.);
#3818 = VERTEX_POINT('',#3819);
#3819 = CARTESIAN_POINT('',(108.864399,-124.2822,0.1016));
#3820 = LINE('',#3821,#3822);
#3821 = CARTESIAN_POINT('',(108.864399,-124.2822,0.1016));
#3822 = VECTOR('',#3823,1.);
#3823 = DIRECTION('',(1.16940818529E-07,1.,0.));
#3824 = ORIENTED_EDGE('',*,*,#3825,.F.);
#3825 = EDGE_CURVE('',#3826,#3818,#3828,.T.);
#3826 = VERTEX_POINT('',#3827);
#3827 = CARTESIAN_POINT('',(108.864399,-127.635001,0.1016));
#3828 = LINE('',#3829,#3830);
#3829 = CARTESIAN_POINT('',(108.864399,-127.635001,0.1016));
#3830 = VECTOR('',#3831,1.);
#3831 = DIRECTION('',(0.,1.,0.));
#3832 = ORIENTED_EDGE('',*,*,#3833,.F.);
#3833 = EDGE_CURVE('',#3834,#3826,#3836,.T.);
#3834 = VERTEX_POINT('',#3835);
#3835 = CARTESIAN_POINT('',(111.4044,-130.175,0.1016));
#3836 = CIRCLE('',#3837,2.540000765514);
#3837 = AXIS2_PLACEMENT_3D('',#3838,#3839,#3840);
#3838 = CARTESIAN_POINT('',(111.40439976551,-127.6349992344,0.1016));
#3839 = DIRECTION('',(0.,0.,-1.));
#3840 = DIRECTION('',(9.231752245671E-08,-1.,0.));
#3841 = ORIENTED_EDGE('',*,*,#3842,.F.);
#3842 = EDGE_CURVE('',#3843,#3834,#3845,.T.);
#3843 = VERTEX_POINT('',#3844);
#3844 = CARTESIAN_POINT('',(122.1232,-130.175001,0.1016));
#3845 = LINE('',#3846,#3847);
#3846 = CARTESIAN_POINT('',(122.1232,-130.175001,0.1016));
#3847 = VECTOR('',#3848,1.);
#3848 = DIRECTION('',(-1.,9.329402521506E-08,0.));
#3849 = ORIENTED_EDGE('',*,*,#3850,.F.);
#3850 = EDGE_CURVE('',#3851,#3843,#3853,.T.);
#3851 = VERTEX_POINT('',#3852);
#3852 = CARTESIAN_POINT('',(122.276702,-130.172684,0.1016));
#3853 = LINE('',#3854,#3855);
#3854 = CARTESIAN_POINT('',(122.276702,-130.172684,0.1016));
#3855 = VECTOR('',#3856,1.);
#3856 = DIRECTION('',(-0.999886101031,-1.509254665147E-02,0.));
#3857 = ORIENTED_EDGE('',*,*,#3858,.F.);
#3858 = EDGE_CURVE('',#3859,#3851,#3861,.T.);
#3859 = VERTEX_POINT('',#3860);
#3860 = CARTESIAN_POINT('',(124.663199,-127.635001,0.1016));
#3861 = CIRCLE('',#3862,2.538054109347);
#3862 = AXIS2_PLACEMENT_3D('',#3863,#3864,#3865);
#3863 = CARTESIAN_POINT('',(122.12514829621,-127.6391587609,0.1016));
#3864 = DIRECTION('',(0.,0.,-1.));
#3865 = DIRECTION('',(0.999998658201,1.638168763656E-03,0.));
#3866 = ORIENTED_EDGE('',*,*,#3867,.F.);
#3867 = EDGE_CURVE('',#3868,#3859,#3870,.T.);
#3868 = VERTEX_POINT('',#3869);
#3869 = CARTESIAN_POINT('',(124.663199,-124.2822,0.1016));
#3870 = LINE('',#3871,#3872);
#3871 = CARTESIAN_POINT('',(124.663199,-124.2822,0.1016));
#3872 = VECTOR('',#3873,1.);
#3873 = DIRECTION('',(0.,-1.,0.));
#3874 = ORIENTED_EDGE('',*,*,#3875,.F.);
#3875 = EDGE_CURVE('',#3876,#3868,#3878,.T.);
#3876 = VERTEX_POINT('',#3877);
#3877 = CARTESIAN_POINT('',(124.6632,-119.4054,0.1016));
#3878 = LINE('',#3879,#3880);
#3879 = CARTESIAN_POINT('',(124.6632,-119.4054,0.1016));
#3880 = VECTOR('',#3881,1.);
#3881 = DIRECTION('',(-2.050524929206E-07,-1.,0.));
#3882 = ORIENTED_EDGE('',*,*,#3883,.F.);
#3883 = EDGE_CURVE('',#3884,#3876,#3886,.T.);
#3884 = VERTEX_POINT('',#3885);
#3885 = CARTESIAN_POINT('',(124.665517,-119.251898,0.1016));
#3886 = LINE('',#3887,#3888);
#3887 = CARTESIAN_POINT('',(124.665517,-119.251898,0.1016));
#3888 = VECTOR('',#3889,1.);
#3889 = DIRECTION('',(-1.509254665138E-02,-0.999886101031,0.));
#3890 = ORIENTED_EDGE('',*,*,#3891,.F.);
#3891 = EDGE_CURVE('',#3892,#3884,#3894,.T.);
#3892 = VERTEX_POINT('',#3893);
#3893 = CARTESIAN_POINT('',(127.203199,-116.8654,0.1016));
#3894 = CIRCLE('',#3895,2.538057884246);
#3895 = AXIS2_PLACEMENT_3D('',#3896,#3897,#3898);
#3896 = CARTESIAN_POINT('',(127.19904585423,-119.4034544862,0.1016));
#3897 = DIRECTION('',(0.,0.,1.));
#3898 = DIRECTION('',(1.636347928728E-03,0.999998661182,-0.));
#3899 = ORIENTED_EDGE('',*,*,#3900,.F.);
#3900 = EDGE_CURVE('',#3901,#3892,#3903,.T.);
#3901 = VERTEX_POINT('',#3902);
#3902 = CARTESIAN_POINT('',(141.224,-116.8654,0.1016));
#3903 = LINE('',#3904,#3905);
#3904 = CARTESIAN_POINT('',(141.224,-116.8654,0.1016));
#3905 = VECTOR('',#3906,1.);
#3906 = DIRECTION('',(-1.,0.,0.));
#3907 = ORIENTED_EDGE('',*,*,#3908,.F.);
#3908 = EDGE_CURVE('',#3909,#3901,#3911,.T.);
#3909 = VERTEX_POINT('',#3910);
#3910 = CARTESIAN_POINT('',(141.377502,-116.867717,0.1016));
#3911 = LINE('',#3912,#3913);
#3912 = CARTESIAN_POINT('',(141.377502,-116.867717,0.1016));
#3913 = VECTOR('',#3914,1.);
#3914 = DIRECTION('',(-0.999886101031,1.509254665147E-02,0.));
#3915 = ORIENTED_EDGE('',*,*,#3916,.F.);
#3916 = EDGE_CURVE('',#3917,#3909,#3919,.T.);
#3917 = VERTEX_POINT('',#3918);
#3918 = CARTESIAN_POINT('',(143.764,-119.405399,0.1016));
#3919 = CIRCLE('',#3920,2.538057884246);
#3920 = AXIS2_PLACEMENT_3D('',#3921,#3922,#3923);
#3921 = CARTESIAN_POINT('',(141.22594551375,-119.4012458542,0.1016));
#3922 = DIRECTION('',(0.,0.,1.));
#3923 = DIRECTION('',(0.999998661182,-1.636347928722E-03,0.));
#3924 = ORIENTED_EDGE('',*,*,#3925,.F.);
#3925 = EDGE_CURVE('',#3926,#3917,#3928,.T.);
#3926 = VERTEX_POINT('',#3927);
#3927 = CARTESIAN_POINT('',(143.764,-124.282201,0.1016));
#3928 = LINE('',#3929,#3930);
#3929 = CARTESIAN_POINT('',(143.764,-124.282201,0.1016));
#3930 = VECTOR('',#3931,1.);
#3931 = DIRECTION('',(0.,1.,0.));
#3932 = ORIENTED_EDGE('',*,*,#3933,.F.);
#3933 = EDGE_CURVE('',#3934,#3926,#3936,.T.);
#3934 = VERTEX_POINT('',#3935);
#3935 = CARTESIAN_POINT('',(158.2928,-124.282199,0.1016));
#3936 = LINE('',#3937,#3938);
#3937 = CARTESIAN_POINT('',(158.2928,-124.282199,0.1016));
#3938 = VECTOR('',#3939,1.);
#3939 = DIRECTION('',(-1.,-1.37657617625E-07,0.));
#3940 = ORIENTED_EDGE('',*,*,#3941,.F.);
#3941 = EDGE_CURVE('',#3942,#3934,#3944,.T.);
#3942 = VERTEX_POINT('',#3943);
#3943 = CARTESIAN_POINT('',(158.292801,-119.4054,0.1016));
#3944 = LINE('',#3945,#3946);
#3945 = CARTESIAN_POINT('',(158.292801,-119.4054,0.1016));
#3946 = VECTOR('',#3947,1.);
#3947 = DIRECTION('',(-2.050525349671E-07,-1.,0.));
#3948 = ORIENTED_EDGE('',*,*,#3949,.F.);
#3949 = EDGE_CURVE('',#3950,#3942,#3952,.T.);
#3950 = VERTEX_POINT('',#3951);
#3951 = CARTESIAN_POINT('',(158.295118,-119.251899,0.1016));
#3952 = LINE('',#3953,#3954);
#3953 = CARTESIAN_POINT('',(158.295118,-119.251899,0.1016));
#3954 = VECTOR('',#3955,1.);
#3955 = DIRECTION('',(-1.509264495122E-02,-0.999886099548,0.));
#3956 = ORIENTED_EDGE('',*,*,#3957,.F.);
#3957 = EDGE_CURVE('',#3958,#3950,#3960,.T.);
#3958 = VERTEX_POINT('',#3959);
#3959 = CARTESIAN_POINT('',(160.8328,-116.8654,0.1016));
#3960 = CIRCLE('',#3961,2.538059718458);
#3961 = AXIS2_PLACEMENT_3D('',#3962,#3963,#3964);
#3962 = CARTESIAN_POINT('',(160.82864864165,-119.4034563233,0.1016));
#3963 = DIRECTION('',(0.,0.,1.));
#3964 = DIRECTION('',(1.635642501983E-03,0.999998662336,-0.));
#3965 = ORIENTED_EDGE('',*,*,#3966,.F.);
#3966 = EDGE_CURVE('',#3967,#3958,#3969,.T.);
#3967 = VERTEX_POINT('',#3968);
#3968 = CARTESIAN_POINT('',(167.639999,-116.865401,0.1016));
#3969 = LINE('',#3970,#3971);
#3970 = CARTESIAN_POINT('',(167.639999,-116.865401,0.1016));
#3971 = VECTOR('',#3972,1.);
#3972 = DIRECTION('',(-1.,1.469033021785E-07,0.));
#3973 = ORIENTED_EDGE('',*,*,#3974,.F.);
#3974 = EDGE_CURVE('',#3975,#3967,#3977,.T.);
#3975 = VERTEX_POINT('',#3976);
#3976 = CARTESIAN_POINT('',(167.793506,-116.867626,0.1016));
#3977 = LINE('',#3978,#3979);
#3978 = CARTESIAN_POINT('',(167.793506,-116.867626,0.1016));
#3979 = VECTOR('',#3980,1.);
#3980 = DIRECTION('',(-0.999894971964,1.449293069773E-02,0.));
#3981 = ORIENTED_EDGE('',*,*,#3982,.F.);
#3982 = EDGE_CURVE('',#3983,#3975,#3985,.T.);
#3983 = VERTEX_POINT('',#3984);
#3984 = CARTESIAN_POINT('',(170.179999,-119.4054,0.1016));
#3985 = CIRCLE('',#3986,2.53797965209);
#3986 = AXIS2_PLACEMENT_3D('',#3987,#3988,#3989);
#3987 = CARTESIAN_POINT('',(167.64202302304,-119.4010808786,0.1016));
#3988 = DIRECTION('',(0.,0.,1.));
#3989 = DIRECTION('',(0.999998551946,-1.701795108735E-03,0.));
#3990 = ORIENTED_EDGE('',*,*,#3991,.F.);
#3991 = EDGE_CURVE('',#3992,#3983,#3994,.T.);
#3992 = VERTEX_POINT('',#3993);
#3993 = CARTESIAN_POINT('',(170.179999,-124.2822,0.1016));
#3994 = LINE('',#3995,#3996);
#3995 = CARTESIAN_POINT('',(170.179999,-124.2822,0.1016));
#3996 = VECTOR('',#3997,1.);
#3997 = DIRECTION('',(0.,1.,0.));
#3998 = ORIENTED_EDGE('',*,*,#3999,.F.);
#3999 = EDGE_CURVE('',#4000,#3992,#4002,.T.);
#4000 = VERTEX_POINT('',#4001);
#4001 = CARTESIAN_POINT('',(170.179999,-127.635001,0.1016));
#4002 = LINE('',#4003,#4004);
#4003 = CARTESIAN_POINT('',(170.179999,-127.635001,0.1016));
#4004 = VECTOR('',#4005,1.);
#4005 = DIRECTION('',(0.,1.,0.));
#4006 = ORIENTED_EDGE('',*,*,#4007,.F.);
#4007 = EDGE_CURVE('',#4008,#4000,#4010,.T.);
#4008 = VERTEX_POINT('',#4009);
#4009 = CARTESIAN_POINT('',(170.182316,-127.788503,0.1016));
#4010 = LINE('',#4011,#4012);
#4011 = CARTESIAN_POINT('',(170.182316,-127.788503,0.1016));
#4012 = VECTOR('',#4013,1.);
#4013 = DIRECTION('',(-1.509254665129E-02,0.999886101031,0.));
#4014 = ORIENTED_EDGE('',*,*,#4015,.F.);
#4015 = EDGE_CURVE('',#4016,#4008,#4018,.T.);
#4016 = VERTEX_POINT('',#4017);
#4017 = CARTESIAN_POINT('',(172.72,-130.175,0.1016));
#4018 = CIRCLE('',#4019,2.53805593958);
#4019 = AXIS2_PLACEMENT_3D('',#4020,#4021,#4022);
#4020 = CARTESIAN_POINT('',(172.71584296298,-127.6369474647,0.1016));
#4021 = DIRECTION('',(0.,0.,-1.));
#4022 = DIRECTION('',(1.637882344544E-03,-0.99999865867,0.));
#4023 = ORIENTED_EDGE('',*,*,#4024,.F.);
#4024 = EDGE_CURVE('',#4025,#4016,#4027,.T.);
#4025 = VERTEX_POINT('',#4026);
#4026 = CARTESIAN_POINT('',(190.652401,-130.175001,0.1016));
#4027 = LINE('',#4028,#4029);
#4028 = CARTESIAN_POINT('',(190.652401,-130.175001,0.1016));
#4029 = VECTOR('',#4030,1.);
#4030 = DIRECTION('',(-1.,5.576498080069E-08,0.));
#4031 = ORIENTED_EDGE('',*,*,#4032,.F.);
#4032 = EDGE_CURVE('',#4033,#4025,#4035,.T.);
#4033 = VERTEX_POINT('',#4034);
#4034 = CARTESIAN_POINT('',(190.805903,-130.172684,0.1016));
#4035 = LINE('',#4036,#4037);
#4036 = CARTESIAN_POINT('',(190.805903,-130.172684,0.1016));
#4037 = VECTOR('',#4038,1.);
#4038 = DIRECTION('',(-0.999886101031,-1.509254665147E-02,0.));
#4039 = ORIENTED_EDGE('',*,*,#4040,.F.);
#4040 = EDGE_CURVE('',#4041,#4033,#4043,.T.);
#4041 = VERTEX_POINT('',#4042);
#4042 = CARTESIAN_POINT('',(193.1924,-127.635001,0.1016));
#4043 = CIRCLE('',#4044,2.538057880272);
#4044 = AXIS2_PLACEMENT_3D('',#4045,#4046,#4047);
#4045 = CARTESIAN_POINT('',(190.65434551946,-127.6391552092,0.1016));
#4046 = DIRECTION('',(0.,0.,-1.));
#4047 = DIRECTION('',(0.999998660496,1.636766936546E-03,0.));
#4048 = ORIENTED_EDGE('',*,*,#4049,.F.);
#4049 = EDGE_CURVE('',#4050,#4041,#4052,.T.);
#4050 = VERTEX_POINT('',#4051);
#4051 = CARTESIAN_POINT('',(193.1924,-124.2822,0.1016));
#4052 = LINE('',#4053,#4054);
#4053 = CARTESIAN_POINT('',(193.1924,-124.2822,0.1016));
#4054 = VECTOR('',#4055,1.);
#4055 = DIRECTION('',(0.,-1.,0.));
#4056 = ORIENTED_EDGE('',*,*,#4057,.F.);
#4057 = EDGE_CURVE('',#4058,#4050,#4060,.T.);
#4058 = VERTEX_POINT('',#4059);
#4059 = CARTESIAN_POINT('',(193.1924,-98.628201,0.1016));
#4060 = LINE('',#4061,#4062);
#4061 = CARTESIAN_POINT('',(193.1924,-98.628201,0.1016));
#4062 = VECTOR('',#4063,1.);
#4063 = DIRECTION('',(0.,-1.,0.));
#4064 = ORIENTED_EDGE('',*,*,#4065,.F.);
#4065 = EDGE_CURVE('',#4066,#4058,#4068,.T.);
#4066 = VERTEX_POINT('',#4067);
#4067 = CARTESIAN_POINT('',(196.545201,-98.628201,0.1016));
#4068 = LINE('',#4069,#4070);
#4069 = CARTESIAN_POINT('',(196.545201,-98.628201,0.1016));
#4070 = VECTOR('',#4071,1.);
#4071 = DIRECTION('',(-1.,0.,0.));
#4072 = ORIENTED_EDGE('',*,*,#4073,.F.);
#4073 = EDGE_CURVE('',#4074,#4066,#4076,.T.);
#4074 = VERTEX_POINT('',#4075);
#4075 = CARTESIAN_POINT('',(196.698703,-98.625884,0.1016));
#4076 = LINE('',#4077,#4078);
#4077 = CARTESIAN_POINT('',(196.698703,-98.625884,0.1016));
#4078 = VECTOR('',#4079,1.);
#4079 = DIRECTION('',(-0.999886101031,-1.509254665147E-02,0.));
#4080 = ORIENTED_EDGE('',*,*,#4081,.F.);
#4081 = EDGE_CURVE('',#4082,#4074,#4084,.T.);
#4082 = VERTEX_POINT('',#4083);
#4083 = CARTESIAN_POINT('',(199.0852,-96.0882,0.1016));
#4084 = CIRCLE('',#4085,2.53805593958);
#4085 = AXIS2_PLACEMENT_3D('',#4086,#4087,#4088);
#4086 = CARTESIAN_POINT('',(196.54714746479,-96.09235703701,0.1016));
#4087 = DIRECTION('',(0.,0.,-1.));
#4088 = DIRECTION('',(0.99999865867,1.637882344544E-03,0.));
#4089 = ORIENTED_EDGE('',*,*,#4090,.F.);
#4090 = EDGE_CURVE('',#4091,#4082,#4093,.T.);
#4091 = VERTEX_POINT('',#4092);
#4092 = CARTESIAN_POINT('',(199.0852,-82.8294,0.1016));
#4093 = LINE('',#4094,#4095);
#4094 = CARTESIAN_POINT('',(199.0852,-82.8294,0.1016));
#4095 = VECTOR('',#4096,1.);
#4096 = DIRECTION('',(0.,-1.,0.));
#4097 = ORIENTED_EDGE('',*,*,#4098,.F.);
#4098 = EDGE_CURVE('',#4099,#4091,#4101,.T.);
#4099 = VERTEX_POINT('',#4100);
#4100 = CARTESIAN_POINT('',(199.082975,-82.675893,0.1016));
#4101 = LINE('',#4102,#4103);
#4102 = CARTESIAN_POINT('',(199.082975,-82.675893,0.1016));
#4103 = VECTOR('',#4104,1.);
#4104 = DIRECTION('',(1.449293069764E-02,-0.999894971964,0.));
#4105 = ORIENTED_EDGE('',*,*,#4106,.F.);
#4106 = EDGE_CURVE('',#4107,#4099,#4109,.T.);
#4107 = VERTEX_POINT('',#4108);
#4108 = CARTESIAN_POINT('',(196.545199,-80.289401,0.1016));
#4109 = CIRCLE('',#4110,2.537977707784);
#4110 = AXIS2_PLACEMENT_3D('',#4111,#4112,#4113);
#4111 = CARTESIAN_POINT('',(196.54952201227,-82.82737502602,0.1016));
#4112 = DIRECTION('',(0.,0.,-1.));
#4113 = DIRECTION('',(-1.703329491207E-03,0.999998549333,0.));
#4114 = ORIENTED_EDGE('',*,*,#4115,.F.);
#4115 = EDGE_CURVE('',#4116,#4107,#4118,.T.);
#4116 = VERTEX_POINT('',#4117);
#4117 = CARTESIAN_POINT('',(193.192398,-80.289401,0.1016));
#4118 = LINE('',#4119,#4120);
#4119 = CARTESIAN_POINT('',(193.192398,-80.289401,0.1016));
#4120 = VECTOR('',#4121,1.);
#4121 = DIRECTION('',(1.,0.,0.));
#4122 = ORIENTED_EDGE('',*,*,#4123,.F.);
#4123 = EDGE_CURVE('',#4124,#4116,#4126,.T.);
#4124 = VERTEX_POINT('',#4125);
#4125 = CARTESIAN_POINT('',(193.1924,-62.0522,0.1016));
#4126 = LINE('',#4127,#4128);
#4127 = CARTESIAN_POINT('',(193.1924,-62.0522,0.1016));
#4128 = VECTOR('',#4129,1.);
#4129 = DIRECTION('',(-1.096659512033E-07,-1.,0.));
#4130 = ORIENTED_EDGE('',*,*,#4131,.F.);
#4131 = EDGE_CURVE('',#4132,#4124,#4134,.T.);
#4132 = VERTEX_POINT('',#4133);
#4133 = CARTESIAN_POINT('',(193.1924,-54.6354,0.1016));
#4134 = LINE('',#4135,#4136);
#4135 = CARTESIAN_POINT('',(193.1924,-54.6354,0.1016));
#4136 = VECTOR('',#4137,1.);
#4137 = DIRECTION('',(0.,-1.,0.));
#4138 = ORIENTED_EDGE('',*,*,#4139,.F.);
#4139 = EDGE_CURVE('',#4140,#4132,#4142,.T.);
#4140 = VERTEX_POINT('',#4141);
#4141 = CARTESIAN_POINT('',(185.928,-54.6354,0.1016));
#4142 = LINE('',#4143,#4144);
#4143 = CARTESIAN_POINT('',(185.928,-54.6354,0.1016));
#4144 = VECTOR('',#4145,1.);
#4145 = DIRECTION('',(1.,0.,0.));
#4146 = ORIENTED_EDGE('',*,*,#4147,.F.);
#4147 = EDGE_CURVE('',#4148,#4140,#4150,.T.);
#4148 = VERTEX_POINT('',#4149);
#4149 = CARTESIAN_POINT('',(185.928,-59.5122,0.1016));
#4150 = LINE('',#4151,#4152);
#4151 = CARTESIAN_POINT('',(185.928,-59.5122,0.1016));
#4152 = VECTOR('',#4153,1.);
#4153 = DIRECTION('',(0.,1.,0.));
#4154 = ORIENTED_EDGE('',*,*,#4155,.F.);
#4155 = EDGE_CURVE('',#4156,#4148,#4158,.T.);
#4156 = VERTEX_POINT('',#4157);
#4157 = CARTESIAN_POINT('',(185.925683,-59.665702,0.1016));
#4158 = LINE('',#4159,#4160);
#4159 = CARTESIAN_POINT('',(185.925683,-59.665702,0.1016));
#4160 = VECTOR('',#4161,1.);
#4161 = DIRECTION('',(1.509254665147E-02,0.999886101031,0.));
#4162 = ORIENTED_EDGE('',*,*,#4163,.F.);
#4163 = EDGE_CURVE('',#4164,#4156,#4166,.T.);
#4164 = VERTEX_POINT('',#4165);
#4165 = CARTESIAN_POINT('',(183.388001,-62.0522,0.1016));
#4166 = CIRCLE('',#4167,2.538057884246);
#4167 = AXIS2_PLACEMENT_3D('',#4168,#4169,#4170);
#4168 = CARTESIAN_POINT('',(183.39215414576,-59.51414551375,0.1016));
#4169 = DIRECTION('',(0.,0.,1.));
#4170 = DIRECTION('',(-1.636347928728E-03,-0.999998661182,0.));
#4171 = ORIENTED_EDGE('',*,*,#4172,.F.);
#4172 = EDGE_CURVE('',#4173,#4164,#4175,.T.);
#4173 = VERTEX_POINT('',#4174);
#4174 = CARTESIAN_POINT('',(169.3672,-62.0522,0.1016));
#4175 = LINE('',#4176,#4177);
#4176 = CARTESIAN_POINT('',(169.3672,-62.0522,0.1016));
#4177 = VECTOR('',#4178,1.);
#4178 = DIRECTION('',(1.,0.,0.));
#4179 = ORIENTED_EDGE('',*,*,#4180,.F.);
#4180 = EDGE_CURVE('',#4181,#4173,#4183,.T.);
#4181 = VERTEX_POINT('',#4182);
#4182 = CARTESIAN_POINT('',(169.213698,-62.049883,0.1016));
#4183 = LINE('',#4184,#4185);
#4184 = CARTESIAN_POINT('',(169.213698,-62.049883,0.1016));
#4185 = VECTOR('',#4186,1.);
#4186 = DIRECTION('',(0.999886101031,-1.509254665143E-02,0.));
#4187 = ORIENTED_EDGE('',*,*,#4188,.F.);
#4188 = EDGE_CURVE('',#4189,#4181,#4191,.T.);
#4189 = VERTEX_POINT('',#4190);
#4190 = CARTESIAN_POINT('',(166.8272,-59.512201,0.1016));
#4191 = CIRCLE('',#4192,2.538057884246);
#4192 = AXIS2_PLACEMENT_3D('',#4193,#4194,#4195);
#4193 = CARTESIAN_POINT('',(169.36525448624,-59.51635414576,0.1016));
#4194 = DIRECTION('',(0.,0.,1.));
#4195 = DIRECTION('',(-0.999998661182,1.636347928733E-03,0.));
#4196 = ORIENTED_EDGE('',*,*,#4197,.F.);
#4197 = EDGE_CURVE('',#4198,#4189,#4200,.T.);
#4198 = VERTEX_POINT('',#4199);
#4199 = CARTESIAN_POINT('',(166.8272,-54.6354,0.1016));
#4200 = LINE('',#4201,#4202);
#4201 = CARTESIAN_POINT('',(166.8272,-54.6354,0.1016));
#4202 = VECTOR('',#4203,1.);
#4203 = DIRECTION('',(0.,-1.,0.));
#4204 = ORIENTED_EDGE('',*,*,#4205,.F.);
#4205 = EDGE_CURVE('',#2310,#4198,#4206,.T.);
#4206 = LINE('',#4207,#4208);
#4207 = CARTESIAN_POINT('',(166.8272,-51.282599,0.1016));
#4208 = VECTOR('',#4209,1.);
#4209 = DIRECTION('',(0.,-1.,0.));
#4210 = ORIENTED_EDGE('',*,*,#2309,.F.);
#4211 = FACE_BOUND('',#4212,.T.);
#4212 = EDGE_LOOP('',(#4213));
#4213 = ORIENTED_EDGE('',*,*,#4214,.T.);
#4214 = EDGE_CURVE('',#4215,#4215,#4217,.T.);
#4215 = VERTEX_POINT('',#4216);
#4216 = CARTESIAN_POINT('',(111.404399,-128.135001,0.1016));
#4217 = CIRCLE('',#4218,0.5);
#4218 = AXIS2_PLACEMENT_3D('',#4219,#4220,#4221);
#4219 = CARTESIAN_POINT('',(111.404399,-127.635001,0.1016));
#4220 = DIRECTION('',(-0.,0.,-1.));
#4221 = DIRECTION('',(-0.,-1.,0.));
#4222 = FACE_BOUND('',#4223,.T.);
#4223 = EDGE_LOOP('',(#4224));
#4224 = ORIENTED_EDGE('',*,*,#4225,.T.);
#4225 = EDGE_CURVE('',#4226,#4226,#4228,.T.);
#4226 = VERTEX_POINT('',#4227);
#4227 = CARTESIAN_POINT('',(122.123199,-128.135001,0.1016));
#4228 = CIRCLE('',#4229,0.5);
#4229 = AXIS2_PLACEMENT_3D('',#4230,#4231,#4232);
#4230 = CARTESIAN_POINT('',(122.123199,-127.635001,0.1016));
#4231 = DIRECTION('',(-0.,0.,-1.));
#4232 = DIRECTION('',(-0.,-1.,0.));
#4233 = FACE_BOUND('',#4234,.T.);
#4234 = EDGE_LOOP('',(#4235));
#4235 = ORIENTED_EDGE('',*,*,#4236,.T.);
#4236 = EDGE_CURVE('',#4237,#4237,#4239,.T.);
#4237 = VERTEX_POINT('',#4238);
#4238 = CARTESIAN_POINT('',(111.8702,-114.276,0.1016));
#4239 = CIRCLE('',#4240,1.5);
#4240 = AXIS2_PLACEMENT_3D('',#4241,#4242,#4243);
#4241 = CARTESIAN_POINT('',(111.8702,-112.776,0.1016));
#4242 = DIRECTION('',(-0.,0.,-1.));
#4243 = DIRECTION('',(-0.,-1.,0.));
#4244 = FACE_BOUND('',#4245,.T.);
#4245 = EDGE_LOOP('',(#4246));
#4246 = ORIENTED_EDGE('',*,*,#4247,.T.);
#4247 = EDGE_CURVE('',#4248,#4248,#4250,.T.);
#4248 = VERTEX_POINT('',#4249);
#4249 = CARTESIAN_POINT('',(147.8702,-114.276,0.1016));
#4250 = CIRCLE('',#4251,1.5);
#4251 = AXIS2_PLACEMENT_3D('',#4252,#4253,#4254);
#4252 = CARTESIAN_POINT('',(147.8702,-112.776,0.1016));
#4253 = DIRECTION('',(-0.,0.,-1.));
#4254 = DIRECTION('',(-0.,-1.,0.));
#4255 = FACE_BOUND('',#4256,.T.);
#4256 = EDGE_LOOP('',(#4257));
#4257 = ORIENTED_EDGE('',*,*,#4258,.T.);
#4258 = EDGE_CURVE('',#4259,#4259,#4261,.T.);
#4259 = VERTEX_POINT('',#4260);
#4260 = CARTESIAN_POINT('',(105.511599,-96.588199,0.1016));
#4261 = CIRCLE('',#4262,0.5);
#4262 = AXIS2_PLACEMENT_3D('',#4263,#4264,#4265);
#4263 = CARTESIAN_POINT('',(105.511599,-96.088199,0.1016));
#4264 = DIRECTION('',(-0.,0.,-1.));
#4265 = DIRECTION('',(-0.,-1.,0.));
#4266 = FACE_BOUND('',#4267,.T.);
#4267 = EDGE_LOOP('',(#4268,#4279,#4287,#4295,#4304,#4312,#4320,#4328,
    #4337,#4345,#4353,#4362,#4370,#4378));
#4268 = ORIENTED_EDGE('',*,*,#4269,.F.);
#4269 = EDGE_CURVE('',#4270,#4272,#4274,.T.);
#4270 = VERTEX_POINT('',#4271);
#4271 = CARTESIAN_POINT('',(118.515297,-93.550516,0.1016));
#4272 = VERTEX_POINT('',#4273);
#4273 = CARTESIAN_POINT('',(116.1288,-96.0882,0.1016));
#4274 = CIRCLE('',#4275,2.53805593958);
#4275 = AXIS2_PLACEMENT_3D('',#4276,#4277,#4278);
#4276 = CARTESIAN_POINT('',(118.6668525352,-96.08404296298,0.1016));
#4277 = DIRECTION('',(0.,0.,1.));
#4278 = DIRECTION('',(-5.971323675143E-02,0.998215572588,0.));
#4279 = ORIENTED_EDGE('',*,*,#4280,.F.);
#4280 = EDGE_CURVE('',#4281,#4270,#4283,.T.);
#4281 = VERTEX_POINT('',#4282);
#4282 = CARTESIAN_POINT('',(118.668799,-93.548199,0.1016));
#4283 = LINE('',#4284,#4285);
#4284 = CARTESIAN_POINT('',(118.668799,-93.548199,0.1016));
#4285 = VECTOR('',#4286,1.);
#4286 = DIRECTION('',(-0.999886101031,-1.509254665147E-02,0.));
#4287 = ORIENTED_EDGE('',*,*,#4288,.F.);
#4288 = EDGE_CURVE('',#4289,#4281,#4291,.T.);
#4289 = VERTEX_POINT('',#4290);
#4290 = CARTESIAN_POINT('',(141.224,-93.5482,0.1016));
#4291 = LINE('',#4292,#4293);
#4292 = CARTESIAN_POINT('',(141.224,-93.5482,0.1016));
#4293 = VECTOR('',#4294,1.);
#4294 = DIRECTION('',(-1.,4.433567217935E-08,0.));
#4295 = ORIENTED_EDGE('',*,*,#4296,.F.);
#4296 = EDGE_CURVE('',#4297,#4289,#4299,.T.);
#4297 = VERTEX_POINT('',#4298);
#4298 = CARTESIAN_POINT('',(143.761683,-95.934697,0.1016));
#4299 = CIRCLE('',#4300,2.538057880272);
#4300 = AXIS2_PLACEMENT_3D('',#4301,#4302,#4303);
#4301 = CARTESIAN_POINT('',(141.22815420922,-96.08625448053,0.1016));
#4302 = DIRECTION('',(0.,0.,1.));
#4303 = DIRECTION('',(0.998215529469,5.971395755447E-02,-0.));
#4304 = ORIENTED_EDGE('',*,*,#4305,.F.);
#4305 = EDGE_CURVE('',#4306,#4297,#4308,.T.);
#4306 = VERTEX_POINT('',#4307);
#4307 = CARTESIAN_POINT('',(143.764,-96.088199,0.1016));
#4308 = LINE('',#4309,#4310);
#4309 = CARTESIAN_POINT('',(143.764,-96.088199,0.1016));
#4310 = VECTOR('',#4311,1.);
#4311 = DIRECTION('',(-1.509254665147E-02,0.999886101031,0.));
#4312 = ORIENTED_EDGE('',*,*,#4313,.F.);
#4313 = EDGE_CURVE('',#4314,#4306,#4316,.T.);
#4314 = VERTEX_POINT('',#4315);
#4315 = CARTESIAN_POINT('',(143.763999,-101.1174,0.1016));
#4316 = LINE('',#4317,#4318);
#4317 = CARTESIAN_POINT('',(143.763999,-101.1174,0.1016));
#4318 = VECTOR('',#4319,1.);
#4319 = DIRECTION('',(1.988387414771E-07,1.,0.));
#4320 = ORIENTED_EDGE('',*,*,#4321,.F.);
#4321 = EDGE_CURVE('',#4322,#4314,#4324,.T.);
#4322 = VERTEX_POINT('',#4323);
#4323 = CARTESIAN_POINT('',(143.764,-106.1466,0.1016));
#4324 = LINE('',#4325,#4326);
#4325 = CARTESIAN_POINT('',(143.764,-106.1466,0.1016));
#4326 = VECTOR('',#4327,1.);
#4327 = DIRECTION('',(-1.988387810139E-07,1.,0.));
#4328 = ORIENTED_EDGE('',*,*,#4329,.F.);
#4329 = EDGE_CURVE('',#4330,#4322,#4332,.T.);
#4330 = VERTEX_POINT('',#4331);
#4331 = CARTESIAN_POINT('',(141.377503,-108.684283,0.1016));
#4332 = CIRCLE('',#4333,2.538057880272);
#4333 = AXIS2_PLACEMENT_3D('',#4334,#4335,#4336);
#4334 = CARTESIAN_POINT('',(141.22594551946,-106.1507542092,0.1016));
#4335 = DIRECTION('',(0.,0.,1.));
#4336 = DIRECTION('',(5.971395755446E-02,-0.998215529469,0.));
#4337 = ORIENTED_EDGE('',*,*,#4338,.F.);
#4338 = EDGE_CURVE('',#4339,#4330,#4341,.T.);
#4339 = VERTEX_POINT('',#4340);
#4340 = CARTESIAN_POINT('',(141.224001,-108.6866,0.1016));
#4341 = LINE('',#4342,#4343);
#4342 = CARTESIAN_POINT('',(141.224001,-108.6866,0.1016));
#4343 = VECTOR('',#4344,1.);
#4344 = DIRECTION('',(0.999886101031,1.509254665147E-02,0.));
#4345 = ORIENTED_EDGE('',*,*,#4346,.F.);
#4346 = EDGE_CURVE('',#4347,#4339,#4349,.T.);
#4347 = VERTEX_POINT('',#4348);
#4348 = CARTESIAN_POINT('',(118.6688,-108.6866,0.1016));
#4349 = LINE('',#4350,#4351);
#4350 = CARTESIAN_POINT('',(118.6688,-108.6866,0.1016));
#4351 = VECTOR('',#4352,1.);
#4352 = DIRECTION('',(1.,0.,0.));
#4353 = ORIENTED_EDGE('',*,*,#4354,.F.);
#4354 = EDGE_CURVE('',#4355,#4347,#4357,.T.);
#4355 = VERTEX_POINT('',#4356);
#4356 = CARTESIAN_POINT('',(116.131117,-106.300103,0.1016));
#4357 = CIRCLE('',#4358,2.538057880272);
#4358 = AXIS2_PLACEMENT_3D('',#4359,#4360,#4361);
#4359 = CARTESIAN_POINT('',(118.66464579077,-106.1485455194,0.1016));
#4360 = DIRECTION('',(0.,0.,1.));
#4361 = DIRECTION('',(-0.998215529469,-5.971395755446E-02,0.));
#4362 = ORIENTED_EDGE('',*,*,#4363,.F.);
#4363 = EDGE_CURVE('',#4364,#4355,#4366,.T.);
#4364 = VERTEX_POINT('',#4365);
#4365 = CARTESIAN_POINT('',(116.1288,-106.146601,0.1016));
#4366 = LINE('',#4367,#4368);
#4367 = CARTESIAN_POINT('',(116.1288,-106.146601,0.1016));
#4368 = VECTOR('',#4369,1.);
#4369 = DIRECTION('',(1.509254665147E-02,-0.999886101031,0.));
#4370 = ORIENTED_EDGE('',*,*,#4371,.F.);
#4371 = EDGE_CURVE('',#4372,#4364,#4374,.T.);
#4372 = VERTEX_POINT('',#4373);
#4373 = CARTESIAN_POINT('',(116.128799,-101.1174,0.1016));
#4374 = LINE('',#4375,#4376);
#4375 = CARTESIAN_POINT('',(116.128799,-101.1174,0.1016));
#4376 = VECTOR('',#4377,1.);
#4377 = DIRECTION('',(1.988387414771E-07,-1.,0.));
#4378 = ORIENTED_EDGE('',*,*,#4379,.F.);
#4379 = EDGE_CURVE('',#4272,#4372,#4380,.T.);
#4380 = LINE('',#4381,#4382);
#4381 = CARTESIAN_POINT('',(116.1288,-96.0882,0.1016));
#4382 = VECTOR('',#4383,1.);
#4383 = DIRECTION('',(-1.988387810139E-07,-1.,0.));
#4384 = FACE_BOUND('',#4385,.T.);
#4385 = EDGE_LOOP('',(#4386));
#4386 = ORIENTED_EDGE('',*,*,#4387,.T.);
#4387 = EDGE_CURVE('',#4388,#4388,#4390,.T.);
#4388 = VERTEX_POINT('',#4389);
#4389 = CARTESIAN_POINT('',(154.1866,-114.276,0.1016));
#4390 = CIRCLE('',#4391,1.5);
#4391 = AXIS2_PLACEMENT_3D('',#4392,#4393,#4394);
#4392 = CARTESIAN_POINT('',(154.1866,-112.776,0.1016));
#4393 = DIRECTION('',(-0.,0.,-1.));
#4394 = DIRECTION('',(-0.,-1.,0.));
#4395 = FACE_BOUND('',#4396,.T.);
#4396 = EDGE_LOOP('',(#4397));
#4397 = ORIENTED_EDGE('',*,*,#4398,.T.);
#4398 = EDGE_CURVE('',#4399,#4399,#4401,.T.);
#4399 = VERTEX_POINT('',#4400);
#4400 = CARTESIAN_POINT('',(184.8358,-127.9786,0.1016));
#4401 = CIRCLE('',#4402,0.75);
#4402 = AXIS2_PLACEMENT_3D('',#4403,#4404,#4405);
#4403 = CARTESIAN_POINT('',(184.8358,-127.2286,0.1016));
#4404 = DIRECTION('',(-0.,0.,-1.));
#4405 = DIRECTION('',(-0.,-1.,0.));
#4406 = FACE_BOUND('',#4407,.T.);
#4407 = EDGE_LOOP('',(#4408));
#4408 = ORIENTED_EDGE('',*,*,#4409,.T.);
#4409 = EDGE_CURVE('',#4410,#4410,#4412,.T.);
#4410 = VERTEX_POINT('',#4411);
#4411 = CARTESIAN_POINT('',(188.6204,-127.9786,0.1016));
#4412 = CIRCLE('',#4413,0.75);
#4413 = AXIS2_PLACEMENT_3D('',#4414,#4415,#4416);
#4414 = CARTESIAN_POINT('',(188.6204,-127.2286,0.1016));
#4415 = DIRECTION('',(-0.,0.,-1.));
#4416 = DIRECTION('',(-0.,-1.,0.));
#4417 = FACE_BOUND('',#4418,.T.);
#4418 = EDGE_LOOP('',(#4419));
#4419 = ORIENTED_EDGE('',*,*,#4420,.T.);
#4420 = EDGE_CURVE('',#4421,#4421,#4423,.T.);
#4421 = VERTEX_POINT('',#4422);
#4422 = CARTESIAN_POINT('',(190.1866,-114.276,0.1016));
#4423 = CIRCLE('',#4424,1.5);
#4424 = AXIS2_PLACEMENT_3D('',#4425,#4426,#4427);
#4425 = CARTESIAN_POINT('',(190.1866,-112.776,0.1016));
#4426 = DIRECTION('',(-0.,0.,-1.));
#4427 = DIRECTION('',(-0.,-1.,0.));
#4428 = FACE_BOUND('',#4429,.T.);
#4429 = EDGE_LOOP('',(#4430,#4441,#4449,#4457,#4466,#4474,#4482,#4490,
    #4499,#4507,#4515,#4524,#4532,#4540));
#4430 = ORIENTED_EDGE('',*,*,#4431,.F.);
#4431 = EDGE_CURVE('',#4432,#4434,#4436,.T.);
#4432 = VERTEX_POINT('',#4433);
#4433 = CARTESIAN_POINT('',(160.832799,-93.548199,0.1016));
#4434 = VERTEX_POINT('',#4435);
#4435 = CARTESIAN_POINT('',(158.295117,-95.934698,0.1016));
#4436 = CIRCLE('',#4437,2.538059718458);
#4437 = AXIS2_PLACEMENT_3D('',#4438,#4439,#4440);
#4438 = CARTESIAN_POINT('',(160.82864764165,-96.08625532338,0.1016));
#4439 = DIRECTION('',(0.,0.,1.));
#4440 = DIRECTION('',(1.635642501983E-03,0.999998662336,-0.));
#4441 = ORIENTED_EDGE('',*,*,#4442,.F.);
#4442 = EDGE_CURVE('',#4443,#4432,#4445,.T.);
#4443 = VERTEX_POINT('',#4444);
#4444 = CARTESIAN_POINT('',(183.388,-93.5482,0.1016));
#4445 = LINE('',#4446,#4447);
#4446 = CARTESIAN_POINT('',(183.388,-93.5482,0.1016));
#4447 = VECTOR('',#4448,1.);
#4448 = DIRECTION('',(-1.,4.433567217935E-08,0.));
#4449 = ORIENTED_EDGE('',*,*,#4450,.F.);
#4450 = EDGE_CURVE('',#4451,#4443,#4453,.T.);
#4451 = VERTEX_POINT('',#4452);
#4452 = CARTESIAN_POINT('',(183.541502,-93.550517,0.1016));
#4453 = LINE('',#4454,#4455);
#4454 = CARTESIAN_POINT('',(183.541502,-93.550517,0.1016));
#4455 = VECTOR('',#4456,1.);
#4456 = DIRECTION('',(-0.999886101031,1.509254665147E-02,0.));
#4457 = ORIENTED_EDGE('',*,*,#4458,.F.);
#4458 = EDGE_CURVE('',#4459,#4451,#4461,.T.);
#4459 = VERTEX_POINT('',#4460);
#4460 = CARTESIAN_POINT('',(185.928,-96.088199,0.1016));
#4461 = CIRCLE('',#4462,2.538057884246);
#4462 = AXIS2_PLACEMENT_3D('',#4463,#4464,#4465);
#4463 = CARTESIAN_POINT('',(183.38994551375,-96.08404585423,0.1016));
#4464 = DIRECTION('',(0.,0.,1.));
#4465 = DIRECTION('',(0.999998661182,-1.636347928728E-03,0.));
#4466 = ORIENTED_EDGE('',*,*,#4467,.F.);
#4467 = EDGE_CURVE('',#4468,#4459,#4470,.T.);
#4468 = VERTEX_POINT('',#4469);
#4469 = CARTESIAN_POINT('',(185.927999,-101.1174,0.1016));
#4470 = LINE('',#4471,#4472);
#4471 = CARTESIAN_POINT('',(185.927999,-101.1174,0.1016));
#4472 = VECTOR('',#4473,1.);
#4473 = DIRECTION('',(1.988387414771E-07,1.,0.));
#4474 = ORIENTED_EDGE('',*,*,#4475,.F.);
#4475 = EDGE_CURVE('',#4476,#4468,#4478,.T.);
#4476 = VERTEX_POINT('',#4477);
#4477 = CARTESIAN_POINT('',(185.928,-106.1466,0.1016));
#4478 = LINE('',#4479,#4480);
#4479 = CARTESIAN_POINT('',(185.928,-106.1466,0.1016));
#4480 = VECTOR('',#4481,1.);
#4481 = DIRECTION('',(-1.988387810139E-07,1.,0.));
#4482 = ORIENTED_EDGE('',*,*,#4483,.F.);
#4483 = EDGE_CURVE('',#4484,#4476,#4486,.T.);
#4484 = VERTEX_POINT('',#4485);
#4485 = CARTESIAN_POINT('',(185.925683,-106.300102,0.1016));
#4486 = LINE('',#4487,#4488);
#4487 = CARTESIAN_POINT('',(185.925683,-106.300102,0.1016));
#4488 = VECTOR('',#4489,1.);
#4489 = DIRECTION('',(1.509254665147E-02,0.999886101031,0.));
#4490 = ORIENTED_EDGE('',*,*,#4491,.F.);
#4491 = EDGE_CURVE('',#4492,#4484,#4494,.T.);
#4492 = VERTEX_POINT('',#4493);
#4493 = CARTESIAN_POINT('',(183.388001,-108.6866,0.1016));
#4494 = CIRCLE('',#4495,2.538057884246);
#4495 = AXIS2_PLACEMENT_3D('',#4496,#4497,#4498);
#4496 = CARTESIAN_POINT('',(183.39215414576,-106.1485455137,0.1016));
#4497 = DIRECTION('',(0.,0.,1.));
#4498 = DIRECTION('',(-1.636347928716E-03,-0.999998661182,0.));
#4499 = ORIENTED_EDGE('',*,*,#4500,.F.);
#4500 = EDGE_CURVE('',#4501,#4492,#4503,.T.);
#4501 = VERTEX_POINT('',#4502);
#4502 = CARTESIAN_POINT('',(160.8328,-108.6866,0.1016));
#4503 = LINE('',#4504,#4505);
#4504 = CARTESIAN_POINT('',(160.8328,-108.6866,0.1016));
#4505 = VECTOR('',#4506,1.);
#4506 = DIRECTION('',(1.,0.,0.));
#4507 = ORIENTED_EDGE('',*,*,#4508,.F.);
#4508 = EDGE_CURVE('',#4509,#4501,#4511,.T.);
#4509 = VERTEX_POINT('',#4510);
#4510 = CARTESIAN_POINT('',(160.679298,-108.684283,0.1016));
#4511 = LINE('',#4512,#4513);
#4512 = CARTESIAN_POINT('',(160.679298,-108.684283,0.1016));
#4513 = VECTOR('',#4514,1.);
#4514 = DIRECTION('',(0.999886101031,-1.509254665147E-02,0.));
#4515 = ORIENTED_EDGE('',*,*,#4516,.F.);
#4516 = EDGE_CURVE('',#4517,#4509,#4519,.T.);
#4517 = VERTEX_POINT('',#4518);
#4518 = CARTESIAN_POINT('',(158.2928,-106.146601,0.1016));
#4519 = CIRCLE('',#4520,2.538057884245);
#4520 = AXIS2_PLACEMENT_3D('',#4521,#4522,#4523);
#4521 = CARTESIAN_POINT('',(160.83085448624,-106.1507541457,0.1016));
#4522 = DIRECTION('',(0.,0.,1.));
#4523 = DIRECTION('',(-0.999998661182,1.636347928733E-03,0.));
#4524 = ORIENTED_EDGE('',*,*,#4525,.F.);
#4525 = EDGE_CURVE('',#4526,#4517,#4528,.T.);
#4526 = VERTEX_POINT('',#4527);
#4527 = CARTESIAN_POINT('',(158.292799,-101.1174,0.1016));
#4528 = LINE('',#4529,#4530);
#4529 = CARTESIAN_POINT('',(158.292799,-101.1174,0.1016));
#4530 = VECTOR('',#4531,1.);
#4531 = DIRECTION('',(1.988387414771E-07,-1.,0.));
#4532 = ORIENTED_EDGE('',*,*,#4533,.F.);
#4533 = EDGE_CURVE('',#4534,#4526,#4536,.T.);
#4534 = VERTEX_POINT('',#4535);
#4535 = CARTESIAN_POINT('',(158.2928,-96.0882,0.1016));
#4536 = LINE('',#4537,#4538);
#4537 = CARTESIAN_POINT('',(158.2928,-96.0882,0.1016));
#4538 = VECTOR('',#4539,1.);
#4539 = DIRECTION('',(-1.988387810139E-07,-1.,0.));
#4540 = ORIENTED_EDGE('',*,*,#4541,.F.);
#4541 = EDGE_CURVE('',#4434,#4534,#4542,.T.);
#4542 = LINE('',#4543,#4544);
#4543 = CARTESIAN_POINT('',(158.295117,-95.934698,0.1016));
#4544 = VECTOR('',#4545,1.);
#4545 = DIRECTION('',(-1.509254665147E-02,-0.999886101031,0.));
#4546 = FACE_BOUND('',#4547,.T.);
#4547 = EDGE_LOOP('',(#4548));
#4548 = ORIENTED_EDGE('',*,*,#4549,.T.);
#4549 = EDGE_CURVE('',#4550,#4550,#4552,.T.);
#4550 = VERTEX_POINT('',#4551);
#4551 = CARTESIAN_POINT('',(196.545201,-96.588201,0.1016));
#4552 = CIRCLE('',#4553,0.5);
#4553 = AXIS2_PLACEMENT_3D('',#4554,#4555,#4556);
#4554 = CARTESIAN_POINT('',(196.545201,-96.088201,0.1016));
#4555 = DIRECTION('',(-0.,0.,-1.));
#4556 = DIRECTION('',(-0.,-1.,0.));
#4557 = FACE_BOUND('',#4558,.T.);
#4558 = EDGE_LOOP('',(#4559));
#4559 = ORIENTED_EDGE('',*,*,#4560,.T.);
#4560 = EDGE_CURVE('',#4561,#4561,#4563,.T.);
#4561 = VERTEX_POINT('',#4562);
#4562 = CARTESIAN_POINT('',(111.8702,-90.9588,0.1016));
#4563 = CIRCLE('',#4564,1.5);
#4564 = AXIS2_PLACEMENT_3D('',#4565,#4566,#4567);
#4565 = CARTESIAN_POINT('',(111.8702,-89.4588,0.1016));
#4566 = DIRECTION('',(-0.,0.,-1.));
#4567 = DIRECTION('',(-0.,-1.,0.));
#4568 = FACE_BOUND('',#4569,.T.);
#4569 = EDGE_LOOP('',(#4570));
#4570 = ORIENTED_EDGE('',*,*,#4571,.T.);
#4571 = EDGE_CURVE('',#4572,#4572,#4574,.T.);
#4572 = VERTEX_POINT('',#4573);
#4573 = CARTESIAN_POINT('',(105.511601,-83.329399,0.1016));
#4574 = CIRCLE('',#4575,0.5);
#4575 = AXIS2_PLACEMENT_3D('',#4576,#4577,#4578);
#4576 = CARTESIAN_POINT('',(105.511601,-82.829399,0.1016));
#4577 = DIRECTION('',(-0.,0.,-1.));
#4578 = DIRECTION('',(-0.,-1.,0.));
#4579 = FACE_BOUND('',#4580,.T.);
#4580 = EDGE_LOOP('',(#4581));
#4581 = ORIENTED_EDGE('',*,*,#4582,.T.);
#4582 = EDGE_CURVE('',#4583,#4583,#4585,.T.);
#4583 = VERTEX_POINT('',#4584);
#4584 = CARTESIAN_POINT('',(147.8702,-90.9588,0.1016));
#4585 = CIRCLE('',#4586,1.5);
#4586 = AXIS2_PLACEMENT_3D('',#4587,#4588,#4589);
#4587 = CARTESIAN_POINT('',(147.8702,-89.4588,0.1016));
#4588 = DIRECTION('',(-0.,0.,-1.));
#4589 = DIRECTION('',(-0.,-1.,0.));
#4590 = FACE_BOUND('',#4591,.T.);
#4591 = EDGE_LOOP('',(#4592,#4603,#4611,#4619,#4628,#4636,#4644,#4652,
    #4661,#4669,#4677,#4686,#4694,#4702));
#4592 = ORIENTED_EDGE('',*,*,#4593,.F.);
#4593 = EDGE_CURVE('',#4594,#4596,#4598,.T.);
#4594 = VERTEX_POINT('',#4595);
#4595 = CARTESIAN_POINT('',(118.515297,-70.233316,0.1016));
#4596 = VERTEX_POINT('',#4597);
#4597 = CARTESIAN_POINT('',(116.1288,-72.771,0.1016));
#4598 = CIRCLE('',#4599,2.53805593958);
#4599 = AXIS2_PLACEMENT_3D('',#4600,#4601,#4602);
#4600 = CARTESIAN_POINT('',(118.6668525352,-72.76684296298,0.1016));
#4601 = DIRECTION('',(0.,0.,1.));
#4602 = DIRECTION('',(-5.971323675142E-02,0.998215572588,0.));
#4603 = ORIENTED_EDGE('',*,*,#4604,.F.);
#4604 = EDGE_CURVE('',#4605,#4594,#4607,.T.);
#4605 = VERTEX_POINT('',#4606);
#4606 = CARTESIAN_POINT('',(118.668799,-70.230999,0.1016));
#4607 = LINE('',#4608,#4609);
#4608 = CARTESIAN_POINT('',(118.668799,-70.230999,0.1016));
#4609 = VECTOR('',#4610,1.);
#4610 = DIRECTION('',(-0.999886101031,-1.509254665147E-02,0.));
#4611 = ORIENTED_EDGE('',*,*,#4612,.F.);
#4612 = EDGE_CURVE('',#4613,#4605,#4615,.T.);
#4613 = VERTEX_POINT('',#4614);
#4614 = CARTESIAN_POINT('',(141.224,-70.231,0.1016));
#4615 = LINE('',#4616,#4617);
#4616 = CARTESIAN_POINT('',(141.224,-70.231,0.1016));
#4617 = VECTOR('',#4618,1.);
#4618 = DIRECTION('',(-1.,4.433567217935E-08,0.));
#4619 = ORIENTED_EDGE('',*,*,#4620,.F.);
#4620 = EDGE_CURVE('',#4621,#4613,#4623,.T.);
#4621 = VERTEX_POINT('',#4622);
#4622 = CARTESIAN_POINT('',(143.761683,-72.617497,0.1016));
#4623 = CIRCLE('',#4624,2.538057880272);
#4624 = AXIS2_PLACEMENT_3D('',#4625,#4626,#4627);
#4625 = CARTESIAN_POINT('',(141.22815420922,-72.76905448053,0.1016));
#4626 = DIRECTION('',(0.,0.,1.));
#4627 = DIRECTION('',(0.998215529469,5.971395755447E-02,-0.));
#4628 = ORIENTED_EDGE('',*,*,#4629,.F.);
#4629 = EDGE_CURVE('',#4630,#4621,#4632,.T.);
#4630 = VERTEX_POINT('',#4631);
#4631 = CARTESIAN_POINT('',(143.764,-72.770999,0.1016));
#4632 = LINE('',#4633,#4634);
#4633 = CARTESIAN_POINT('',(143.764,-72.770999,0.1016));
#4634 = VECTOR('',#4635,1.);
#4635 = DIRECTION('',(-1.509254665147E-02,0.999886101031,0.));
#4636 = ORIENTED_EDGE('',*,*,#4637,.F.);
#4637 = EDGE_CURVE('',#4638,#4630,#4640,.T.);
#4638 = VERTEX_POINT('',#4639);
#4639 = CARTESIAN_POINT('',(143.763999,-77.8002,0.1016));
#4640 = LINE('',#4641,#4642);
#4641 = CARTESIAN_POINT('',(143.763999,-77.8002,0.1016));
#4642 = VECTOR('',#4643,1.);
#4643 = DIRECTION('',(1.988387414771E-07,1.,0.));
#4644 = ORIENTED_EDGE('',*,*,#4645,.F.);
#4645 = EDGE_CURVE('',#4646,#4638,#4648,.T.);
#4646 = VERTEX_POINT('',#4647);
#4647 = CARTESIAN_POINT('',(143.764,-82.8294,0.1016));
#4648 = LINE('',#4649,#4650);
#4649 = CARTESIAN_POINT('',(143.764,-82.8294,0.1016));
#4650 = VECTOR('',#4651,1.);
#4651 = DIRECTION('',(-1.988387810139E-07,1.,0.));
#4652 = ORIENTED_EDGE('',*,*,#4653,.F.);
#4653 = EDGE_CURVE('',#4654,#4646,#4656,.T.);
#4654 = VERTEX_POINT('',#4655);
#4655 = CARTESIAN_POINT('',(141.377503,-85.367083,0.1016));
#4656 = CIRCLE('',#4657,2.538057880272);
#4657 = AXIS2_PLACEMENT_3D('',#4658,#4659,#4660);
#4658 = CARTESIAN_POINT('',(141.22594551946,-82.83355420922,0.1016));
#4659 = DIRECTION('',(0.,0.,1.));
#4660 = DIRECTION('',(5.971395755445E-02,-0.998215529469,0.));
#4661 = ORIENTED_EDGE('',*,*,#4662,.F.);
#4662 = EDGE_CURVE('',#4663,#4654,#4665,.T.);
#4663 = VERTEX_POINT('',#4664);
#4664 = CARTESIAN_POINT('',(141.224001,-85.3694,0.1016));
#4665 = LINE('',#4666,#4667);
#4666 = CARTESIAN_POINT('',(141.224001,-85.3694,0.1016));
#4667 = VECTOR('',#4668,1.);
#4668 = DIRECTION('',(0.999886101031,1.509254665147E-02,0.));
#4669 = ORIENTED_EDGE('',*,*,#4670,.F.);
#4670 = EDGE_CURVE('',#4671,#4663,#4673,.T.);
#4671 = VERTEX_POINT('',#4672);
#4672 = CARTESIAN_POINT('',(118.6688,-85.3694,0.1016));
#4673 = LINE('',#4674,#4675);
#4674 = CARTESIAN_POINT('',(118.6688,-85.3694,0.1016));
#4675 = VECTOR('',#4676,1.);
#4676 = DIRECTION('',(1.,0.,0.));
#4677 = ORIENTED_EDGE('',*,*,#4678,.F.);
#4678 = EDGE_CURVE('',#4679,#4671,#4681,.T.);
#4679 = VERTEX_POINT('',#4680);
#4680 = CARTESIAN_POINT('',(116.131117,-82.982903,0.1016));
#4681 = CIRCLE('',#4682,2.538057880272);
#4682 = AXIS2_PLACEMENT_3D('',#4683,#4684,#4685);
#4683 = CARTESIAN_POINT('',(118.66464579077,-82.83134551946,0.1016));
#4684 = DIRECTION('',(0.,0.,1.));
#4685 = DIRECTION('',(-0.998215529469,-5.971395755446E-02,0.));
#4686 = ORIENTED_EDGE('',*,*,#4687,.F.);
#4687 = EDGE_CURVE('',#4688,#4679,#4690,.T.);
#4688 = VERTEX_POINT('',#4689);
#4689 = CARTESIAN_POINT('',(116.1288,-82.829401,0.1016));
#4690 = LINE('',#4691,#4692);
#4691 = CARTESIAN_POINT('',(116.1288,-82.829401,0.1016));
#4692 = VECTOR('',#4693,1.);
#4693 = DIRECTION('',(1.509254665147E-02,-0.999886101031,0.));
#4694 = ORIENTED_EDGE('',*,*,#4695,.F.);
#4695 = EDGE_CURVE('',#4696,#4688,#4698,.T.);
#4696 = VERTEX_POINT('',#4697);
#4697 = CARTESIAN_POINT('',(116.128799,-77.8002,0.1016));
#4698 = LINE('',#4699,#4700);
#4699 = CARTESIAN_POINT('',(116.128799,-77.8002,0.1016));
#4700 = VECTOR('',#4701,1.);
#4701 = DIRECTION('',(1.988387414771E-07,-1.,0.));
#4702 = ORIENTED_EDGE('',*,*,#4703,.F.);
#4703 = EDGE_CURVE('',#4596,#4696,#4704,.T.);
#4704 = LINE('',#4705,#4706);
#4705 = CARTESIAN_POINT('',(116.1288,-72.771,0.1016));
#4706 = VECTOR('',#4707,1.);
#4707 = DIRECTION('',(-1.988387810139E-07,-1.,0.));
#4708 = FACE_BOUND('',#4709,.T.);
#4709 = EDGE_LOOP('',(#4710));
#4710 = ORIENTED_EDGE('',*,*,#4711,.T.);
#4711 = EDGE_CURVE('',#4712,#4712,#4714,.T.);
#4712 = VERTEX_POINT('',#4713);
#4713 = CARTESIAN_POINT('',(111.8702,-67.6416,0.1016));
#4714 = CIRCLE('',#4715,1.5);
#4715 = AXIS2_PLACEMENT_3D('',#4716,#4717,#4718);
#4716 = CARTESIAN_POINT('',(111.8702,-66.1416,0.1016));
#4717 = DIRECTION('',(-0.,0.,-1.));
#4718 = DIRECTION('',(-0.,-1.,0.));
#4719 = FACE_BOUND('',#4720,.T.);
#4720 = EDGE_LOOP('',(#4721));
#4721 = ORIENTED_EDGE('',*,*,#4722,.T.);
#4722 = EDGE_CURVE('',#4723,#4723,#4725,.T.);
#4723 = VERTEX_POINT('',#4724);
#4724 = CARTESIAN_POINT('',(147.8702,-67.6416,0.1016));
#4725 = CIRCLE('',#4726,1.5);
#4726 = AXIS2_PLACEMENT_3D('',#4727,#4728,#4729);
#4727 = CARTESIAN_POINT('',(147.8702,-66.1416,0.1016));
#4728 = DIRECTION('',(-0.,0.,-1.));
#4729 = DIRECTION('',(-0.,-1.,0.));
#4730 = FACE_BOUND('',#4731,.T.);
#4731 = EDGE_LOOP('',(#4732));
#4732 = ORIENTED_EDGE('',*,*,#4733,.T.);
#4733 = EDGE_CURVE('',#4734,#4734,#4736,.T.);
#4734 = VERTEX_POINT('',#4735);
#4735 = CARTESIAN_POINT('',(137.769599,-51.782599,0.1016));
#4736 = CIRCLE('',#4737,0.5);
#4737 = AXIS2_PLACEMENT_3D('',#4738,#4739,#4740);
#4738 = CARTESIAN_POINT('',(137.769599,-51.282599,0.1016));
#4739 = DIRECTION('',(-0.,0.,-1.));
#4740 = DIRECTION('',(-0.,-1.,0.));
#4741 = FACE_BOUND('',#4742,.T.);
#4742 = EDGE_LOOP('',(#4743));
#4743 = ORIENTED_EDGE('',*,*,#4744,.T.);
#4744 = EDGE_CURVE('',#4745,#4745,#4747,.T.);
#4745 = VERTEX_POINT('',#4746);
#4746 = CARTESIAN_POINT('',(154.1866,-90.9588,0.1016));
#4747 = CIRCLE('',#4748,1.5);
#4748 = AXIS2_PLACEMENT_3D('',#4749,#4750,#4751);
#4749 = CARTESIAN_POINT('',(154.1866,-89.4588,0.1016));
#4750 = DIRECTION('',(-0.,0.,-1.));
#4751 = DIRECTION('',(-0.,-1.,0.));
#4752 = FACE_BOUND('',#4753,.T.);
#4753 = EDGE_LOOP('',(#4754,#4765,#4773,#4781,#4790,#4798,#4806,#4814,
    #4823,#4831,#4839,#4848,#4856,#4864));
#4754 = ORIENTED_EDGE('',*,*,#4755,.F.);
#4755 = EDGE_CURVE('',#4756,#4758,#4760,.T.);
#4756 = VERTEX_POINT('',#4757);
#4757 = CARTESIAN_POINT('',(160.679297,-70.233316,0.1016));
#4758 = VERTEX_POINT('',#4759);
#4759 = CARTESIAN_POINT('',(158.2928,-72.771,0.1016));
#4760 = CIRCLE('',#4761,2.53805593958);
#4761 = AXIS2_PLACEMENT_3D('',#4762,#4763,#4764);
#4762 = CARTESIAN_POINT('',(160.8308525352,-72.76684296298,0.1016));
#4763 = DIRECTION('',(0.,0.,1.));
#4764 = DIRECTION('',(-5.971323675144E-02,0.998215572588,0.));
#4765 = ORIENTED_EDGE('',*,*,#4766,.F.);
#4766 = EDGE_CURVE('',#4767,#4756,#4769,.T.);
#4767 = VERTEX_POINT('',#4768);
#4768 = CARTESIAN_POINT('',(160.832799,-70.230999,0.1016));
#4769 = LINE('',#4770,#4771);
#4770 = CARTESIAN_POINT('',(160.832799,-70.230999,0.1016));
#4771 = VECTOR('',#4772,1.);
#4772 = DIRECTION('',(-0.999886101031,-1.509254665147E-02,0.));
#4773 = ORIENTED_EDGE('',*,*,#4774,.F.);
#4774 = EDGE_CURVE('',#4775,#4767,#4777,.T.);
#4775 = VERTEX_POINT('',#4776);
#4776 = CARTESIAN_POINT('',(183.388,-70.231,0.1016));
#4777 = LINE('',#4778,#4779);
#4778 = CARTESIAN_POINT('',(183.388,-70.231,0.1016));
#4779 = VECTOR('',#4780,1.);
#4780 = DIRECTION('',(-1.,4.433567217935E-08,0.));
#4781 = ORIENTED_EDGE('',*,*,#4782,.F.);
#4782 = EDGE_CURVE('',#4783,#4775,#4785,.T.);
#4783 = VERTEX_POINT('',#4784);
#4784 = CARTESIAN_POINT('',(185.925683,-72.617497,0.1016));
#4785 = CIRCLE('',#4786,2.538057880272);
#4786 = AXIS2_PLACEMENT_3D('',#4787,#4788,#4789);
#4787 = CARTESIAN_POINT('',(183.39215420922,-72.76905448053,0.1016));
#4788 = DIRECTION('',(0.,0.,1.));
#4789 = DIRECTION('',(0.998215529469,5.971395755446E-02,-0.));
#4790 = ORIENTED_EDGE('',*,*,#4791,.F.);
#4791 = EDGE_CURVE('',#4792,#4783,#4794,.T.);
#4792 = VERTEX_POINT('',#4793);
#4793 = CARTESIAN_POINT('',(185.928,-72.770999,0.1016));
#4794 = LINE('',#4795,#4796);
#4795 = CARTESIAN_POINT('',(185.928,-72.770999,0.1016));
#4796 = VECTOR('',#4797,1.);
#4797 = DIRECTION('',(-1.509254665147E-02,0.999886101031,0.));
#4798 = ORIENTED_EDGE('',*,*,#4799,.F.);
#4799 = EDGE_CURVE('',#4800,#4792,#4802,.T.);
#4800 = VERTEX_POINT('',#4801);
#4801 = CARTESIAN_POINT('',(185.927999,-77.8002,0.1016));
#4802 = LINE('',#4803,#4804);
#4803 = CARTESIAN_POINT('',(185.927999,-77.8002,0.1016));
#4804 = VECTOR('',#4805,1.);
#4805 = DIRECTION('',(1.988387414771E-07,1.,0.));
#4806 = ORIENTED_EDGE('',*,*,#4807,.F.);
#4807 = EDGE_CURVE('',#4808,#4800,#4810,.T.);
#4808 = VERTEX_POINT('',#4809);
#4809 = CARTESIAN_POINT('',(185.928,-82.8294,0.1016));
#4810 = LINE('',#4811,#4812);
#4811 = CARTESIAN_POINT('',(185.928,-82.8294,0.1016));
#4812 = VECTOR('',#4813,1.);
#4813 = DIRECTION('',(-1.988387810139E-07,1.,0.));
#4814 = ORIENTED_EDGE('',*,*,#4815,.F.);
#4815 = EDGE_CURVE('',#4816,#4808,#4818,.T.);
#4816 = VERTEX_POINT('',#4817);
#4817 = CARTESIAN_POINT('',(183.541503,-85.367083,0.1016));
#4818 = CIRCLE('',#4819,2.538057880272);
#4819 = AXIS2_PLACEMENT_3D('',#4820,#4821,#4822);
#4820 = CARTESIAN_POINT('',(183.38994551946,-82.83355420922,0.1016));
#4821 = DIRECTION('',(0.,0.,1.));
#4822 = DIRECTION('',(5.971395755445E-02,-0.998215529469,0.));
#4823 = ORIENTED_EDGE('',*,*,#4824,.F.);
#4824 = EDGE_CURVE('',#4825,#4816,#4827,.T.);
#4825 = VERTEX_POINT('',#4826);
#4826 = CARTESIAN_POINT('',(183.388001,-85.3694,0.1016));
#4827 = LINE('',#4828,#4829);
#4828 = CARTESIAN_POINT('',(183.388001,-85.3694,0.1016));
#4829 = VECTOR('',#4830,1.);
#4830 = DIRECTION('',(0.999886101031,1.509254665147E-02,0.));
#4831 = ORIENTED_EDGE('',*,*,#4832,.F.);
#4832 = EDGE_CURVE('',#4833,#4825,#4835,.T.);
#4833 = VERTEX_POINT('',#4834);
#4834 = CARTESIAN_POINT('',(160.8328,-85.3694,0.1016));
#4835 = LINE('',#4836,#4837);
#4836 = CARTESIAN_POINT('',(160.8328,-85.3694,0.1016));
#4837 = VECTOR('',#4838,1.);
#4838 = DIRECTION('',(1.,0.,0.));
#4839 = ORIENTED_EDGE('',*,*,#4840,.F.);
#4840 = EDGE_CURVE('',#4841,#4833,#4843,.T.);
#4841 = VERTEX_POINT('',#4842);
#4842 = CARTESIAN_POINT('',(158.295117,-82.982903,0.1016));
#4843 = CIRCLE('',#4844,2.538057880272);
#4844 = AXIS2_PLACEMENT_3D('',#4845,#4846,#4847);
#4845 = CARTESIAN_POINT('',(160.82864579077,-82.83134551946,0.1016));
#4846 = DIRECTION('',(0.,0.,1.));
#4847 = DIRECTION('',(-0.998215529469,-5.971395755445E-02,0.));
#4848 = ORIENTED_EDGE('',*,*,#4849,.F.);
#4849 = EDGE_CURVE('',#4850,#4841,#4852,.T.);
#4850 = VERTEX_POINT('',#4851);
#4851 = CARTESIAN_POINT('',(158.2928,-82.829401,0.1016));
#4852 = LINE('',#4853,#4854);
#4853 = CARTESIAN_POINT('',(158.2928,-82.829401,0.1016));
#4854 = VECTOR('',#4855,1.);
#4855 = DIRECTION('',(1.509254665147E-02,-0.999886101031,0.));
#4856 = ORIENTED_EDGE('',*,*,#4857,.F.);
#4857 = EDGE_CURVE('',#4858,#4850,#4860,.T.);
#4858 = VERTEX_POINT('',#4859);
#4859 = CARTESIAN_POINT('',(158.292799,-77.8002,0.1016));
#4860 = LINE('',#4861,#4862);
#4861 = CARTESIAN_POINT('',(158.292799,-77.8002,0.1016));
#4862 = VECTOR('',#4863,1.);
#4863 = DIRECTION('',(1.988387414771E-07,-1.,0.));
#4864 = ORIENTED_EDGE('',*,*,#4865,.F.);
#4865 = EDGE_CURVE('',#4758,#4858,#4866,.T.);
#4866 = LINE('',#4867,#4868);
#4867 = CARTESIAN_POINT('',(158.2928,-72.771,0.1016));
#4868 = VECTOR('',#4869,1.);
#4869 = DIRECTION('',(-1.988387810139E-07,-1.,0.));
#4870 = FACE_BOUND('',#4871,.T.);
#4871 = EDGE_LOOP('',(#4872));
#4872 = ORIENTED_EDGE('',*,*,#4873,.T.);
#4873 = EDGE_CURVE('',#4874,#4874,#4876,.T.);
#4874 = VERTEX_POINT('',#4875);
#4875 = CARTESIAN_POINT('',(190.1866,-90.9588,0.1016));
#4876 = CIRCLE('',#4877,1.5);
#4877 = AXIS2_PLACEMENT_3D('',#4878,#4879,#4880);
#4878 = CARTESIAN_POINT('',(190.1866,-89.4588,0.1016));
#4879 = DIRECTION('',(-0.,0.,-1.));
#4880 = DIRECTION('',(-0.,-1.,0.));
#4881 = FACE_BOUND('',#4882,.T.);
#4882 = EDGE_LOOP('',(#4883));
#4883 = ORIENTED_EDGE('',*,*,#4884,.T.);
#4884 = EDGE_CURVE('',#4885,#4885,#4887,.T.);
#4885 = VERTEX_POINT('',#4886);
#4886 = CARTESIAN_POINT('',(196.545201,-83.3294,0.1016));
#4887 = CIRCLE('',#4888,0.5);
#4888 = AXIS2_PLACEMENT_3D('',#4889,#4890,#4891);
#4889 = CARTESIAN_POINT('',(196.545201,-82.8294,0.1016));
#4890 = DIRECTION('',(-0.,0.,-1.));
#4891 = DIRECTION('',(-0.,-1.,0.));
#4892 = FACE_BOUND('',#4893,.T.);
#4893 = EDGE_LOOP('',(#4894));
#4894 = ORIENTED_EDGE('',*,*,#4895,.T.);
#4895 = EDGE_CURVE('',#4896,#4896,#4898,.T.);
#4896 = VERTEX_POINT('',#4897);
#4897 = CARTESIAN_POINT('',(154.1866,-67.6416,0.1016));
#4898 = CIRCLE('',#4899,1.5);
#4899 = AXIS2_PLACEMENT_3D('',#4900,#4901,#4902);
#4900 = CARTESIAN_POINT('',(154.1866,-66.1416,0.1016));
#4901 = DIRECTION('',(-0.,0.,-1.));
#4902 = DIRECTION('',(-0.,-1.,0.));
#4903 = FACE_BOUND('',#4904,.T.);
#4904 = EDGE_LOOP('',(#4905));
#4905 = ORIENTED_EDGE('',*,*,#4906,.T.);
#4906 = EDGE_CURVE('',#4907,#4907,#4909,.T.);
#4907 = VERTEX_POINT('',#4908);
#4908 = CARTESIAN_POINT('',(151.0284,-51.7826,0.1016));
#4909 = CIRCLE('',#4910,0.5);
#4910 = AXIS2_PLACEMENT_3D('',#4911,#4912,#4913);
#4911 = CARTESIAN_POINT('',(151.0284,-51.2826,0.1016));
#4912 = DIRECTION('',(-0.,0.,-1.));
#4913 = DIRECTION('',(-0.,-1.,0.));
#4914 = FACE_BOUND('',#4915,.T.);
#4915 = EDGE_LOOP('',(#4916));
#4916 = ORIENTED_EDGE('',*,*,#4917,.T.);
#4917 = EDGE_CURVE('',#4918,#4918,#4920,.T.);
#4918 = VERTEX_POINT('',#4919);
#4919 = CARTESIAN_POINT('',(164.287201,-51.782599,0.1016));
#4920 = CIRCLE('',#4921,0.5);
#4921 = AXIS2_PLACEMENT_3D('',#4922,#4923,#4924);
#4922 = CARTESIAN_POINT('',(164.287201,-51.282599,0.1016));
#4923 = DIRECTION('',(-0.,0.,-1.));
#4924 = DIRECTION('',(-0.,-1.,0.));
#4925 = FACE_BOUND('',#4926,.T.);
#4926 = EDGE_LOOP('',(#4927));
#4927 = ORIENTED_EDGE('',*,*,#4928,.T.);
#4928 = EDGE_CURVE('',#4929,#4929,#4931,.T.);
#4929 = VERTEX_POINT('',#4930);
#4930 = CARTESIAN_POINT('',(190.1866,-67.6416,0.1016));
#4931 = CIRCLE('',#4932,1.5);
#4932 = AXIS2_PLACEMENT_3D('',#4933,#4934,#4935);
#4933 = CARTESIAN_POINT('',(190.1866,-66.1416,0.1016));
#4934 = DIRECTION('',(-0.,0.,-1.));
#4935 = DIRECTION('',(-0.,-1.,0.));
#4936 = PLANE('',#4937);
#4937 = AXIS2_PLACEMENT_3D('',#4938,#4939,#4940);
#4938 = CARTESIAN_POINT('',(0.,0.,0.1016));
#4939 = DIRECTION('',(0.,0.,1.));
#4940 = DIRECTION('',(1.,0.,-0.));
#4941 = ADVANCED_FACE('',(#4942),#4953,.T.);
#4942 = FACE_BOUND('',#4943,.T.);
#4943 = EDGE_LOOP('',(#4944,#4950,#4951,#4952));
#4944 = ORIENTED_EDGE('',*,*,#4945,.T.);
#4945 = EDGE_CURVE('',#2342,#3645,#4946,.T.);
#4946 = LINE('',#4947,#4948);
#4947 = CARTESIAN_POINT('',(137.769599,-48.7426,0.));
#4948 = VECTOR('',#4949,1.);
#4949 = DIRECTION('',(0.,0.,1.));
#4950 = ORIENTED_EDGE('',*,*,#3644,.T.);
#4951 = ORIENTED_EDGE('',*,*,#2277,.F.);
#4952 = ORIENTED_EDGE('',*,*,#2341,.F.);
#4953 = PLANE('',#4954);
#4954 = AXIS2_PLACEMENT_3D('',#4955,#4956,#4957);
#4955 = CARTESIAN_POINT('',(137.769599,-48.7426,0.));
#4956 = DIRECTION('',(0.,1.,0.));
#4957 = DIRECTION('',(1.,0.,0.));
#4958 = ADVANCED_FACE('',(#4959),#4970,.T.);
#4959 = FACE_BOUND('',#4960,.T.);
#4960 = EDGE_LOOP('',(#4961,#4962,#4963,#4969));
#4961 = ORIENTED_EDGE('',*,*,#2317,.T.);
#4962 = ORIENTED_EDGE('',*,*,#4205,.T.);
#4963 = ORIENTED_EDGE('',*,*,#4964,.F.);
#4964 = EDGE_CURVE('',#2895,#4198,#4965,.T.);
#4965 = LINE('',#4966,#4967);
#4966 = CARTESIAN_POINT('',(166.8272,-54.6354,0.));
#4967 = VECTOR('',#4968,1.);
#4968 = DIRECTION('',(0.,0.,1.));
#4969 = ORIENTED_EDGE('',*,*,#2902,.F.);
#4970 = PLANE('',#4971);
#4971 = AXIS2_PLACEMENT_3D('',#4972,#4973,#4974);
#4972 = CARTESIAN_POINT('',(166.8272,-51.282599,0.));
#4973 = DIRECTION('',(1.,0.,-0.));
#4974 = DIRECTION('',(0.,-1.,0.));
#4975 = ADVANCED_FACE('',(#4976),#4987,.T.);
#4976 = FACE_BOUND('',#4977,.T.);
#4977 = EDGE_LOOP('',(#4978,#4984,#4985,#4986));
#4978 = ORIENTED_EDGE('',*,*,#4979,.T.);
#4979 = EDGE_CURVE('',#2350,#3653,#4980,.T.);
#4980 = LINE('',#4981,#4982);
#4981 = CARTESIAN_POINT('',(137.616097,-48.744917,0.));
#4982 = VECTOR('',#4983,1.);
#4983 = DIRECTION('',(0.,0.,1.));
#4984 = ORIENTED_EDGE('',*,*,#3652,.T.);
#4985 = ORIENTED_EDGE('',*,*,#4945,.F.);
#4986 = ORIENTED_EDGE('',*,*,#2349,.F.);
#4987 = PLANE('',#4988);
#4988 = AXIS2_PLACEMENT_3D('',#4989,#4990,#4991);
#4989 = CARTESIAN_POINT('',(137.616097,-48.744917,0.));
#4990 = DIRECTION('',(-1.509254665143E-02,0.999886101031,0.));
#4991 = DIRECTION('',(0.999886101031,1.509254665143E-02,0.));
#4992 = ADVANCED_FACE('',(#4993),#5004,.T.);
#4993 = FACE_BOUND('',#4994,.T.);
#4994 = EDGE_LOOP('',(#4995,#4996,#4997,#5003));
#4995 = ORIENTED_EDGE('',*,*,#4964,.T.);
#4996 = ORIENTED_EDGE('',*,*,#4197,.T.);
#4997 = ORIENTED_EDGE('',*,*,#4998,.F.);
#4998 = EDGE_CURVE('',#2886,#4189,#4999,.T.);
#4999 = LINE('',#5000,#5001);
#5000 = CARTESIAN_POINT('',(166.8272,-59.512201,0.));
#5001 = VECTOR('',#5002,1.);
#5002 = DIRECTION('',(0.,0.,1.));
#5003 = ORIENTED_EDGE('',*,*,#2894,.F.);
#5004 = PLANE('',#5005);
#5005 = AXIS2_PLACEMENT_3D('',#5006,#5007,#5008);
#5006 = CARTESIAN_POINT('',(166.8272,-54.6354,0.));
#5007 = DIRECTION('',(1.,0.,-0.));
#5008 = DIRECTION('',(0.,-1.,0.));
#5009 = ADVANCED_FACE('',(#5010),#5021,.T.);
#5010 = FACE_BOUND('',#5011,.T.);
#5011 = EDGE_LOOP('',(#5012,#5018,#5019,#5020));
#5012 = ORIENTED_EDGE('',*,*,#5013,.T.);
#5013 = EDGE_CURVE('',#2358,#3661,#5014,.T.);
#5014 = LINE('',#5015,#5016);
#5015 = CARTESIAN_POINT('',(135.2296,-51.282601,0.));
#5016 = VECTOR('',#5017,1.);
#5017 = DIRECTION('',(0.,0.,1.));
#5018 = ORIENTED_EDGE('',*,*,#3660,.T.);
#5019 = ORIENTED_EDGE('',*,*,#4979,.F.);
#5020 = ORIENTED_EDGE('',*,*,#2357,.F.);
#5021 = CYLINDRICAL_SURFACE('',#5022,2.538057883274);
#5022 = AXIS2_PLACEMENT_3D('',#5023,#5024,#5025);
#5023 = CARTESIAN_POINT('',(137.7676544819,-51.2784457937,0.));
#5024 = DIRECTION('',(0.,0.,-1.));
#5025 = DIRECTION('',(-0.999998659853,-1.637159783821E-03,-0.));
#5026 = ADVANCED_FACE('',(#5027),#5038,.F.);
#5027 = FACE_BOUND('',#5028,.T.);
#5028 = EDGE_LOOP('',(#5029,#5030,#5031,#5037));
#5029 = ORIENTED_EDGE('',*,*,#4998,.T.);
#5030 = ORIENTED_EDGE('',*,*,#4188,.T.);
#5031 = ORIENTED_EDGE('',*,*,#5032,.F.);
#5032 = EDGE_CURVE('',#2878,#4181,#5033,.T.);
#5033 = LINE('',#5034,#5035);
#5034 = CARTESIAN_POINT('',(169.213698,-62.049883,0.));
#5035 = VECTOR('',#5036,1.);
#5036 = DIRECTION('',(0.,0.,1.));
#5037 = ORIENTED_EDGE('',*,*,#2885,.F.);
#5038 = CYLINDRICAL_SURFACE('',#5039,2.538057884246);
#5039 = AXIS2_PLACEMENT_3D('',#5040,#5041,#5042);
#5040 = CARTESIAN_POINT('',(169.36525448624,-59.51635414576,0.));
#5041 = DIRECTION('',(-0.,-0.,-1.));
#5042 = DIRECTION('',(-0.999998661182,1.636347928733E-03,0.));
#5043 = ADVANCED_FACE('',(#5044),#5055,.T.);
#5044 = FACE_BOUND('',#5045,.T.);
#5045 = EDGE_LOOP('',(#5046,#5052,#5053,#5054));
#5046 = ORIENTED_EDGE('',*,*,#5047,.T.);
#5047 = EDGE_CURVE('',#2367,#3670,#5048,.T.);
#5048 = LINE('',#5049,#5050);
#5049 = CARTESIAN_POINT('',(135.229599,-54.6354,0.));
#5050 = VECTOR('',#5051,1.);
#5051 = DIRECTION('',(0.,0.,1.));
#5052 = ORIENTED_EDGE('',*,*,#3669,.T.);
#5053 = ORIENTED_EDGE('',*,*,#5013,.F.);
#5054 = ORIENTED_EDGE('',*,*,#2366,.F.);
#5055 = PLANE('',#5056);
#5056 = AXIS2_PLACEMENT_3D('',#5057,#5058,#5059);
#5057 = CARTESIAN_POINT('',(135.229599,-54.6354,0.));
#5058 = DIRECTION('',(-1.,2.982582604788E-07,0.));
#5059 = DIRECTION('',(2.982582604788E-07,1.,0.));
#5060 = ADVANCED_FACE('',(#5061),#5072,.T.);
#5061 = FACE_BOUND('',#5062,.T.);
#5062 = EDGE_LOOP('',(#5063,#5064,#5065,#5071));
#5063 = ORIENTED_EDGE('',*,*,#5032,.T.);
#5064 = ORIENTED_EDGE('',*,*,#4180,.T.);
#5065 = ORIENTED_EDGE('',*,*,#5066,.F.);
#5066 = EDGE_CURVE('',#2870,#4173,#5067,.T.);
#5067 = LINE('',#5068,#5069);
#5068 = CARTESIAN_POINT('',(169.3672,-62.0522,0.));
#5069 = VECTOR('',#5070,1.);
#5070 = DIRECTION('',(0.,0.,1.));
#5071 = ORIENTED_EDGE('',*,*,#2877,.F.);
#5072 = PLANE('',#5073);
#5073 = AXIS2_PLACEMENT_3D('',#5074,#5075,#5076);
#5074 = CARTESIAN_POINT('',(169.213698,-62.049883,0.));
#5075 = DIRECTION('',(1.509254665143E-02,0.999886101031,-0.));
#5076 = DIRECTION('',(0.999886101031,-1.509254665143E-02,0.));
#5077 = ADVANCED_FACE('',(#5078),#5089,.T.);
#5078 = FACE_BOUND('',#5079,.T.);
#5079 = EDGE_LOOP('',(#5080,#5086,#5087,#5088));
#5080 = ORIENTED_EDGE('',*,*,#5081,.T.);
#5081 = EDGE_CURVE('',#2375,#3678,#5082,.T.);
#5082 = LINE('',#5083,#5084);
#5083 = CARTESIAN_POINT('',(135.229599,-59.5122,0.));
#5084 = VECTOR('',#5085,1.);
#5085 = DIRECTION('',(0.,0.,1.));
#5086 = ORIENTED_EDGE('',*,*,#3677,.T.);
#5087 = ORIENTED_EDGE('',*,*,#5047,.F.);
#5088 = ORIENTED_EDGE('',*,*,#2374,.F.);
#5089 = PLANE('',#5090);
#5090 = AXIS2_PLACEMENT_3D('',#5091,#5092,#5093);
#5091 = CARTESIAN_POINT('',(135.229599,-59.5122,0.));
#5092 = DIRECTION('',(-1.,0.,0.));
#5093 = DIRECTION('',(0.,1.,0.));
#5094 = ADVANCED_FACE('',(#5095),#5106,.T.);
#5095 = FACE_BOUND('',#5096,.T.);
#5096 = EDGE_LOOP('',(#5097,#5098,#5099,#5105));
#5097 = ORIENTED_EDGE('',*,*,#5066,.T.);
#5098 = ORIENTED_EDGE('',*,*,#4172,.T.);
#5099 = ORIENTED_EDGE('',*,*,#5100,.F.);
#5100 = EDGE_CURVE('',#2861,#4164,#5101,.T.);
#5101 = LINE('',#5102,#5103);
#5102 = CARTESIAN_POINT('',(183.388001,-62.0522,0.));
#5103 = VECTOR('',#5104,1.);
#5104 = DIRECTION('',(0.,0.,1.));
#5105 = ORIENTED_EDGE('',*,*,#2869,.F.);
#5106 = PLANE('',#5107);
#5107 = AXIS2_PLACEMENT_3D('',#5108,#5109,#5110);
#5108 = CARTESIAN_POINT('',(169.3672,-62.0522,0.));
#5109 = DIRECTION('',(0.,1.,0.));
#5110 = DIRECTION('',(1.,0.,0.));
#5111 = ADVANCED_FACE('',(#5112),#5123,.T.);
#5112 = FACE_BOUND('',#5113,.T.);
#5113 = EDGE_LOOP('',(#5114,#5120,#5121,#5122));
#5114 = ORIENTED_EDGE('',*,*,#5115,.T.);
#5115 = EDGE_CURVE('',#2383,#3686,#5116,.T.);
#5116 = LINE('',#5117,#5118);
#5117 = CARTESIAN_POINT('',(135.227282,-59.665701,0.));
#5118 = VECTOR('',#5119,1.);
#5119 = DIRECTION('',(0.,0.,1.));
#5120 = ORIENTED_EDGE('',*,*,#3685,.T.);
#5121 = ORIENTED_EDGE('',*,*,#5081,.F.);
#5122 = ORIENTED_EDGE('',*,*,#2382,.F.);
#5123 = PLANE('',#5124);
#5124 = AXIS2_PLACEMENT_3D('',#5125,#5126,#5127);
#5125 = CARTESIAN_POINT('',(135.227282,-59.665701,0.));
#5126 = DIRECTION('',(-0.999886099548,1.509264495122E-02,0.));
#5127 = DIRECTION('',(1.509264495122E-02,0.999886099548,0.));
#5128 = ADVANCED_FACE('',(#5129),#5140,.F.);
#5129 = FACE_BOUND('',#5130,.T.);
#5130 = EDGE_LOOP('',(#5131,#5132,#5133,#5139));
#5131 = ORIENTED_EDGE('',*,*,#5100,.T.);
#5132 = ORIENTED_EDGE('',*,*,#4163,.T.);
#5133 = ORIENTED_EDGE('',*,*,#5134,.F.);
#5134 = EDGE_CURVE('',#2853,#4156,#5135,.T.);
#5135 = LINE('',#5136,#5137);
#5136 = CARTESIAN_POINT('',(185.925683,-59.665702,0.));
#5137 = VECTOR('',#5138,1.);
#5138 = DIRECTION('',(0.,0.,1.));
#5139 = ORIENTED_EDGE('',*,*,#2860,.F.);
#5140 = CYLINDRICAL_SURFACE('',#5141,2.538057884246);
#5141 = AXIS2_PLACEMENT_3D('',#5142,#5143,#5144);
#5142 = CARTESIAN_POINT('',(183.39215414576,-59.51414551375,0.));
#5143 = DIRECTION('',(-0.,-0.,-1.));
#5144 = DIRECTION('',(-1.636347928728E-03,-0.999998661182,0.));
#5145 = ADVANCED_FACE('',(#5146),#5157,.F.);
#5146 = FACE_BOUND('',#5147,.T.);
#5147 = EDGE_LOOP('',(#5148,#5154,#5155,#5156));
#5148 = ORIENTED_EDGE('',*,*,#5149,.T.);
#5149 = EDGE_CURVE('',#2391,#3694,#5150,.T.);
#5150 = LINE('',#5151,#5152);
#5151 = CARTESIAN_POINT('',(132.6896,-62.0522,0.));
#5152 = VECTOR('',#5153,1.);
#5153 = DIRECTION('',(0.,0.,1.));
#5154 = ORIENTED_EDGE('',*,*,#3693,.T.);
#5155 = ORIENTED_EDGE('',*,*,#5115,.F.);
#5156 = ORIENTED_EDGE('',*,*,#2390,.F.);
#5157 = CYLINDRICAL_SURFACE('',#5158,2.538059718458);
#5158 = AXIS2_PLACEMENT_3D('',#5159,#5160,#5161);
#5159 = CARTESIAN_POINT('',(132.69375135834,-59.51414367661,0.));
#5160 = DIRECTION('',(-0.,-0.,-1.));
#5161 = DIRECTION('',(-1.635642501983E-03,-0.999998662336,0.));
#5162 = ADVANCED_FACE('',(#5163),#5174,.T.);
#5163 = FACE_BOUND('',#5164,.T.);
#5164 = EDGE_LOOP('',(#5165,#5166,#5167,#5173));
#5165 = ORIENTED_EDGE('',*,*,#5134,.T.);
#5166 = ORIENTED_EDGE('',*,*,#4155,.T.);
#5167 = ORIENTED_EDGE('',*,*,#5168,.F.);
#5168 = EDGE_CURVE('',#2845,#4148,#5169,.T.);
#5169 = LINE('',#5170,#5171);
#5170 = CARTESIAN_POINT('',(185.928,-59.5122,0.));
#5171 = VECTOR('',#5172,1.);
#5172 = DIRECTION('',(0.,0.,1.));
#5173 = ORIENTED_EDGE('',*,*,#2852,.F.);
#5174 = PLANE('',#5175);
#5175 = AXIS2_PLACEMENT_3D('',#5176,#5177,#5178);
#5176 = CARTESIAN_POINT('',(185.925683,-59.665702,0.));
#5177 = DIRECTION('',(-0.999886101031,1.509254665147E-02,0.));
#5178 = DIRECTION('',(1.509254665147E-02,0.999886101031,0.));
#5179 = ADVANCED_FACE('',(#5180),#5191,.T.);
#5180 = FACE_BOUND('',#5181,.T.);
#5181 = EDGE_LOOP('',(#5182,#5188,#5189,#5190));
#5182 = ORIENTED_EDGE('',*,*,#5183,.T.);
#5183 = EDGE_CURVE('',#2400,#3703,#5184,.T.);
#5184 = LINE('',#5185,#5186);
#5185 = CARTESIAN_POINT('',(118.6688,-62.052199,0.));
#5186 = VECTOR('',#5187,1.);
#5187 = DIRECTION('',(0.,0.,1.));
#5188 = ORIENTED_EDGE('',*,*,#3702,.T.);
#5189 = ORIENTED_EDGE('',*,*,#5149,.F.);
#5190 = ORIENTED_EDGE('',*,*,#2399,.F.);
#5191 = PLANE('',#5192);
#5192 = AXIS2_PLACEMENT_3D('',#5193,#5194,#5195);
#5193 = CARTESIAN_POINT('',(118.6688,-62.052199,0.));
#5194 = DIRECTION('',(7.132260623326E-08,1.,-0.));
#5195 = DIRECTION('',(1.,-7.132260623326E-08,0.));
#5196 = ADVANCED_FACE('',(#5197),#5208,.T.);
#5197 = FACE_BOUND('',#5198,.T.);
#5198 = EDGE_LOOP('',(#5199,#5200,#5201,#5207));
#5199 = ORIENTED_EDGE('',*,*,#5168,.T.);
#5200 = ORIENTED_EDGE('',*,*,#4147,.T.);
#5201 = ORIENTED_EDGE('',*,*,#5202,.F.);
#5202 = EDGE_CURVE('',#2837,#4140,#5203,.T.);
#5203 = LINE('',#5204,#5205);
#5204 = CARTESIAN_POINT('',(185.928,-54.6354,0.));
#5205 = VECTOR('',#5206,1.);
#5206 = DIRECTION('',(0.,0.,1.));
#5207 = ORIENTED_EDGE('',*,*,#2844,.F.);
#5208 = PLANE('',#5209);
#5209 = AXIS2_PLACEMENT_3D('',#5210,#5211,#5212);
#5210 = CARTESIAN_POINT('',(185.928,-59.5122,0.));
#5211 = DIRECTION('',(-1.,0.,0.));
#5212 = DIRECTION('',(0.,1.,0.));
#5213 = ADVANCED_FACE('',(#5214),#5225,.T.);
#5214 = FACE_BOUND('',#5215,.T.);
#5215 = EDGE_LOOP('',(#5216,#5222,#5223,#5224));
#5216 = ORIENTED_EDGE('',*,*,#5217,.T.);
#5217 = EDGE_CURVE('',#2408,#3711,#5218,.T.);
#5218 = LINE('',#5219,#5220);
#5219 = CARTESIAN_POINT('',(118.515299,-62.049882,0.));
#5220 = VECTOR('',#5221,1.);
#5221 = DIRECTION('',(0.,0.,1.));
#5222 = ORIENTED_EDGE('',*,*,#3710,.T.);
#5223 = ORIENTED_EDGE('',*,*,#5183,.F.);
#5224 = ORIENTED_EDGE('',*,*,#2407,.F.);
#5225 = PLANE('',#5226);
#5226 = AXIS2_PLACEMENT_3D('',#5227,#5228,#5229);
#5227 = CARTESIAN_POINT('',(118.515299,-62.049882,0.));
#5228 = DIRECTION('',(1.509264495122E-02,0.999886099548,-0.));
#5229 = DIRECTION('',(0.999886099548,-1.509264495122E-02,0.));
#5230 = ADVANCED_FACE('',(#5231),#5242,.T.);
#5231 = FACE_BOUND('',#5232,.T.);
#5232 = EDGE_LOOP('',(#5233,#5234,#5235,#5241));
#5233 = ORIENTED_EDGE('',*,*,#5202,.T.);
#5234 = ORIENTED_EDGE('',*,*,#4139,.T.);
#5235 = ORIENTED_EDGE('',*,*,#5236,.F.);
#5236 = EDGE_CURVE('',#2829,#4132,#5237,.T.);
#5237 = LINE('',#5238,#5239);
#5238 = CARTESIAN_POINT('',(193.1924,-54.6354,0.));
#5239 = VECTOR('',#5240,1.);
#5240 = DIRECTION('',(0.,0.,1.));
#5241 = ORIENTED_EDGE('',*,*,#2836,.F.);
#5242 = PLANE('',#5243);
#5243 = AXIS2_PLACEMENT_3D('',#5244,#5245,#5246);
#5244 = CARTESIAN_POINT('',(185.928,-54.6354,0.));
#5245 = DIRECTION('',(0.,1.,0.));
#5246 = DIRECTION('',(1.,0.,0.));
#5247 = ADVANCED_FACE('',(#5248),#5259,.F.);
#5248 = FACE_BOUND('',#5249,.T.);
#5249 = EDGE_LOOP('',(#5250,#5256,#5257,#5258));
#5250 = ORIENTED_EDGE('',*,*,#5251,.T.);
#5251 = EDGE_CURVE('',#2416,#3719,#5252,.T.);
#5252 = LINE('',#5253,#5254);
#5253 = CARTESIAN_POINT('',(116.1288,-59.5122,0.));
#5254 = VECTOR('',#5255,1.);
#5255 = DIRECTION('',(0.,0.,1.));
#5256 = ORIENTED_EDGE('',*,*,#3718,.T.);
#5257 = ORIENTED_EDGE('',*,*,#5217,.F.);
#5258 = ORIENTED_EDGE('',*,*,#2415,.F.);
#5259 = CYLINDRICAL_SURFACE('',#5260,2.538059718458);
#5260 = AXIS2_PLACEMENT_3D('',#5261,#5262,#5263);
#5261 = CARTESIAN_POINT('',(118.66685632338,-59.51635135834,0.));
#5262 = DIRECTION('',(-0.,-0.,-1.));
#5263 = DIRECTION('',(-0.999998662336,1.635642501992E-03,0.));
#5264 = ADVANCED_FACE('',(#5265),#5276,.T.);
#5265 = FACE_BOUND('',#5266,.T.);
#5266 = EDGE_LOOP('',(#5267,#5268,#5269,#5275));
#5267 = ORIENTED_EDGE('',*,*,#5236,.T.);
#5268 = ORIENTED_EDGE('',*,*,#4131,.T.);
#5269 = ORIENTED_EDGE('',*,*,#5270,.F.);
#5270 = EDGE_CURVE('',#2821,#4124,#5271,.T.);
#5271 = LINE('',#5272,#5273);
#5272 = CARTESIAN_POINT('',(193.1924,-62.0522,0.));
#5273 = VECTOR('',#5274,1.);
#5274 = DIRECTION('',(0.,0.,1.));
#5275 = ORIENTED_EDGE('',*,*,#2828,.F.);
#5276 = PLANE('',#5277);
#5277 = AXIS2_PLACEMENT_3D('',#5278,#5279,#5280);
#5278 = CARTESIAN_POINT('',(193.1924,-54.6354,0.));
#5279 = DIRECTION('',(1.,0.,-0.));
#5280 = DIRECTION('',(0.,-1.,0.));
#5281 = ADVANCED_FACE('',(#5282),#5293,.T.);
#5282 = FACE_BOUND('',#5283,.T.);
#5283 = EDGE_LOOP('',(#5284,#5290,#5291,#5292));
#5284 = ORIENTED_EDGE('',*,*,#5285,.T.);
#5285 = EDGE_CURVE('',#2425,#3728,#5286,.T.);
#5286 = LINE('',#5287,#5288);
#5287 = CARTESIAN_POINT('',(116.128799,-54.6354,0.));
#5288 = VECTOR('',#5289,1.);
#5289 = DIRECTION('',(0.,0.,1.));
#5290 = ORIENTED_EDGE('',*,*,#3727,.T.);
#5291 = ORIENTED_EDGE('',*,*,#5251,.F.);
#5292 = ORIENTED_EDGE('',*,*,#2424,.F.);
#5293 = PLANE('',#5294);
#5294 = AXIS2_PLACEMENT_3D('',#5295,#5296,#5297);
#5295 = CARTESIAN_POINT('',(116.128799,-54.6354,0.));
#5296 = DIRECTION('',(1.,2.050524929206E-07,-0.));
#5297 = DIRECTION('',(2.050524929206E-07,-1.,0.));
#5298 = ADVANCED_FACE('',(#5299),#5310,.T.);
#5299 = FACE_BOUND('',#5300,.T.);
#5300 = EDGE_LOOP('',(#5301,#5302,#5303,#5309));
#5301 = ORIENTED_EDGE('',*,*,#5270,.T.);
#5302 = ORIENTED_EDGE('',*,*,#4123,.T.);
#5303 = ORIENTED_EDGE('',*,*,#5304,.F.);
#5304 = EDGE_CURVE('',#2813,#4116,#5305,.T.);
#5305 = LINE('',#5306,#5307);
#5306 = CARTESIAN_POINT('',(193.192398,-80.289401,0.));
#5307 = VECTOR('',#5308,1.);
#5308 = DIRECTION('',(0.,0.,1.));
#5309 = ORIENTED_EDGE('',*,*,#2820,.F.);
#5310 = PLANE('',#5311);
#5311 = AXIS2_PLACEMENT_3D('',#5312,#5313,#5314);
#5312 = CARTESIAN_POINT('',(193.1924,-62.0522,0.));
#5313 = DIRECTION('',(1.,-1.096659512033E-07,0.));
#5314 = DIRECTION('',(-1.096659512033E-07,-1.,0.));
#5315 = ADVANCED_FACE('',(#5316),#5327,.T.);
#5316 = FACE_BOUND('',#5317,.T.);
#5317 = EDGE_LOOP('',(#5318,#5324,#5325,#5326));
#5318 = ORIENTED_EDGE('',*,*,#5319,.T.);
#5319 = EDGE_CURVE('',#2433,#3736,#5320,.T.);
#5320 = LINE('',#5321,#5322);
#5321 = CARTESIAN_POINT('',(108.864399,-54.6354,0.));
#5322 = VECTOR('',#5323,1.);
#5323 = DIRECTION('',(0.,0.,1.));
#5324 = ORIENTED_EDGE('',*,*,#3735,.T.);
#5325 = ORIENTED_EDGE('',*,*,#5285,.F.);
#5326 = ORIENTED_EDGE('',*,*,#2432,.F.);
#5327 = PLANE('',#5328);
#5328 = AXIS2_PLACEMENT_3D('',#5329,#5330,#5331);
#5329 = CARTESIAN_POINT('',(108.864399,-54.6354,0.));
#5330 = DIRECTION('',(0.,1.,0.));
#5331 = DIRECTION('',(1.,0.,0.));
#5332 = ADVANCED_FACE('',(#5333),#5344,.T.);
#5333 = FACE_BOUND('',#5334,.T.);
#5334 = EDGE_LOOP('',(#5335,#5336,#5337,#5343));
#5335 = ORIENTED_EDGE('',*,*,#5304,.T.);
#5336 = ORIENTED_EDGE('',*,*,#4115,.T.);
#5337 = ORIENTED_EDGE('',*,*,#5338,.F.);
#5338 = EDGE_CURVE('',#2804,#4107,#5339,.T.);
#5339 = LINE('',#5340,#5341);
#5340 = CARTESIAN_POINT('',(196.545199,-80.289401,0.));
#5341 = VECTOR('',#5342,1.);
#5342 = DIRECTION('',(0.,0.,1.));
#5343 = ORIENTED_EDGE('',*,*,#2812,.F.);
#5344 = PLANE('',#5345);
#5345 = AXIS2_PLACEMENT_3D('',#5346,#5347,#5348);
#5346 = CARTESIAN_POINT('',(193.192398,-80.289401,0.));
#5347 = DIRECTION('',(0.,1.,0.));
#5348 = DIRECTION('',(1.,0.,0.));
#5349 = ADVANCED_FACE('',(#5350),#5361,.T.);
#5350 = FACE_BOUND('',#5351,.T.);
#5351 = EDGE_LOOP('',(#5352,#5358,#5359,#5360));
#5352 = ORIENTED_EDGE('',*,*,#5353,.T.);
#5353 = EDGE_CURVE('',#2441,#3744,#5354,.T.);
#5354 = LINE('',#5355,#5356);
#5355 = CARTESIAN_POINT('',(108.864399,-62.0522,0.));
#5356 = VECTOR('',#5357,1.);
#5357 = DIRECTION('',(0.,0.,1.));
#5358 = ORIENTED_EDGE('',*,*,#3743,.T.);
#5359 = ORIENTED_EDGE('',*,*,#5319,.F.);
#5360 = ORIENTED_EDGE('',*,*,#2440,.F.);
#5361 = PLANE('',#5362);
#5362 = AXIS2_PLACEMENT_3D('',#5363,#5364,#5365);
#5363 = CARTESIAN_POINT('',(108.864399,-62.0522,0.));
#5364 = DIRECTION('',(-1.,0.,0.));
#5365 = DIRECTION('',(0.,1.,0.));
#5366 = ADVANCED_FACE('',(#5367),#5378,.T.);
#5367 = FACE_BOUND('',#5368,.T.);
#5368 = EDGE_LOOP('',(#5369,#5370,#5371,#5377));
#5369 = ORIENTED_EDGE('',*,*,#5338,.T.);
#5370 = ORIENTED_EDGE('',*,*,#4106,.T.);
#5371 = ORIENTED_EDGE('',*,*,#5372,.F.);
#5372 = EDGE_CURVE('',#2796,#4099,#5373,.T.);
#5373 = LINE('',#5374,#5375);
#5374 = CARTESIAN_POINT('',(199.082975,-82.675893,0.));
#5375 = VECTOR('',#5376,1.);
#5376 = DIRECTION('',(0.,0.,1.));
#5377 = ORIENTED_EDGE('',*,*,#2803,.F.);
#5378 = CYLINDRICAL_SURFACE('',#5379,2.537977707784);
#5379 = AXIS2_PLACEMENT_3D('',#5380,#5381,#5382);
#5380 = CARTESIAN_POINT('',(196.54952201227,-82.82737502602,0.));
#5381 = DIRECTION('',(0.,0.,-1.));
#5382 = DIRECTION('',(-1.703329491207E-03,0.999998549333,0.));
#5383 = ADVANCED_FACE('',(#5384),#5395,.T.);
#5384 = FACE_BOUND('',#5385,.T.);
#5385 = EDGE_LOOP('',(#5386,#5392,#5393,#5394));
#5386 = ORIENTED_EDGE('',*,*,#5387,.T.);
#5387 = EDGE_CURVE('',#2449,#3752,#5388,.T.);
#5388 = LINE('',#5389,#5390);
#5389 = CARTESIAN_POINT('',(108.8644,-80.289398,0.));
#5390 = VECTOR('',#5391,1.);
#5391 = DIRECTION('',(0.,0.,1.));
#5392 = ORIENTED_EDGE('',*,*,#3751,.T.);
#5393 = ORIENTED_EDGE('',*,*,#5353,.F.);
#5394 = ORIENTED_EDGE('',*,*,#2448,.F.);
#5395 = PLANE('',#5396);
#5396 = AXIS2_PLACEMENT_3D('',#5397,#5398,#5399);
#5397 = CARTESIAN_POINT('',(108.8644,-80.289398,0.));
#5398 = DIRECTION('',(-1.,-5.483298462161E-08,0.));
#5399 = DIRECTION('',(-5.483298462161E-08,1.,0.));
#5400 = ADVANCED_FACE('',(#5401),#5412,.T.);
#5401 = FACE_BOUND('',#5402,.T.);
#5402 = EDGE_LOOP('',(#5403,#5404,#5405,#5411));
#5403 = ORIENTED_EDGE('',*,*,#5372,.T.);
#5404 = ORIENTED_EDGE('',*,*,#4098,.T.);
#5405 = ORIENTED_EDGE('',*,*,#5406,.F.);
#5406 = EDGE_CURVE('',#2788,#4091,#5407,.T.);
#5407 = LINE('',#5408,#5409);
#5408 = CARTESIAN_POINT('',(199.0852,-82.8294,0.));
#5409 = VECTOR('',#5410,1.);
#5410 = DIRECTION('',(0.,0.,1.));
#5411 = ORIENTED_EDGE('',*,*,#2795,.F.);
#5412 = PLANE('',#5413);
#5413 = AXIS2_PLACEMENT_3D('',#5414,#5415,#5416);
#5414 = CARTESIAN_POINT('',(199.082975,-82.675893,0.));
#5415 = DIRECTION('',(0.999894971964,1.449293069764E-02,-0.));
#5416 = DIRECTION('',(1.449293069764E-02,-0.999894971964,0.));
#5417 = ADVANCED_FACE('',(#5418),#5429,.T.);
#5418 = FACE_BOUND('',#5419,.T.);
#5419 = EDGE_LOOP('',(#5420,#5426,#5427,#5428));
#5420 = ORIENTED_EDGE('',*,*,#5421,.T.);
#5421 = EDGE_CURVE('',#2457,#3760,#5422,.T.);
#5422 = LINE('',#5423,#5424);
#5423 = CARTESIAN_POINT('',(105.511599,-80.289398,0.));
#5424 = VECTOR('',#5425,1.);
#5425 = DIRECTION('',(0.,0.,1.));
#5426 = ORIENTED_EDGE('',*,*,#3759,.T.);
#5427 = ORIENTED_EDGE('',*,*,#5387,.F.);
#5428 = ORIENTED_EDGE('',*,*,#2456,.F.);
#5429 = PLANE('',#5430);
#5430 = AXIS2_PLACEMENT_3D('',#5431,#5432,#5433);
#5431 = CARTESIAN_POINT('',(105.511599,-80.289398,0.));
#5432 = DIRECTION('',(0.,1.,0.));
#5433 = DIRECTION('',(1.,0.,0.));
#5434 = ADVANCED_FACE('',(#5435),#5446,.T.);
#5435 = FACE_BOUND('',#5436,.T.);
#5436 = EDGE_LOOP('',(#5437,#5438,#5439,#5445));
#5437 = ORIENTED_EDGE('',*,*,#5406,.T.);
#5438 = ORIENTED_EDGE('',*,*,#4090,.T.);
#5439 = ORIENTED_EDGE('',*,*,#5440,.F.);
#5440 = EDGE_CURVE('',#2779,#4082,#5441,.T.);
#5441 = LINE('',#5442,#5443);
#5442 = CARTESIAN_POINT('',(199.0852,-96.0882,0.));
#5443 = VECTOR('',#5444,1.);
#5444 = DIRECTION('',(0.,0.,1.));
#5445 = ORIENTED_EDGE('',*,*,#2787,.F.);
#5446 = PLANE('',#5447);
#5447 = AXIS2_PLACEMENT_3D('',#5448,#5449,#5450);
#5448 = CARTESIAN_POINT('',(199.0852,-82.8294,0.));
#5449 = DIRECTION('',(1.,0.,-0.));
#5450 = DIRECTION('',(0.,-1.,0.));
#5451 = ADVANCED_FACE('',(#5452),#5463,.T.);
#5452 = FACE_BOUND('',#5453,.T.);
#5453 = EDGE_LOOP('',(#5454,#5460,#5461,#5462));
#5454 = ORIENTED_EDGE('',*,*,#5455,.T.);
#5455 = EDGE_CURVE('',#2465,#3768,#5456,.T.);
#5456 = LINE('',#5457,#5458);
#5457 = CARTESIAN_POINT('',(105.358097,-80.291715,0.));
#5458 = VECTOR('',#5459,1.);
#5459 = DIRECTION('',(0.,0.,1.));
#5460 = ORIENTED_EDGE('',*,*,#3767,.T.);
#5461 = ORIENTED_EDGE('',*,*,#5421,.F.);
#5462 = ORIENTED_EDGE('',*,*,#2464,.F.);
#5463 = PLANE('',#5464);
#5464 = AXIS2_PLACEMENT_3D('',#5465,#5466,#5467);
#5465 = CARTESIAN_POINT('',(105.358097,-80.291715,0.));
#5466 = DIRECTION('',(-1.509254665138E-02,0.999886101031,0.));
#5467 = DIRECTION('',(0.999886101031,1.509254665138E-02,0.));
#5468 = ADVANCED_FACE('',(#5469),#5480,.T.);
#5469 = FACE_BOUND('',#5470,.T.);
#5470 = EDGE_LOOP('',(#5471,#5472,#5473,#5479));
#5471 = ORIENTED_EDGE('',*,*,#5440,.T.);
#5472 = ORIENTED_EDGE('',*,*,#4081,.T.);
#5473 = ORIENTED_EDGE('',*,*,#5474,.F.);
#5474 = EDGE_CURVE('',#2771,#4074,#5475,.T.);
#5475 = LINE('',#5476,#5477);
#5476 = CARTESIAN_POINT('',(196.698703,-98.625884,0.));
#5477 = VECTOR('',#5478,1.);
#5478 = DIRECTION('',(0.,0.,1.));
#5479 = ORIENTED_EDGE('',*,*,#2778,.F.);
#5480 = CYLINDRICAL_SURFACE('',#5481,2.53805593958);
#5481 = AXIS2_PLACEMENT_3D('',#5482,#5483,#5484);
#5482 = CARTESIAN_POINT('',(196.54714746479,-96.09235703701,0.));
#5483 = DIRECTION('',(0.,0.,-1.));
#5484 = DIRECTION('',(0.99999865867,1.637882344544E-03,0.));
#5485 = ADVANCED_FACE('',(#5486),#5497,.T.);
#5486 = FACE_BOUND('',#5487,.T.);
#5487 = EDGE_LOOP('',(#5488,#5494,#5495,#5496));
#5488 = ORIENTED_EDGE('',*,*,#5489,.T.);
#5489 = EDGE_CURVE('',#2473,#3776,#5490,.T.);
#5490 = LINE('',#5491,#5492);
#5491 = CARTESIAN_POINT('',(102.9716,-82.829399,0.));
#5492 = VECTOR('',#5493,1.);
#5493 = DIRECTION('',(0.,0.,1.));
#5494 = ORIENTED_EDGE('',*,*,#3775,.T.);
#5495 = ORIENTED_EDGE('',*,*,#5455,.F.);
#5496 = ORIENTED_EDGE('',*,*,#2472,.F.);
#5497 = CYLINDRICAL_SURFACE('',#5498,2.53805593958);
#5498 = AXIS2_PLACEMENT_3D('',#5499,#5500,#5501);
#5499 = CARTESIAN_POINT('',(105.5096525352,-82.82524196298,0.));
#5500 = DIRECTION('',(0.,0.,-1.));
#5501 = DIRECTION('',(-0.99999865867,-1.637882344533E-03,-0.));
#5502 = ADVANCED_FACE('',(#5503),#5514,.T.);
#5503 = FACE_BOUND('',#5504,.T.);
#5504 = EDGE_LOOP('',(#5505,#5506,#5507,#5513));
#5505 = ORIENTED_EDGE('',*,*,#5474,.T.);
#5506 = ORIENTED_EDGE('',*,*,#4073,.T.);
#5507 = ORIENTED_EDGE('',*,*,#5508,.F.);
#5508 = EDGE_CURVE('',#2763,#4066,#5509,.T.);
#5509 = LINE('',#5510,#5511);
#5510 = CARTESIAN_POINT('',(196.545201,-98.628201,0.));
#5511 = VECTOR('',#5512,1.);
#5512 = DIRECTION('',(0.,0.,1.));
#5513 = ORIENTED_EDGE('',*,*,#2770,.F.);
#5514 = PLANE('',#5515);
#5515 = AXIS2_PLACEMENT_3D('',#5516,#5517,#5518);
#5516 = CARTESIAN_POINT('',(196.698703,-98.625884,0.));
#5517 = DIRECTION('',(1.509254665147E-02,-0.999886101031,0.));
#5518 = DIRECTION('',(-0.999886101031,-1.509254665147E-02,0.));
#5519 = ADVANCED_FACE('',(#5520),#5531,.T.);
#5520 = FACE_BOUND('',#5521,.T.);
#5521 = EDGE_LOOP('',(#5522,#5528,#5529,#5530));
#5522 = ORIENTED_EDGE('',*,*,#5523,.T.);
#5523 = EDGE_CURVE('',#2482,#3785,#5524,.T.);
#5524 = LINE('',#5525,#5526);
#5525 = CARTESIAN_POINT('',(102.9716,-96.088199,0.));
#5526 = VECTOR('',#5527,1.);
#5527 = DIRECTION('',(0.,0.,1.));
#5528 = ORIENTED_EDGE('',*,*,#3784,.T.);
#5529 = ORIENTED_EDGE('',*,*,#5489,.F.);
#5530 = ORIENTED_EDGE('',*,*,#2481,.F.);
#5531 = PLANE('',#5532);
#5532 = AXIS2_PLACEMENT_3D('',#5533,#5534,#5535);
#5533 = CARTESIAN_POINT('',(102.9716,-96.088199,0.));
#5534 = DIRECTION('',(-1.,0.,0.));
#5535 = DIRECTION('',(0.,1.,0.));
#5536 = ADVANCED_FACE('',(#5537),#5548,.T.);
#5537 = FACE_BOUND('',#5538,.T.);
#5538 = EDGE_LOOP('',(#5539,#5540,#5541,#5547));
#5539 = ORIENTED_EDGE('',*,*,#5508,.T.);
#5540 = ORIENTED_EDGE('',*,*,#4065,.T.);
#5541 = ORIENTED_EDGE('',*,*,#5542,.F.);
#5542 = EDGE_CURVE('',#2755,#4058,#5543,.T.);
#5543 = LINE('',#5544,#5545);
#5544 = CARTESIAN_POINT('',(193.1924,-98.628201,0.));
#5545 = VECTOR('',#5546,1.);
#5546 = DIRECTION('',(0.,0.,1.));
#5547 = ORIENTED_EDGE('',*,*,#2762,.F.);
#5548 = PLANE('',#5549);
#5549 = AXIS2_PLACEMENT_3D('',#5550,#5551,#5552);
#5550 = CARTESIAN_POINT('',(196.545201,-98.628201,0.));
#5551 = DIRECTION('',(0.,-1.,0.));
#5552 = DIRECTION('',(-1.,0.,0.));
#5553 = ADVANCED_FACE('',(#5554),#5565,.T.);
#5554 = FACE_BOUND('',#5555,.T.);
#5555 = EDGE_LOOP('',(#5556,#5562,#5563,#5564));
#5556 = ORIENTED_EDGE('',*,*,#5557,.T.);
#5557 = EDGE_CURVE('',#2490,#3793,#5558,.T.);
#5558 = LINE('',#5559,#5560);
#5559 = CARTESIAN_POINT('',(102.973825,-96.241706,0.));
#5560 = VECTOR('',#5561,1.);
#5561 = DIRECTION('',(0.,0.,1.));
#5562 = ORIENTED_EDGE('',*,*,#3792,.T.);
#5563 = ORIENTED_EDGE('',*,*,#5523,.F.);
#5564 = ORIENTED_EDGE('',*,*,#2489,.F.);
#5565 = PLANE('',#5566);
#5566 = AXIS2_PLACEMENT_3D('',#5567,#5568,#5569);
#5567 = CARTESIAN_POINT('',(102.973825,-96.241706,0.));
#5568 = DIRECTION('',(-0.999894971964,-1.449293069782E-02,0.));
#5569 = DIRECTION('',(-1.449293069782E-02,0.999894971964,0.));
#5570 = ADVANCED_FACE('',(#5571),#5582,.T.);
#5571 = FACE_BOUND('',#5572,.T.);
#5572 = EDGE_LOOP('',(#5573,#5574,#5575,#5581));
#5573 = ORIENTED_EDGE('',*,*,#5542,.T.);
#5574 = ORIENTED_EDGE('',*,*,#4057,.T.);
#5575 = ORIENTED_EDGE('',*,*,#5576,.F.);
#5576 = EDGE_CURVE('',#2747,#4050,#5577,.T.);
#5577 = LINE('',#5578,#5579);
#5578 = CARTESIAN_POINT('',(193.1924,-124.2822,0.));
#5579 = VECTOR('',#5580,1.);
#5580 = DIRECTION('',(0.,0.,1.));
#5581 = ORIENTED_EDGE('',*,*,#2754,.F.);
#5582 = PLANE('',#5583);
#5583 = AXIS2_PLACEMENT_3D('',#5584,#5585,#5586);
#5584 = CARTESIAN_POINT('',(193.1924,-98.628201,0.));
#5585 = DIRECTION('',(1.,0.,-0.));
#5586 = DIRECTION('',(0.,-1.,0.));
#5587 = ADVANCED_FACE('',(#5588),#5599,.T.);
#5588 = FACE_BOUND('',#5589,.T.);
#5589 = EDGE_LOOP('',(#5590,#5596,#5597,#5598));
#5590 = ORIENTED_EDGE('',*,*,#5591,.T.);
#5591 = EDGE_CURVE('',#2498,#3801,#5592,.T.);
#5592 = LINE('',#5593,#5594);
#5593 = CARTESIAN_POINT('',(105.511601,-98.628198,0.));
#5594 = VECTOR('',#5595,1.);
#5595 = DIRECTION('',(0.,0.,1.));
#5596 = ORIENTED_EDGE('',*,*,#3800,.T.);
#5597 = ORIENTED_EDGE('',*,*,#5557,.F.);
#5598 = ORIENTED_EDGE('',*,*,#2497,.F.);
#5599 = CYLINDRICAL_SURFACE('',#5600,2.537977707784);
#5600 = AXIS2_PLACEMENT_3D('',#5601,#5602,#5603);
#5601 = CARTESIAN_POINT('',(105.50727798772,-96.09022397397,0.));
#5602 = DIRECTION('',(0.,0.,-1.));
#5603 = DIRECTION('',(1.70332949123E-03,-0.999998549333,0.));
#5604 = ADVANCED_FACE('',(#5605),#5616,.T.);
#5605 = FACE_BOUND('',#5606,.T.);
#5606 = EDGE_LOOP('',(#5607,#5608,#5609,#5615));
#5607 = ORIENTED_EDGE('',*,*,#5576,.T.);
#5608 = ORIENTED_EDGE('',*,*,#4049,.T.);
#5609 = ORIENTED_EDGE('',*,*,#5610,.F.);
#5610 = EDGE_CURVE('',#2738,#4041,#5611,.T.);
#5611 = LINE('',#5612,#5613);
#5612 = CARTESIAN_POINT('',(193.1924,-127.635001,0.));
#5613 = VECTOR('',#5614,1.);
#5614 = DIRECTION('',(0.,0.,1.));
#5615 = ORIENTED_EDGE('',*,*,#2746,.F.);
#5616 = PLANE('',#5617);
#5617 = AXIS2_PLACEMENT_3D('',#5618,#5619,#5620);
#5618 = CARTESIAN_POINT('',(193.1924,-124.2822,0.));
#5619 = DIRECTION('',(1.,0.,-0.));
#5620 = DIRECTION('',(0.,-1.,0.));
#5621 = ADVANCED_FACE('',(#5622),#5633,.T.);
#5622 = FACE_BOUND('',#5623,.T.);
#5623 = EDGE_LOOP('',(#5624,#5630,#5631,#5632));
#5624 = ORIENTED_EDGE('',*,*,#5625,.T.);
#5625 = EDGE_CURVE('',#2507,#3810,#5626,.T.);
#5626 = LINE('',#5627,#5628);
#5627 = CARTESIAN_POINT('',(108.864402,-98.628198,0.));
#5628 = VECTOR('',#5629,1.);
#5629 = DIRECTION('',(0.,0.,1.));
#5630 = ORIENTED_EDGE('',*,*,#3809,.T.);
#5631 = ORIENTED_EDGE('',*,*,#5591,.F.);
#5632 = ORIENTED_EDGE('',*,*,#2506,.F.);
#5633 = PLANE('',#5634);
#5634 = AXIS2_PLACEMENT_3D('',#5635,#5636,#5637);
#5635 = CARTESIAN_POINT('',(108.864402,-98.628198,0.));
#5636 = DIRECTION('',(0.,-1.,0.));
#5637 = DIRECTION('',(-1.,0.,0.));
#5638 = ADVANCED_FACE('',(#5639),#5650,.T.);
#5639 = FACE_BOUND('',#5640,.T.);
#5640 = EDGE_LOOP('',(#5641,#5642,#5643,#5649));
#5641 = ORIENTED_EDGE('',*,*,#5610,.T.);
#5642 = ORIENTED_EDGE('',*,*,#4040,.T.);
#5643 = ORIENTED_EDGE('',*,*,#5644,.F.);
#5644 = EDGE_CURVE('',#2730,#4033,#5645,.T.);
#5645 = LINE('',#5646,#5647);
#5646 = CARTESIAN_POINT('',(190.805903,-130.172684,0.));
#5647 = VECTOR('',#5648,1.);
#5648 = DIRECTION('',(0.,0.,1.));
#5649 = ORIENTED_EDGE('',*,*,#2737,.F.);
#5650 = CYLINDRICAL_SURFACE('',#5651,2.538057880272);
#5651 = AXIS2_PLACEMENT_3D('',#5652,#5653,#5654);
#5652 = CARTESIAN_POINT('',(190.65434551946,-127.6391552092,0.));
#5653 = DIRECTION('',(0.,0.,-1.));
#5654 = DIRECTION('',(0.999998660496,1.636766936546E-03,0.));
#5655 = ADVANCED_FACE('',(#5656),#5667,.T.);
#5656 = FACE_BOUND('',#5657,.T.);
#5657 = EDGE_LOOP('',(#5658,#5664,#5665,#5666));
#5658 = ORIENTED_EDGE('',*,*,#5659,.T.);
#5659 = EDGE_CURVE('',#2515,#3818,#5660,.T.);
#5660 = LINE('',#5661,#5662);
#5661 = CARTESIAN_POINT('',(108.864399,-124.2822,0.));
#5662 = VECTOR('',#5663,1.);
#5663 = DIRECTION('',(0.,0.,1.));
#5664 = ORIENTED_EDGE('',*,*,#3817,.T.);
#5665 = ORIENTED_EDGE('',*,*,#5625,.F.);
#5666 = ORIENTED_EDGE('',*,*,#2514,.F.);
#5667 = PLANE('',#5668);
#5668 = AXIS2_PLACEMENT_3D('',#5669,#5670,#5671);
#5669 = CARTESIAN_POINT('',(108.864399,-124.2822,0.));
#5670 = DIRECTION('',(-1.,1.16940818529E-07,0.));
#5671 = DIRECTION('',(1.16940818529E-07,1.,0.));
#5672 = ADVANCED_FACE('',(#5673),#5684,.T.);
#5673 = FACE_BOUND('',#5674,.T.);
#5674 = EDGE_LOOP('',(#5675,#5676,#5677,#5683));
#5675 = ORIENTED_EDGE('',*,*,#5644,.T.);
#5676 = ORIENTED_EDGE('',*,*,#4032,.T.);
#5677 = ORIENTED_EDGE('',*,*,#5678,.F.);
#5678 = EDGE_CURVE('',#2722,#4025,#5679,.T.);
#5679 = LINE('',#5680,#5681);
#5680 = CARTESIAN_POINT('',(190.652401,-130.175001,0.));
#5681 = VECTOR('',#5682,1.);
#5682 = DIRECTION('',(0.,0.,1.));
#5683 = ORIENTED_EDGE('',*,*,#2729,.F.);
#5684 = PLANE('',#5685);
#5685 = AXIS2_PLACEMENT_3D('',#5686,#5687,#5688);
#5686 = CARTESIAN_POINT('',(190.805903,-130.172684,0.));
#5687 = DIRECTION('',(1.509254665147E-02,-0.999886101031,0.));
#5688 = DIRECTION('',(-0.999886101031,-1.509254665147E-02,0.));
#5689 = ADVANCED_FACE('',(#5690),#5701,.T.);
#5690 = FACE_BOUND('',#5691,.T.);
#5691 = EDGE_LOOP('',(#5692,#5698,#5699,#5700));
#5692 = ORIENTED_EDGE('',*,*,#5693,.T.);
#5693 = EDGE_CURVE('',#2523,#3826,#5694,.T.);
#5694 = LINE('',#5695,#5696);
#5695 = CARTESIAN_POINT('',(108.864399,-127.635001,0.));
#5696 = VECTOR('',#5697,1.);
#5697 = DIRECTION('',(0.,0.,1.));
#5698 = ORIENTED_EDGE('',*,*,#3825,.T.);
#5699 = ORIENTED_EDGE('',*,*,#5659,.F.);
#5700 = ORIENTED_EDGE('',*,*,#2522,.F.);
#5701 = PLANE('',#5702);
#5702 = AXIS2_PLACEMENT_3D('',#5703,#5704,#5705);
#5703 = CARTESIAN_POINT('',(108.864399,-127.635001,0.));
#5704 = DIRECTION('',(-1.,0.,0.));
#5705 = DIRECTION('',(0.,1.,0.));
#5706 = ADVANCED_FACE('',(#5707),#5718,.T.);
#5707 = FACE_BOUND('',#5708,.T.);
#5708 = EDGE_LOOP('',(#5709,#5710,#5711,#5717));
#5709 = ORIENTED_EDGE('',*,*,#5678,.T.);
#5710 = ORIENTED_EDGE('',*,*,#4024,.T.);
#5711 = ORIENTED_EDGE('',*,*,#5712,.F.);
#5712 = EDGE_CURVE('',#2713,#4016,#5713,.T.);
#5713 = LINE('',#5714,#5715);
#5714 = CARTESIAN_POINT('',(172.72,-130.175,0.));
#5715 = VECTOR('',#5716,1.);
#5716 = DIRECTION('',(0.,0.,1.));
#5717 = ORIENTED_EDGE('',*,*,#2721,.F.);
#5718 = PLANE('',#5719);
#5719 = AXIS2_PLACEMENT_3D('',#5720,#5721,#5722);
#5720 = CARTESIAN_POINT('',(190.652401,-130.175001,0.));
#5721 = DIRECTION('',(-5.576498080069E-08,-1.,0.));
#5722 = DIRECTION('',(-1.,5.576498080069E-08,0.));
#5723 = ADVANCED_FACE('',(#5724),#5735,.T.);
#5724 = FACE_BOUND('',#5725,.T.);
#5725 = EDGE_LOOP('',(#5726,#5732,#5733,#5734));
#5726 = ORIENTED_EDGE('',*,*,#5727,.T.);
#5727 = EDGE_CURVE('',#2531,#3834,#5728,.T.);
#5728 = LINE('',#5729,#5730);
#5729 = CARTESIAN_POINT('',(111.4044,-130.175,0.));
#5730 = VECTOR('',#5731,1.);
#5731 = DIRECTION('',(0.,0.,1.));
#5732 = ORIENTED_EDGE('',*,*,#3833,.T.);
#5733 = ORIENTED_EDGE('',*,*,#5693,.F.);
#5734 = ORIENTED_EDGE('',*,*,#2530,.F.);
#5735 = CYLINDRICAL_SURFACE('',#5736,2.540000765514);
#5736 = AXIS2_PLACEMENT_3D('',#5737,#5738,#5739);
#5737 = CARTESIAN_POINT('',(111.40439976551,-127.6349992344,0.));
#5738 = DIRECTION('',(0.,0.,-1.));
#5739 = DIRECTION('',(9.231752245671E-08,-1.,0.));
#5740 = ADVANCED_FACE('',(#5741),#5752,.T.);
#5741 = FACE_BOUND('',#5742,.T.);
#5742 = EDGE_LOOP('',(#5743,#5744,#5745,#5751));
#5743 = ORIENTED_EDGE('',*,*,#5712,.T.);
#5744 = ORIENTED_EDGE('',*,*,#4015,.T.);
#5745 = ORIENTED_EDGE('',*,*,#5746,.F.);
#5746 = EDGE_CURVE('',#2705,#4008,#5747,.T.);
#5747 = LINE('',#5748,#5749);
#5748 = CARTESIAN_POINT('',(170.182316,-127.788503,0.));
#5749 = VECTOR('',#5750,1.);
#5750 = DIRECTION('',(0.,0.,1.));
#5751 = ORIENTED_EDGE('',*,*,#2712,.F.);
#5752 = CYLINDRICAL_SURFACE('',#5753,2.53805593958);
#5753 = AXIS2_PLACEMENT_3D('',#5754,#5755,#5756);
#5754 = CARTESIAN_POINT('',(172.71584296298,-127.6369474647,0.));
#5755 = DIRECTION('',(0.,0.,-1.));
#5756 = DIRECTION('',(1.637882344544E-03,-0.99999865867,0.));
#5757 = ADVANCED_FACE('',(#5758),#5769,.T.);
#5758 = FACE_BOUND('',#5759,.T.);
#5759 = EDGE_LOOP('',(#5760,#5766,#5767,#5768));
#5760 = ORIENTED_EDGE('',*,*,#5761,.T.);
#5761 = EDGE_CURVE('',#2540,#3843,#5762,.T.);
#5762 = LINE('',#5763,#5764);
#5763 = CARTESIAN_POINT('',(122.1232,-130.175001,0.));
#5764 = VECTOR('',#5765,1.);
#5765 = DIRECTION('',(0.,0.,1.));
#5766 = ORIENTED_EDGE('',*,*,#3842,.T.);
#5767 = ORIENTED_EDGE('',*,*,#5727,.F.);
#5768 = ORIENTED_EDGE('',*,*,#2539,.F.);
#5769 = PLANE('',#5770);
#5770 = AXIS2_PLACEMENT_3D('',#5771,#5772,#5773);
#5771 = CARTESIAN_POINT('',(122.1232,-130.175001,0.));
#5772 = DIRECTION('',(-9.329402521506E-08,-1.,0.));
#5773 = DIRECTION('',(-1.,9.329402521506E-08,0.));
#5774 = ADVANCED_FACE('',(#5775),#5786,.T.);
#5775 = FACE_BOUND('',#5776,.T.);
#5776 = EDGE_LOOP('',(#5777,#5778,#5779,#5785));
#5777 = ORIENTED_EDGE('',*,*,#5746,.T.);
#5778 = ORIENTED_EDGE('',*,*,#4007,.T.);
#5779 = ORIENTED_EDGE('',*,*,#5780,.F.);
#5780 = EDGE_CURVE('',#2697,#4000,#5781,.T.);
#5781 = LINE('',#5782,#5783);
#5782 = CARTESIAN_POINT('',(170.179999,-127.635001,0.));
#5783 = VECTOR('',#5784,1.);
#5784 = DIRECTION('',(0.,0.,1.));
#5785 = ORIENTED_EDGE('',*,*,#2704,.F.);
#5786 = PLANE('',#5787);
#5787 = AXIS2_PLACEMENT_3D('',#5788,#5789,#5790);
#5788 = CARTESIAN_POINT('',(170.182316,-127.788503,0.));
#5789 = DIRECTION('',(-0.999886101031,-1.509254665129E-02,0.));
#5790 = DIRECTION('',(-1.509254665129E-02,0.999886101031,0.));
#5791 = ADVANCED_FACE('',(#5792),#5803,.T.);
#5792 = FACE_BOUND('',#5793,.T.);
#5793 = EDGE_LOOP('',(#5794,#5800,#5801,#5802));
#5794 = ORIENTED_EDGE('',*,*,#5795,.T.);
#5795 = EDGE_CURVE('',#2548,#3851,#5796,.T.);
#5796 = LINE('',#5797,#5798);
#5797 = CARTESIAN_POINT('',(122.276702,-130.172684,0.));
#5798 = VECTOR('',#5799,1.);
#5799 = DIRECTION('',(0.,0.,1.));
#5800 = ORIENTED_EDGE('',*,*,#3850,.T.);
#5801 = ORIENTED_EDGE('',*,*,#5761,.F.);
#5802 = ORIENTED_EDGE('',*,*,#2547,.F.);
#5803 = PLANE('',#5804);
#5804 = AXIS2_PLACEMENT_3D('',#5805,#5806,#5807);
#5805 = CARTESIAN_POINT('',(122.276702,-130.172684,0.));
#5806 = DIRECTION('',(1.509254665147E-02,-0.999886101031,0.));
#5807 = DIRECTION('',(-0.999886101031,-1.509254665147E-02,0.));
#5808 = ADVANCED_FACE('',(#5809),#5820,.T.);
#5809 = FACE_BOUND('',#5810,.T.);
#5810 = EDGE_LOOP('',(#5811,#5812,#5813,#5819));
#5811 = ORIENTED_EDGE('',*,*,#5780,.T.);
#5812 = ORIENTED_EDGE('',*,*,#3999,.T.);
#5813 = ORIENTED_EDGE('',*,*,#5814,.F.);
#5814 = EDGE_CURVE('',#2689,#3992,#5815,.T.);
#5815 = LINE('',#5816,#5817);
#5816 = CARTESIAN_POINT('',(170.179999,-124.2822,0.));
#5817 = VECTOR('',#5818,1.);
#5818 = DIRECTION('',(0.,0.,1.));
#5819 = ORIENTED_EDGE('',*,*,#2696,.F.);
#5820 = PLANE('',#5821);
#5821 = AXIS2_PLACEMENT_3D('',#5822,#5823,#5824);
#5822 = CARTESIAN_POINT('',(170.179999,-127.635001,0.));
#5823 = DIRECTION('',(-1.,0.,0.));
#5824 = DIRECTION('',(0.,1.,0.));
#5825 = ADVANCED_FACE('',(#5826),#5837,.T.);
#5826 = FACE_BOUND('',#5827,.T.);
#5827 = EDGE_LOOP('',(#5828,#5834,#5835,#5836));
#5828 = ORIENTED_EDGE('',*,*,#5829,.T.);
#5829 = EDGE_CURVE('',#2556,#3859,#5830,.T.);
#5830 = LINE('',#5831,#5832);
#5831 = CARTESIAN_POINT('',(124.663199,-127.635001,0.));
#5832 = VECTOR('',#5833,1.);
#5833 = DIRECTION('',(0.,0.,1.));
#5834 = ORIENTED_EDGE('',*,*,#3858,.T.);
#5835 = ORIENTED_EDGE('',*,*,#5795,.F.);
#5836 = ORIENTED_EDGE('',*,*,#2555,.F.);
#5837 = CYLINDRICAL_SURFACE('',#5838,2.538054109347);
#5838 = AXIS2_PLACEMENT_3D('',#5839,#5840,#5841);
#5839 = CARTESIAN_POINT('',(122.12514829621,-127.6391587609,0.));
#5840 = DIRECTION('',(0.,0.,-1.));
#5841 = DIRECTION('',(0.999998658201,1.638168763656E-03,0.));
#5842 = ADVANCED_FACE('',(#5843),#5854,.T.);
#5843 = FACE_BOUND('',#5844,.T.);
#5844 = EDGE_LOOP('',(#5845,#5846,#5847,#5853));
#5845 = ORIENTED_EDGE('',*,*,#5814,.T.);
#5846 = ORIENTED_EDGE('',*,*,#3991,.T.);
#5847 = ORIENTED_EDGE('',*,*,#5848,.F.);
#5848 = EDGE_CURVE('',#2680,#3983,#5849,.T.);
#5849 = LINE('',#5850,#5851);
#5850 = CARTESIAN_POINT('',(170.179999,-119.4054,0.));
#5851 = VECTOR('',#5852,1.);
#5852 = DIRECTION('',(0.,0.,1.));
#5853 = ORIENTED_EDGE('',*,*,#2688,.F.);
#5854 = PLANE('',#5855);
#5855 = AXIS2_PLACEMENT_3D('',#5856,#5857,#5858);
#5856 = CARTESIAN_POINT('',(170.179999,-124.2822,0.));
#5857 = DIRECTION('',(-1.,0.,0.));
#5858 = DIRECTION('',(0.,1.,0.));
#5859 = ADVANCED_FACE('',(#5860),#5871,.T.);
#5860 = FACE_BOUND('',#5861,.T.);
#5861 = EDGE_LOOP('',(#5862,#5868,#5869,#5870));
#5862 = ORIENTED_EDGE('',*,*,#5863,.T.);
#5863 = EDGE_CURVE('',#2565,#3868,#5864,.T.);
#5864 = LINE('',#5865,#5866);
#5865 = CARTESIAN_POINT('',(124.663199,-124.2822,0.));
#5866 = VECTOR('',#5867,1.);
#5867 = DIRECTION('',(0.,0.,1.));
#5868 = ORIENTED_EDGE('',*,*,#3867,.T.);
#5869 = ORIENTED_EDGE('',*,*,#5829,.F.);
#5870 = ORIENTED_EDGE('',*,*,#2564,.F.);
#5871 = PLANE('',#5872);
#5872 = AXIS2_PLACEMENT_3D('',#5873,#5874,#5875);
#5873 = CARTESIAN_POINT('',(124.663199,-124.2822,0.));
#5874 = DIRECTION('',(1.,0.,-0.));
#5875 = DIRECTION('',(0.,-1.,0.));
#5876 = ADVANCED_FACE('',(#5877),#5888,.F.);
#5877 = FACE_BOUND('',#5878,.T.);
#5878 = EDGE_LOOP('',(#5879,#5880,#5881,#5887));
#5879 = ORIENTED_EDGE('',*,*,#5848,.T.);
#5880 = ORIENTED_EDGE('',*,*,#3982,.T.);
#5881 = ORIENTED_EDGE('',*,*,#5882,.F.);
#5882 = EDGE_CURVE('',#2672,#3975,#5883,.T.);
#5883 = LINE('',#5884,#5885);
#5884 = CARTESIAN_POINT('',(167.793506,-116.867626,0.));
#5885 = VECTOR('',#5886,1.);
#5886 = DIRECTION('',(0.,0.,1.));
#5887 = ORIENTED_EDGE('',*,*,#2679,.F.);
#5888 = CYLINDRICAL_SURFACE('',#5889,2.53797965209);
#5889 = AXIS2_PLACEMENT_3D('',#5890,#5891,#5892);
#5890 = CARTESIAN_POINT('',(167.64202302304,-119.4010808786,0.));
#5891 = DIRECTION('',(-0.,-0.,-1.));
#5892 = DIRECTION('',(0.999998551946,-1.701795108735E-03,0.));
#5893 = ADVANCED_FACE('',(#5894),#5905,.T.);
#5894 = FACE_BOUND('',#5895,.T.);
#5895 = EDGE_LOOP('',(#5896,#5902,#5903,#5904));
#5896 = ORIENTED_EDGE('',*,*,#5897,.T.);
#5897 = EDGE_CURVE('',#2573,#3876,#5898,.T.);
#5898 = LINE('',#5899,#5900);
#5899 = CARTESIAN_POINT('',(124.6632,-119.4054,0.));
#5900 = VECTOR('',#5901,1.);
#5901 = DIRECTION('',(0.,0.,1.));
#5902 = ORIENTED_EDGE('',*,*,#3875,.T.);
#5903 = ORIENTED_EDGE('',*,*,#5863,.F.);
#5904 = ORIENTED_EDGE('',*,*,#2572,.F.);
#5905 = PLANE('',#5906);
#5906 = AXIS2_PLACEMENT_3D('',#5907,#5908,#5909);
#5907 = CARTESIAN_POINT('',(124.6632,-119.4054,0.));
#5908 = DIRECTION('',(1.,-2.050524929206E-07,0.));
#5909 = DIRECTION('',(-2.050524929206E-07,-1.,0.));
#5910 = ADVANCED_FACE('',(#5911),#5922,.T.);
#5911 = FACE_BOUND('',#5912,.T.);
#5912 = EDGE_LOOP('',(#5913,#5914,#5915,#5921));
#5913 = ORIENTED_EDGE('',*,*,#5882,.T.);
#5914 = ORIENTED_EDGE('',*,*,#3974,.T.);
#5915 = ORIENTED_EDGE('',*,*,#5916,.F.);
#5916 = EDGE_CURVE('',#2664,#3967,#5917,.T.);
#5917 = LINE('',#5918,#5919);
#5918 = CARTESIAN_POINT('',(167.639999,-116.865401,0.));
#5919 = VECTOR('',#5920,1.);
#5920 = DIRECTION('',(0.,0.,1.));
#5921 = ORIENTED_EDGE('',*,*,#2671,.F.);
#5922 = PLANE('',#5923);
#5923 = AXIS2_PLACEMENT_3D('',#5924,#5925,#5926);
#5924 = CARTESIAN_POINT('',(167.793506,-116.867626,0.));
#5925 = DIRECTION('',(-1.449293069773E-02,-0.999894971964,0.));
#5926 = DIRECTION('',(-0.999894971964,1.449293069773E-02,0.));
#5927 = ADVANCED_FACE('',(#5928),#5939,.T.);
#5928 = FACE_BOUND('',#5929,.T.);
#5929 = EDGE_LOOP('',(#5930,#5936,#5937,#5938));
#5930 = ORIENTED_EDGE('',*,*,#5931,.T.);
#5931 = EDGE_CURVE('',#2581,#3884,#5932,.T.);
#5932 = LINE('',#5933,#5934);
#5933 = CARTESIAN_POINT('',(124.665517,-119.251898,0.));
#5934 = VECTOR('',#5935,1.);
#5935 = DIRECTION('',(0.,0.,1.));
#5936 = ORIENTED_EDGE('',*,*,#3883,.T.);
#5937 = ORIENTED_EDGE('',*,*,#5897,.F.);
#5938 = ORIENTED_EDGE('',*,*,#2580,.F.);
#5939 = PLANE('',#5940);
#5940 = AXIS2_PLACEMENT_3D('',#5941,#5942,#5943);
#5941 = CARTESIAN_POINT('',(124.665517,-119.251898,0.));
#5942 = DIRECTION('',(0.999886101031,-1.509254665138E-02,0.));
#5943 = DIRECTION('',(-1.509254665138E-02,-0.999886101031,0.));
#5944 = ADVANCED_FACE('',(#5945),#5956,.T.);
#5945 = FACE_BOUND('',#5946,.T.);
#5946 = EDGE_LOOP('',(#5947,#5948,#5949,#5955));
#5947 = ORIENTED_EDGE('',*,*,#5916,.T.);
#5948 = ORIENTED_EDGE('',*,*,#3966,.T.);
#5949 = ORIENTED_EDGE('',*,*,#5950,.F.);
#5950 = EDGE_CURVE('',#2655,#3958,#5951,.T.);
#5951 = LINE('',#5952,#5953);
#5952 = CARTESIAN_POINT('',(160.8328,-116.8654,0.));
#5953 = VECTOR('',#5954,1.);
#5954 = DIRECTION('',(0.,0.,1.));
#5955 = ORIENTED_EDGE('',*,*,#2663,.F.);
#5956 = PLANE('',#5957);
#5957 = AXIS2_PLACEMENT_3D('',#5958,#5959,#5960);
#5958 = CARTESIAN_POINT('',(167.639999,-116.865401,0.));
#5959 = DIRECTION('',(-1.469033021785E-07,-1.,0.));
#5960 = DIRECTION('',(-1.,1.469033021785E-07,0.));
#5961 = ADVANCED_FACE('',(#5962),#5973,.F.);
#5962 = FACE_BOUND('',#5963,.T.);
#5963 = EDGE_LOOP('',(#5964,#5970,#5971,#5972));
#5964 = ORIENTED_EDGE('',*,*,#5965,.T.);
#5965 = EDGE_CURVE('',#2589,#3892,#5966,.T.);
#5966 = LINE('',#5967,#5968);
#5967 = CARTESIAN_POINT('',(127.203199,-116.8654,0.));
#5968 = VECTOR('',#5969,1.);
#5969 = DIRECTION('',(0.,0.,1.));
#5970 = ORIENTED_EDGE('',*,*,#3891,.T.);
#5971 = ORIENTED_EDGE('',*,*,#5931,.F.);
#5972 = ORIENTED_EDGE('',*,*,#2588,.F.);
#5973 = CYLINDRICAL_SURFACE('',#5974,2.538057884246);
#5974 = AXIS2_PLACEMENT_3D('',#5975,#5976,#5977);
#5975 = CARTESIAN_POINT('',(127.19904585423,-119.4034544862,0.));
#5976 = DIRECTION('',(-0.,-0.,-1.));
#5977 = DIRECTION('',(1.636347928728E-03,0.999998661182,-0.));
#5978 = ADVANCED_FACE('',(#5979),#5990,.F.);
#5979 = FACE_BOUND('',#5980,.T.);
#5980 = EDGE_LOOP('',(#5981,#5982,#5983,#5989));
#5981 = ORIENTED_EDGE('',*,*,#5950,.T.);
#5982 = ORIENTED_EDGE('',*,*,#3957,.T.);
#5983 = ORIENTED_EDGE('',*,*,#5984,.F.);
#5984 = EDGE_CURVE('',#2647,#3950,#5985,.T.);
#5985 = LINE('',#5986,#5987);
#5986 = CARTESIAN_POINT('',(158.295118,-119.251899,0.));
#5987 = VECTOR('',#5988,1.);
#5988 = DIRECTION('',(0.,0.,1.));
#5989 = ORIENTED_EDGE('',*,*,#2654,.F.);
#5990 = CYLINDRICAL_SURFACE('',#5991,2.538059718458);
#5991 = AXIS2_PLACEMENT_3D('',#5992,#5993,#5994);
#5992 = CARTESIAN_POINT('',(160.82864864165,-119.4034563233,0.));
#5993 = DIRECTION('',(-0.,-0.,-1.));
#5994 = DIRECTION('',(1.635642501983E-03,0.999998662336,-0.));
#5995 = ADVANCED_FACE('',(#5996),#6007,.T.);
#5996 = FACE_BOUND('',#5997,.T.);
#5997 = EDGE_LOOP('',(#5998,#6004,#6005,#6006));
#5998 = ORIENTED_EDGE('',*,*,#5999,.T.);
#5999 = EDGE_CURVE('',#2598,#3901,#6000,.T.);
#6000 = LINE('',#6001,#6002);
#6001 = CARTESIAN_POINT('',(141.224,-116.8654,0.));
#6002 = VECTOR('',#6003,1.);
#6003 = DIRECTION('',(0.,0.,1.));
#6004 = ORIENTED_EDGE('',*,*,#3900,.T.);
#6005 = ORIENTED_EDGE('',*,*,#5965,.F.);
#6006 = ORIENTED_EDGE('',*,*,#2597,.F.);
#6007 = PLANE('',#6008);
#6008 = AXIS2_PLACEMENT_3D('',#6009,#6010,#6011);
#6009 = CARTESIAN_POINT('',(141.224,-116.8654,0.));
#6010 = DIRECTION('',(0.,-1.,0.));
#6011 = DIRECTION('',(-1.,0.,0.));
#6012 = ADVANCED_FACE('',(#6013),#6024,.T.);
#6013 = FACE_BOUND('',#6014,.T.);
#6014 = EDGE_LOOP('',(#6015,#6016,#6017,#6023));
#6015 = ORIENTED_EDGE('',*,*,#5984,.T.);
#6016 = ORIENTED_EDGE('',*,*,#3949,.T.);
#6017 = ORIENTED_EDGE('',*,*,#6018,.F.);
#6018 = EDGE_CURVE('',#2639,#3942,#6019,.T.);
#6019 = LINE('',#6020,#6021);
#6020 = CARTESIAN_POINT('',(158.292801,-119.4054,0.));
#6021 = VECTOR('',#6022,1.);
#6022 = DIRECTION('',(0.,0.,1.));
#6023 = ORIENTED_EDGE('',*,*,#2646,.F.);
#6024 = PLANE('',#6025);
#6025 = AXIS2_PLACEMENT_3D('',#6026,#6027,#6028);
#6026 = CARTESIAN_POINT('',(158.295118,-119.251899,0.));
#6027 = DIRECTION('',(0.999886099548,-1.509264495122E-02,0.));
#6028 = DIRECTION('',(-1.509264495122E-02,-0.999886099548,0.));
#6029 = ADVANCED_FACE('',(#6030),#6041,.T.);
#6030 = FACE_BOUND('',#6031,.T.);
#6031 = EDGE_LOOP('',(#6032,#6038,#6039,#6040));
#6032 = ORIENTED_EDGE('',*,*,#6033,.T.);
#6033 = EDGE_CURVE('',#2606,#3909,#6034,.T.);
#6034 = LINE('',#6035,#6036);
#6035 = CARTESIAN_POINT('',(141.377502,-116.867717,0.));
#6036 = VECTOR('',#6037,1.);
#6037 = DIRECTION('',(0.,0.,1.));
#6038 = ORIENTED_EDGE('',*,*,#3908,.T.);
#6039 = ORIENTED_EDGE('',*,*,#5999,.F.);
#6040 = ORIENTED_EDGE('',*,*,#2605,.F.);
#6041 = PLANE('',#6042);
#6042 = AXIS2_PLACEMENT_3D('',#6043,#6044,#6045);
#6043 = CARTESIAN_POINT('',(141.377502,-116.867717,0.));
#6044 = DIRECTION('',(-1.509254665147E-02,-0.999886101031,0.));
#6045 = DIRECTION('',(-0.999886101031,1.509254665147E-02,0.));
#6046 = ADVANCED_FACE('',(#6047),#6058,.T.);
#6047 = FACE_BOUND('',#6048,.T.);
#6048 = EDGE_LOOP('',(#6049,#6050,#6051,#6057));
#6049 = ORIENTED_EDGE('',*,*,#6018,.T.);
#6050 = ORIENTED_EDGE('',*,*,#3941,.T.);
#6051 = ORIENTED_EDGE('',*,*,#6052,.F.);
#6052 = EDGE_CURVE('',#2631,#3934,#6053,.T.);
#6053 = LINE('',#6054,#6055);
#6054 = CARTESIAN_POINT('',(158.2928,-124.282199,0.));
#6055 = VECTOR('',#6056,1.);
#6056 = DIRECTION('',(0.,0.,1.));
#6057 = ORIENTED_EDGE('',*,*,#2638,.F.);
#6058 = PLANE('',#6059);
#6059 = AXIS2_PLACEMENT_3D('',#6060,#6061,#6062);
#6060 = CARTESIAN_POINT('',(158.292801,-119.4054,0.));
#6061 = DIRECTION('',(1.,-2.050525349671E-07,0.));
#6062 = DIRECTION('',(-2.050525349671E-07,-1.,0.));
#6063 = ADVANCED_FACE('',(#6064),#6075,.F.);
#6064 = FACE_BOUND('',#6065,.T.);
#6065 = EDGE_LOOP('',(#6066,#6072,#6073,#6074));
#6066 = ORIENTED_EDGE('',*,*,#6067,.T.);
#6067 = EDGE_CURVE('',#2614,#3917,#6068,.T.);
#6068 = LINE('',#6069,#6070);
#6069 = CARTESIAN_POINT('',(143.764,-119.405399,0.));
#6070 = VECTOR('',#6071,1.);
#6071 = DIRECTION('',(0.,0.,1.));
#6072 = ORIENTED_EDGE('',*,*,#3916,.T.);
#6073 = ORIENTED_EDGE('',*,*,#6033,.F.);
#6074 = ORIENTED_EDGE('',*,*,#2613,.F.);
#6075 = CYLINDRICAL_SURFACE('',#6076,2.538057884246);
#6076 = AXIS2_PLACEMENT_3D('',#6077,#6078,#6079);
#6077 = CARTESIAN_POINT('',(141.22594551375,-119.4012458542,0.));
#6078 = DIRECTION('',(-0.,-0.,-1.));
#6079 = DIRECTION('',(0.999998661182,-1.636347928722E-03,0.));
#6080 = ADVANCED_FACE('',(#6081),#6092,.T.);
#6081 = FACE_BOUND('',#6082,.T.);
#6082 = EDGE_LOOP('',(#6083,#6084,#6085,#6091));
#6083 = ORIENTED_EDGE('',*,*,#6052,.T.);
#6084 = ORIENTED_EDGE('',*,*,#3933,.T.);
#6085 = ORIENTED_EDGE('',*,*,#6086,.F.);
#6086 = EDGE_CURVE('',#2623,#3926,#6087,.T.);
#6087 = LINE('',#6088,#6089);
#6088 = CARTESIAN_POINT('',(143.764,-124.282201,0.));
#6089 = VECTOR('',#6090,1.);
#6090 = DIRECTION('',(0.,0.,1.));
#6091 = ORIENTED_EDGE('',*,*,#2630,.F.);
#6092 = PLANE('',#6093);
#6093 = AXIS2_PLACEMENT_3D('',#6094,#6095,#6096);
#6094 = CARTESIAN_POINT('',(158.2928,-124.282199,0.));
#6095 = DIRECTION('',(1.37657617625E-07,-1.,0.));
#6096 = DIRECTION('',(-1.,-1.37657617625E-07,0.));
#6097 = ADVANCED_FACE('',(#6098),#6104,.T.);
#6098 = FACE_BOUND('',#6099,.T.);
#6099 = EDGE_LOOP('',(#6100,#6101,#6102,#6103));
#6100 = ORIENTED_EDGE('',*,*,#6086,.T.);
#6101 = ORIENTED_EDGE('',*,*,#3925,.T.);
#6102 = ORIENTED_EDGE('',*,*,#6067,.F.);
#6103 = ORIENTED_EDGE('',*,*,#2622,.F.);
#6104 = PLANE('',#6105);
#6105 = AXIS2_PLACEMENT_3D('',#6106,#6107,#6108);
#6106 = CARTESIAN_POINT('',(143.764,-124.282201,0.));
#6107 = DIRECTION('',(-1.,0.,0.));
#6108 = DIRECTION('',(0.,1.,0.));
#6109 = ADVANCED_FACE('',(#6110),#6121,.F.);
#6110 = FACE_BOUND('',#6111,.T.);
#6111 = EDGE_LOOP('',(#6112,#6113,#6119,#6120));
#6112 = ORIENTED_EDGE('',*,*,#2911,.T.);
#6113 = ORIENTED_EDGE('',*,*,#6114,.T.);
#6114 = EDGE_CURVE('',#2912,#4215,#6115,.T.);
#6115 = LINE('',#6116,#6117);
#6116 = CARTESIAN_POINT('',(111.404399,-128.135001,-4.5E-02));
#6117 = VECTOR('',#6118,1.);
#6118 = DIRECTION('',(0.,0.,1.));
#6119 = ORIENTED_EDGE('',*,*,#4214,.F.);
#6120 = ORIENTED_EDGE('',*,*,#6114,.F.);
#6121 = CYLINDRICAL_SURFACE('',#6122,0.5);
#6122 = AXIS2_PLACEMENT_3D('',#6123,#6124,#6125);
#6123 = CARTESIAN_POINT('',(111.404399,-127.635001,-4.5E-02));
#6124 = DIRECTION('',(-0.,-0.,-1.));
#6125 = DIRECTION('',(-0.,-1.,0.));
#6126 = ADVANCED_FACE('',(#6127),#6138,.F.);
#6127 = FACE_BOUND('',#6128,.T.);
#6128 = EDGE_LOOP('',(#6129,#6130,#6136,#6137));
#6129 = ORIENTED_EDGE('',*,*,#2922,.T.);
#6130 = ORIENTED_EDGE('',*,*,#6131,.T.);
#6131 = EDGE_CURVE('',#2923,#4226,#6132,.T.);
#6132 = LINE('',#6133,#6134);
#6133 = CARTESIAN_POINT('',(122.123199,-128.135001,-4.5E-02));
#6134 = VECTOR('',#6135,1.);
#6135 = DIRECTION('',(0.,0.,1.));
#6136 = ORIENTED_EDGE('',*,*,#4225,.F.);
#6137 = ORIENTED_EDGE('',*,*,#6131,.F.);
#6138 = CYLINDRICAL_SURFACE('',#6139,0.5);
#6139 = AXIS2_PLACEMENT_3D('',#6140,#6141,#6142);
#6140 = CARTESIAN_POINT('',(122.123199,-127.635001,-4.5E-02));
#6141 = DIRECTION('',(-0.,-0.,-1.));
#6142 = DIRECTION('',(-0.,-1.,0.));
#6143 = ADVANCED_FACE('',(#6144),#6155,.F.);
#6144 = FACE_BOUND('',#6145,.T.);
#6145 = EDGE_LOOP('',(#6146,#6147,#6153,#6154));
#6146 = ORIENTED_EDGE('',*,*,#2933,.T.);
#6147 = ORIENTED_EDGE('',*,*,#6148,.T.);
#6148 = EDGE_CURVE('',#2934,#4237,#6149,.T.);
#6149 = LINE('',#6150,#6151);
#6150 = CARTESIAN_POINT('',(111.8702,-114.276,-4.5E-02));
#6151 = VECTOR('',#6152,1.);
#6152 = DIRECTION('',(0.,0.,1.));
#6153 = ORIENTED_EDGE('',*,*,#4236,.F.);
#6154 = ORIENTED_EDGE('',*,*,#6148,.F.);
#6155 = CYLINDRICAL_SURFACE('',#6156,1.5);
#6156 = AXIS2_PLACEMENT_3D('',#6157,#6158,#6159);
#6157 = CARTESIAN_POINT('',(111.8702,-112.776,-4.5E-02));
#6158 = DIRECTION('',(-0.,-0.,-1.));
#6159 = DIRECTION('',(-0.,-1.,0.));
#6160 = ADVANCED_FACE('',(#6161),#6172,.F.);
#6161 = FACE_BOUND('',#6162,.T.);
#6162 = EDGE_LOOP('',(#6163,#6164,#6170,#6171));
#6163 = ORIENTED_EDGE('',*,*,#2944,.T.);
#6164 = ORIENTED_EDGE('',*,*,#6165,.T.);
#6165 = EDGE_CURVE('',#2945,#4248,#6166,.T.);
#6166 = LINE('',#6167,#6168);
#6167 = CARTESIAN_POINT('',(147.8702,-114.276,-4.5E-02));
#6168 = VECTOR('',#6169,1.);
#6169 = DIRECTION('',(0.,0.,1.));
#6170 = ORIENTED_EDGE('',*,*,#4247,.F.);
#6171 = ORIENTED_EDGE('',*,*,#6165,.F.);
#6172 = CYLINDRICAL_SURFACE('',#6173,1.5);
#6173 = AXIS2_PLACEMENT_3D('',#6174,#6175,#6176);
#6174 = CARTESIAN_POINT('',(147.8702,-112.776,-4.5E-02));
#6175 = DIRECTION('',(-0.,-0.,-1.));
#6176 = DIRECTION('',(-0.,-1.,0.));
#6177 = ADVANCED_FACE('',(#6178),#6189,.F.);
#6178 = FACE_BOUND('',#6179,.T.);
#6179 = EDGE_LOOP('',(#6180,#6181,#6187,#6188));
#6180 = ORIENTED_EDGE('',*,*,#2955,.T.);
#6181 = ORIENTED_EDGE('',*,*,#6182,.T.);
#6182 = EDGE_CURVE('',#2956,#4259,#6183,.T.);
#6183 = LINE('',#6184,#6185);
#6184 = CARTESIAN_POINT('',(105.511599,-96.588199,-4.5E-02));
#6185 = VECTOR('',#6186,1.);
#6186 = DIRECTION('',(0.,0.,1.));
#6187 = ORIENTED_EDGE('',*,*,#4258,.F.);
#6188 = ORIENTED_EDGE('',*,*,#6182,.F.);
#6189 = CYLINDRICAL_SURFACE('',#6190,0.5);
#6190 = AXIS2_PLACEMENT_3D('',#6191,#6192,#6193);
#6191 = CARTESIAN_POINT('',(105.511599,-96.088199,-4.5E-02));
#6192 = DIRECTION('',(-0.,-0.,-1.));
#6193 = DIRECTION('',(-0.,-1.,0.));
#6194 = ADVANCED_FACE('',(#6195),#6211,.F.);
#6195 = FACE_BOUND('',#6196,.T.);
#6196 = EDGE_LOOP('',(#6197,#6203,#6204,#6210));
#6197 = ORIENTED_EDGE('',*,*,#6198,.T.);
#6198 = EDGE_CURVE('',#2967,#4270,#6199,.T.);
#6199 = LINE('',#6200,#6201);
#6200 = CARTESIAN_POINT('',(118.515297,-93.550516,0.));
#6201 = VECTOR('',#6202,1.);
#6202 = DIRECTION('',(0.,0.,1.));
#6203 = ORIENTED_EDGE('',*,*,#4269,.T.);
#6204 = ORIENTED_EDGE('',*,*,#6205,.F.);
#6205 = EDGE_CURVE('',#2969,#4272,#6206,.T.);
#6206 = LINE('',#6207,#6208);
#6207 = CARTESIAN_POINT('',(116.1288,-96.0882,0.));
#6208 = VECTOR('',#6209,1.);
#6209 = DIRECTION('',(0.,0.,1.));
#6210 = ORIENTED_EDGE('',*,*,#2966,.F.);
#6211 = CYLINDRICAL_SURFACE('',#6212,2.53805593958);
#6212 = AXIS2_PLACEMENT_3D('',#6213,#6214,#6215);
#6213 = CARTESIAN_POINT('',(118.6668525352,-96.08404296298,0.));
#6214 = DIRECTION('',(-0.,-0.,-1.));
#6215 = DIRECTION('',(-5.971323675143E-02,0.998215572588,0.));
#6216 = ADVANCED_FACE('',(#6217),#6228,.T.);
#6217 = FACE_BOUND('',#6218,.T.);
#6218 = EDGE_LOOP('',(#6219,#6225,#6226,#6227));
#6219 = ORIENTED_EDGE('',*,*,#6220,.T.);
#6220 = EDGE_CURVE('',#2978,#4281,#6221,.T.);
#6221 = LINE('',#6222,#6223);
#6222 = CARTESIAN_POINT('',(118.668799,-93.548199,0.));
#6223 = VECTOR('',#6224,1.);
#6224 = DIRECTION('',(0.,0.,1.));
#6225 = ORIENTED_EDGE('',*,*,#4280,.T.);
#6226 = ORIENTED_EDGE('',*,*,#6198,.F.);
#6227 = ORIENTED_EDGE('',*,*,#2977,.F.);
#6228 = PLANE('',#6229);
#6229 = AXIS2_PLACEMENT_3D('',#6230,#6231,#6232);
#6230 = CARTESIAN_POINT('',(118.668799,-93.548199,0.));
#6231 = DIRECTION('',(1.509254665147E-02,-0.999886101031,0.));
#6232 = DIRECTION('',(-0.999886101031,-1.509254665147E-02,0.));
#6233 = ADVANCED_FACE('',(#6234),#6245,.T.);
#6234 = FACE_BOUND('',#6235,.T.);
#6235 = EDGE_LOOP('',(#6236,#6237,#6238,#6244));
#6236 = ORIENTED_EDGE('',*,*,#6205,.T.);
#6237 = ORIENTED_EDGE('',*,*,#4379,.T.);
#6238 = ORIENTED_EDGE('',*,*,#6239,.F.);
#6239 = EDGE_CURVE('',#3069,#4372,#6240,.T.);
#6240 = LINE('',#6241,#6242);
#6241 = CARTESIAN_POINT('',(116.128799,-101.1174,0.));
#6242 = VECTOR('',#6243,1.);
#6243 = DIRECTION('',(0.,0.,1.));
#6244 = ORIENTED_EDGE('',*,*,#3076,.F.);
#6245 = PLANE('',#6246);
#6246 = AXIS2_PLACEMENT_3D('',#6247,#6248,#6249);
#6247 = CARTESIAN_POINT('',(116.1288,-96.0882,0.));
#6248 = DIRECTION('',(1.,-1.988387810139E-07,0.));
#6249 = DIRECTION('',(-1.988387810139E-07,-1.,0.));
#6250 = ADVANCED_FACE('',(#6251),#6262,.T.);
#6251 = FACE_BOUND('',#6252,.T.);
#6252 = EDGE_LOOP('',(#6253,#6259,#6260,#6261));
#6253 = ORIENTED_EDGE('',*,*,#6254,.T.);
#6254 = EDGE_CURVE('',#2986,#4289,#6255,.T.);
#6255 = LINE('',#6256,#6257);
#6256 = CARTESIAN_POINT('',(141.224,-93.5482,0.));
#6257 = VECTOR('',#6258,1.);
#6258 = DIRECTION('',(0.,0.,1.));
#6259 = ORIENTED_EDGE('',*,*,#4288,.T.);
#6260 = ORIENTED_EDGE('',*,*,#6220,.F.);
#6261 = ORIENTED_EDGE('',*,*,#2985,.F.);
#6262 = PLANE('',#6263);
#6263 = AXIS2_PLACEMENT_3D('',#6264,#6265,#6266);
#6264 = CARTESIAN_POINT('',(141.224,-93.5482,0.));
#6265 = DIRECTION('',(-4.433567217935E-08,-1.,0.));
#6266 = DIRECTION('',(-1.,4.433567217935E-08,0.));
#6267 = ADVANCED_FACE('',(#6268),#6279,.T.);
#6268 = FACE_BOUND('',#6269,.T.);
#6269 = EDGE_LOOP('',(#6270,#6271,#6272,#6278));
#6270 = ORIENTED_EDGE('',*,*,#6239,.T.);
#6271 = ORIENTED_EDGE('',*,*,#4371,.T.);
#6272 = ORIENTED_EDGE('',*,*,#6273,.F.);
#6273 = EDGE_CURVE('',#3061,#4364,#6274,.T.);
#6274 = LINE('',#6275,#6276);
#6275 = CARTESIAN_POINT('',(116.1288,-106.146601,0.));
#6276 = VECTOR('',#6277,1.);
#6277 = DIRECTION('',(0.,0.,1.));
#6278 = ORIENTED_EDGE('',*,*,#3068,.F.);
#6279 = PLANE('',#6280);
#6280 = AXIS2_PLACEMENT_3D('',#6281,#6282,#6283);
#6281 = CARTESIAN_POINT('',(116.128799,-101.1174,0.));
#6282 = DIRECTION('',(1.,1.988387414771E-07,-0.));
#6283 = DIRECTION('',(1.988387414771E-07,-1.,0.));
#6284 = ADVANCED_FACE('',(#6285),#6296,.F.);
#6285 = FACE_BOUND('',#6286,.T.);
#6286 = EDGE_LOOP('',(#6287,#6293,#6294,#6295));
#6287 = ORIENTED_EDGE('',*,*,#6288,.T.);
#6288 = EDGE_CURVE('',#2994,#4297,#6289,.T.);
#6289 = LINE('',#6290,#6291);
#6290 = CARTESIAN_POINT('',(143.761683,-95.934697,0.));
#6291 = VECTOR('',#6292,1.);
#6292 = DIRECTION('',(0.,0.,1.));
#6293 = ORIENTED_EDGE('',*,*,#4296,.T.);
#6294 = ORIENTED_EDGE('',*,*,#6254,.F.);
#6295 = ORIENTED_EDGE('',*,*,#2993,.F.);
#6296 = CYLINDRICAL_SURFACE('',#6297,2.538057880272);
#6297 = AXIS2_PLACEMENT_3D('',#6298,#6299,#6300);
#6298 = CARTESIAN_POINT('',(141.22815420922,-96.08625448053,0.));
#6299 = DIRECTION('',(-0.,-0.,-1.));
#6300 = DIRECTION('',(0.998215529469,5.971395755447E-02,-0.));
#6301 = ADVANCED_FACE('',(#6302),#6313,.T.);
#6302 = FACE_BOUND('',#6303,.T.);
#6303 = EDGE_LOOP('',(#6304,#6305,#6306,#6312));
#6304 = ORIENTED_EDGE('',*,*,#6273,.T.);
#6305 = ORIENTED_EDGE('',*,*,#4363,.T.);
#6306 = ORIENTED_EDGE('',*,*,#6307,.F.);
#6307 = EDGE_CURVE('',#3052,#4355,#6308,.T.);
#6308 = LINE('',#6309,#6310);
#6309 = CARTESIAN_POINT('',(116.131117,-106.300103,0.));
#6310 = VECTOR('',#6311,1.);
#6311 = DIRECTION('',(0.,0.,1.));
#6312 = ORIENTED_EDGE('',*,*,#3060,.F.);
#6313 = PLANE('',#6314);
#6314 = AXIS2_PLACEMENT_3D('',#6315,#6316,#6317);
#6315 = CARTESIAN_POINT('',(116.1288,-106.146601,0.));
#6316 = DIRECTION('',(0.999886101031,1.509254665147E-02,-0.));
#6317 = DIRECTION('',(1.509254665147E-02,-0.999886101031,0.));
#6318 = ADVANCED_FACE('',(#6319),#6330,.T.);
#6319 = FACE_BOUND('',#6320,.T.);
#6320 = EDGE_LOOP('',(#6321,#6327,#6328,#6329));
#6321 = ORIENTED_EDGE('',*,*,#6322,.T.);
#6322 = EDGE_CURVE('',#3003,#4306,#6323,.T.);
#6323 = LINE('',#6324,#6325);
#6324 = CARTESIAN_POINT('',(143.764,-96.088199,0.));
#6325 = VECTOR('',#6326,1.);
#6326 = DIRECTION('',(0.,0.,1.));
#6327 = ORIENTED_EDGE('',*,*,#4305,.T.);
#6328 = ORIENTED_EDGE('',*,*,#6288,.F.);
#6329 = ORIENTED_EDGE('',*,*,#3002,.F.);
#6330 = PLANE('',#6331);
#6331 = AXIS2_PLACEMENT_3D('',#6332,#6333,#6334);
#6332 = CARTESIAN_POINT('',(143.764,-96.088199,0.));
#6333 = DIRECTION('',(-0.999886101031,-1.509254665147E-02,0.));
#6334 = DIRECTION('',(-1.509254665147E-02,0.999886101031,0.));
#6335 = ADVANCED_FACE('',(#6336),#6347,.F.);
#6336 = FACE_BOUND('',#6337,.T.);
#6337 = EDGE_LOOP('',(#6338,#6339,#6340,#6346));
#6338 = ORIENTED_EDGE('',*,*,#6307,.T.);
#6339 = ORIENTED_EDGE('',*,*,#4354,.T.);
#6340 = ORIENTED_EDGE('',*,*,#6341,.F.);
#6341 = EDGE_CURVE('',#3044,#4347,#6342,.T.);
#6342 = LINE('',#6343,#6344);
#6343 = CARTESIAN_POINT('',(118.6688,-108.6866,0.));
#6344 = VECTOR('',#6345,1.);
#6345 = DIRECTION('',(0.,0.,1.));
#6346 = ORIENTED_EDGE('',*,*,#3051,.F.);
#6347 = CYLINDRICAL_SURFACE('',#6348,2.538057880272);
#6348 = AXIS2_PLACEMENT_3D('',#6349,#6350,#6351);
#6349 = CARTESIAN_POINT('',(118.66464579077,-106.1485455194,0.));
#6350 = DIRECTION('',(-0.,-0.,-1.));
#6351 = DIRECTION('',(-0.998215529469,-5.971395755446E-02,0.));
#6352 = ADVANCED_FACE('',(#6353),#6364,.T.);
#6353 = FACE_BOUND('',#6354,.T.);
#6354 = EDGE_LOOP('',(#6355,#6361,#6362,#6363));
#6355 = ORIENTED_EDGE('',*,*,#6356,.T.);
#6356 = EDGE_CURVE('',#3011,#4314,#6357,.T.);
#6357 = LINE('',#6358,#6359);
#6358 = CARTESIAN_POINT('',(143.763999,-101.1174,0.));
#6359 = VECTOR('',#6360,1.);
#6360 = DIRECTION('',(0.,0.,1.));
#6361 = ORIENTED_EDGE('',*,*,#4313,.T.);
#6362 = ORIENTED_EDGE('',*,*,#6322,.F.);
#6363 = ORIENTED_EDGE('',*,*,#3010,.F.);
#6364 = PLANE('',#6365);
#6365 = AXIS2_PLACEMENT_3D('',#6366,#6367,#6368);
#6366 = CARTESIAN_POINT('',(143.763999,-101.1174,0.));
#6367 = DIRECTION('',(-1.,1.988387414771E-07,0.));
#6368 = DIRECTION('',(1.988387414771E-07,1.,0.));
#6369 = ADVANCED_FACE('',(#6370),#6381,.T.);
#6370 = FACE_BOUND('',#6371,.T.);
#6371 = EDGE_LOOP('',(#6372,#6373,#6374,#6380));
#6372 = ORIENTED_EDGE('',*,*,#6341,.T.);
#6373 = ORIENTED_EDGE('',*,*,#4346,.T.);
#6374 = ORIENTED_EDGE('',*,*,#6375,.F.);
#6375 = EDGE_CURVE('',#3036,#4339,#6376,.T.);
#6376 = LINE('',#6377,#6378);
#6377 = CARTESIAN_POINT('',(141.224001,-108.6866,0.));
#6378 = VECTOR('',#6379,1.);
#6379 = DIRECTION('',(0.,0.,1.));
#6380 = ORIENTED_EDGE('',*,*,#3043,.F.);
#6381 = PLANE('',#6382);
#6382 = AXIS2_PLACEMENT_3D('',#6383,#6384,#6385);
#6383 = CARTESIAN_POINT('',(118.6688,-108.6866,0.));
#6384 = DIRECTION('',(0.,1.,0.));
#6385 = DIRECTION('',(1.,0.,0.));
#6386 = ADVANCED_FACE('',(#6387),#6398,.T.);
#6387 = FACE_BOUND('',#6388,.T.);
#6388 = EDGE_LOOP('',(#6389,#6395,#6396,#6397));
#6389 = ORIENTED_EDGE('',*,*,#6390,.T.);
#6390 = EDGE_CURVE('',#3019,#4322,#6391,.T.);
#6391 = LINE('',#6392,#6393);
#6392 = CARTESIAN_POINT('',(143.764,-106.1466,0.));
#6393 = VECTOR('',#6394,1.);
#6394 = DIRECTION('',(0.,0.,1.));
#6395 = ORIENTED_EDGE('',*,*,#4321,.T.);
#6396 = ORIENTED_EDGE('',*,*,#6356,.F.);
#6397 = ORIENTED_EDGE('',*,*,#3018,.F.);
#6398 = PLANE('',#6399);
#6399 = AXIS2_PLACEMENT_3D('',#6400,#6401,#6402);
#6400 = CARTESIAN_POINT('',(143.764,-106.1466,0.));
#6401 = DIRECTION('',(-1.,-1.988387810139E-07,0.));
#6402 = DIRECTION('',(-1.988387810139E-07,1.,0.));
#6403 = ADVANCED_FACE('',(#6404),#6415,.T.);
#6404 = FACE_BOUND('',#6405,.T.);
#6405 = EDGE_LOOP('',(#6406,#6407,#6408,#6414));
#6406 = ORIENTED_EDGE('',*,*,#6375,.T.);
#6407 = ORIENTED_EDGE('',*,*,#4338,.T.);
#6408 = ORIENTED_EDGE('',*,*,#6409,.F.);
#6409 = EDGE_CURVE('',#3027,#4330,#6410,.T.);
#6410 = LINE('',#6411,#6412);
#6411 = CARTESIAN_POINT('',(141.377503,-108.684283,0.));
#6412 = VECTOR('',#6413,1.);
#6413 = DIRECTION('',(0.,0.,1.));
#6414 = ORIENTED_EDGE('',*,*,#3035,.F.);
#6415 = PLANE('',#6416);
#6416 = AXIS2_PLACEMENT_3D('',#6417,#6418,#6419);
#6417 = CARTESIAN_POINT('',(141.224001,-108.6866,0.));
#6418 = DIRECTION('',(-1.509254665147E-02,0.999886101031,0.));
#6419 = DIRECTION('',(0.999886101031,1.509254665147E-02,0.));
#6420 = ADVANCED_FACE('',(#6421),#6427,.F.);
#6421 = FACE_BOUND('',#6422,.T.);
#6422 = EDGE_LOOP('',(#6423,#6424,#6425,#6426));
#6423 = ORIENTED_EDGE('',*,*,#6409,.T.);
#6424 = ORIENTED_EDGE('',*,*,#4329,.T.);
#6425 = ORIENTED_EDGE('',*,*,#6390,.F.);
#6426 = ORIENTED_EDGE('',*,*,#3026,.F.);
#6427 = CYLINDRICAL_SURFACE('',#6428,2.538057880272);
#6428 = AXIS2_PLACEMENT_3D('',#6429,#6430,#6431);
#6429 = CARTESIAN_POINT('',(141.22594551946,-106.1507542092,0.));
#6430 = DIRECTION('',(-0.,-0.,-1.));
#6431 = DIRECTION('',(5.971395755446E-02,-0.998215529469,0.));
#6432 = ADVANCED_FACE('',(#6433),#6444,.F.);
#6433 = FACE_BOUND('',#6434,.T.);
#6434 = EDGE_LOOP('',(#6435,#6436,#6442,#6443));
#6435 = ORIENTED_EDGE('',*,*,#3084,.T.);
#6436 = ORIENTED_EDGE('',*,*,#6437,.T.);
#6437 = EDGE_CURVE('',#3085,#4388,#6438,.T.);
#6438 = LINE('',#6439,#6440);
#6439 = CARTESIAN_POINT('',(154.1866,-114.276,-4.5E-02));
#6440 = VECTOR('',#6441,1.);
#6441 = DIRECTION('',(0.,0.,1.));
#6442 = ORIENTED_EDGE('',*,*,#4387,.F.);
#6443 = ORIENTED_EDGE('',*,*,#6437,.F.);
#6444 = CYLINDRICAL_SURFACE('',#6445,1.5);
#6445 = AXIS2_PLACEMENT_3D('',#6446,#6447,#6448);
#6446 = CARTESIAN_POINT('',(154.1866,-112.776,-4.5E-02));
#6447 = DIRECTION('',(-0.,-0.,-1.));
#6448 = DIRECTION('',(-0.,-1.,0.));
#6449 = ADVANCED_FACE('',(#6450),#6461,.F.);
#6450 = FACE_BOUND('',#6451,.T.);
#6451 = EDGE_LOOP('',(#6452,#6453,#6459,#6460));
#6452 = ORIENTED_EDGE('',*,*,#3095,.T.);
#6453 = ORIENTED_EDGE('',*,*,#6454,.T.);
#6454 = EDGE_CURVE('',#3096,#4399,#6455,.T.);
#6455 = LINE('',#6456,#6457);
#6456 = CARTESIAN_POINT('',(184.8358,-127.9786,-4.5E-02));
#6457 = VECTOR('',#6458,1.);
#6458 = DIRECTION('',(0.,0.,1.));
#6459 = ORIENTED_EDGE('',*,*,#4398,.F.);
#6460 = ORIENTED_EDGE('',*,*,#6454,.F.);
#6461 = CYLINDRICAL_SURFACE('',#6462,0.75);
#6462 = AXIS2_PLACEMENT_3D('',#6463,#6464,#6465);
#6463 = CARTESIAN_POINT('',(184.8358,-127.2286,-4.5E-02));
#6464 = DIRECTION('',(-0.,-0.,-1.));
#6465 = DIRECTION('',(-0.,-1.,0.));
#6466 = ADVANCED_FACE('',(#6467),#6478,.F.);
#6467 = FACE_BOUND('',#6468,.T.);
#6468 = EDGE_LOOP('',(#6469,#6470,#6476,#6477));
#6469 = ORIENTED_EDGE('',*,*,#3106,.T.);
#6470 = ORIENTED_EDGE('',*,*,#6471,.T.);
#6471 = EDGE_CURVE('',#3107,#4410,#6472,.T.);
#6472 = LINE('',#6473,#6474);
#6473 = CARTESIAN_POINT('',(188.6204,-127.9786,-4.5E-02));
#6474 = VECTOR('',#6475,1.);
#6475 = DIRECTION('',(0.,0.,1.));
#6476 = ORIENTED_EDGE('',*,*,#4409,.F.);
#6477 = ORIENTED_EDGE('',*,*,#6471,.F.);
#6478 = CYLINDRICAL_SURFACE('',#6479,0.75);
#6479 = AXIS2_PLACEMENT_3D('',#6480,#6481,#6482);
#6480 = CARTESIAN_POINT('',(188.6204,-127.2286,-4.5E-02));
#6481 = DIRECTION('',(-0.,-0.,-1.));
#6482 = DIRECTION('',(-0.,-1.,0.));
#6483 = ADVANCED_FACE('',(#6484),#6495,.F.);
#6484 = FACE_BOUND('',#6485,.T.);
#6485 = EDGE_LOOP('',(#6486,#6487,#6493,#6494));
#6486 = ORIENTED_EDGE('',*,*,#3117,.T.);
#6487 = ORIENTED_EDGE('',*,*,#6488,.T.);
#6488 = EDGE_CURVE('',#3118,#4421,#6489,.T.);
#6489 = LINE('',#6490,#6491);
#6490 = CARTESIAN_POINT('',(190.1866,-114.276,-4.5E-02));
#6491 = VECTOR('',#6492,1.);
#6492 = DIRECTION('',(0.,0.,1.));
#6493 = ORIENTED_EDGE('',*,*,#4420,.F.);
#6494 = ORIENTED_EDGE('',*,*,#6488,.F.);
#6495 = CYLINDRICAL_SURFACE('',#6496,1.5);
#6496 = AXIS2_PLACEMENT_3D('',#6497,#6498,#6499);
#6497 = CARTESIAN_POINT('',(190.1866,-112.776,-4.5E-02));
#6498 = DIRECTION('',(-0.,-0.,-1.));
#6499 = DIRECTION('',(-0.,-1.,0.));
#6500 = ADVANCED_FACE('',(#6501),#6517,.F.);
#6501 = FACE_BOUND('',#6502,.T.);
#6502 = EDGE_LOOP('',(#6503,#6509,#6510,#6516));
#6503 = ORIENTED_EDGE('',*,*,#6504,.T.);
#6504 = EDGE_CURVE('',#3129,#4432,#6505,.T.);
#6505 = LINE('',#6506,#6507);
#6506 = CARTESIAN_POINT('',(160.832799,-93.548199,0.));
#6507 = VECTOR('',#6508,1.);
#6508 = DIRECTION('',(0.,0.,1.));
#6509 = ORIENTED_EDGE('',*,*,#4431,.T.);
#6510 = ORIENTED_EDGE('',*,*,#6511,.F.);
#6511 = EDGE_CURVE('',#3131,#4434,#6512,.T.);
#6512 = LINE('',#6513,#6514);
#6513 = CARTESIAN_POINT('',(158.295117,-95.934698,0.));
#6514 = VECTOR('',#6515,1.);
#6515 = DIRECTION('',(0.,0.,1.));
#6516 = ORIENTED_EDGE('',*,*,#3128,.F.);
#6517 = CYLINDRICAL_SURFACE('',#6518,2.538059718458);
#6518 = AXIS2_PLACEMENT_3D('',#6519,#6520,#6521);
#6519 = CARTESIAN_POINT('',(160.82864764165,-96.08625532338,0.));
#6520 = DIRECTION('',(-0.,-0.,-1.));
#6521 = DIRECTION('',(1.635642501983E-03,0.999998662336,-0.));
#6522 = ADVANCED_FACE('',(#6523),#6534,.T.);
#6523 = FACE_BOUND('',#6524,.T.);
#6524 = EDGE_LOOP('',(#6525,#6531,#6532,#6533));
#6525 = ORIENTED_EDGE('',*,*,#6526,.T.);
#6526 = EDGE_CURVE('',#3140,#4443,#6527,.T.);
#6527 = LINE('',#6528,#6529);
#6528 = CARTESIAN_POINT('',(183.388,-93.5482,0.));
#6529 = VECTOR('',#6530,1.);
#6530 = DIRECTION('',(0.,0.,1.));
#6531 = ORIENTED_EDGE('',*,*,#4442,.T.);
#6532 = ORIENTED_EDGE('',*,*,#6504,.F.);
#6533 = ORIENTED_EDGE('',*,*,#3139,.F.);
#6534 = PLANE('',#6535);
#6535 = AXIS2_PLACEMENT_3D('',#6536,#6537,#6538);
#6536 = CARTESIAN_POINT('',(183.388,-93.5482,0.));
#6537 = DIRECTION('',(-4.433567217935E-08,-1.,0.));
#6538 = DIRECTION('',(-1.,4.433567217935E-08,0.));
#6539 = ADVANCED_FACE('',(#6540),#6551,.T.);
#6540 = FACE_BOUND('',#6541,.T.);
#6541 = EDGE_LOOP('',(#6542,#6543,#6544,#6550));
#6542 = ORIENTED_EDGE('',*,*,#6511,.T.);
#6543 = ORIENTED_EDGE('',*,*,#4541,.T.);
#6544 = ORIENTED_EDGE('',*,*,#6545,.F.);
#6545 = EDGE_CURVE('',#3231,#4534,#6546,.T.);
#6546 = LINE('',#6547,#6548);
#6547 = CARTESIAN_POINT('',(158.2928,-96.0882,0.));
#6548 = VECTOR('',#6549,1.);
#6549 = DIRECTION('',(0.,0.,1.));
#6550 = ORIENTED_EDGE('',*,*,#3238,.F.);
#6551 = PLANE('',#6552);
#6552 = AXIS2_PLACEMENT_3D('',#6553,#6554,#6555);
#6553 = CARTESIAN_POINT('',(158.295117,-95.934698,0.));
#6554 = DIRECTION('',(0.999886101031,-1.509254665147E-02,0.));
#6555 = DIRECTION('',(-1.509254665147E-02,-0.999886101031,0.));
#6556 = ADVANCED_FACE('',(#6557),#6568,.T.);
#6557 = FACE_BOUND('',#6558,.T.);
#6558 = EDGE_LOOP('',(#6559,#6565,#6566,#6567));
#6559 = ORIENTED_EDGE('',*,*,#6560,.T.);
#6560 = EDGE_CURVE('',#3148,#4451,#6561,.T.);
#6561 = LINE('',#6562,#6563);
#6562 = CARTESIAN_POINT('',(183.541502,-93.550517,0.));
#6563 = VECTOR('',#6564,1.);
#6564 = DIRECTION('',(0.,0.,1.));
#6565 = ORIENTED_EDGE('',*,*,#4450,.T.);
#6566 = ORIENTED_EDGE('',*,*,#6526,.F.);
#6567 = ORIENTED_EDGE('',*,*,#3147,.F.);
#6568 = PLANE('',#6569);
#6569 = AXIS2_PLACEMENT_3D('',#6570,#6571,#6572);
#6570 = CARTESIAN_POINT('',(183.541502,-93.550517,0.));
#6571 = DIRECTION('',(-1.509254665147E-02,-0.999886101031,0.));
#6572 = DIRECTION('',(-0.999886101031,1.509254665147E-02,0.));
#6573 = ADVANCED_FACE('',(#6574),#6585,.T.);
#6574 = FACE_BOUND('',#6575,.T.);
#6575 = EDGE_LOOP('',(#6576,#6577,#6578,#6584));
#6576 = ORIENTED_EDGE('',*,*,#6545,.T.);
#6577 = ORIENTED_EDGE('',*,*,#4533,.T.);
#6578 = ORIENTED_EDGE('',*,*,#6579,.F.);
#6579 = EDGE_CURVE('',#3223,#4526,#6580,.T.);
#6580 = LINE('',#6581,#6582);
#6581 = CARTESIAN_POINT('',(158.292799,-101.1174,0.));
#6582 = VECTOR('',#6583,1.);
#6583 = DIRECTION('',(0.,0.,1.));
#6584 = ORIENTED_EDGE('',*,*,#3230,.F.);
#6585 = PLANE('',#6586);
#6586 = AXIS2_PLACEMENT_3D('',#6587,#6588,#6589);
#6587 = CARTESIAN_POINT('',(158.2928,-96.0882,0.));
#6588 = DIRECTION('',(1.,-1.988387810139E-07,0.));
#6589 = DIRECTION('',(-1.988387810139E-07,-1.,0.));
#6590 = ADVANCED_FACE('',(#6591),#6602,.F.);
#6591 = FACE_BOUND('',#6592,.T.);
#6592 = EDGE_LOOP('',(#6593,#6599,#6600,#6601));
#6593 = ORIENTED_EDGE('',*,*,#6594,.T.);
#6594 = EDGE_CURVE('',#3156,#4459,#6595,.T.);
#6595 = LINE('',#6596,#6597);
#6596 = CARTESIAN_POINT('',(185.928,-96.088199,0.));
#6597 = VECTOR('',#6598,1.);
#6598 = DIRECTION('',(0.,0.,1.));
#6599 = ORIENTED_EDGE('',*,*,#4458,.T.);
#6600 = ORIENTED_EDGE('',*,*,#6560,.F.);
#6601 = ORIENTED_EDGE('',*,*,#3155,.F.);
#6602 = CYLINDRICAL_SURFACE('',#6603,2.538057884246);
#6603 = AXIS2_PLACEMENT_3D('',#6604,#6605,#6606);
#6604 = CARTESIAN_POINT('',(183.38994551375,-96.08404585423,0.));
#6605 = DIRECTION('',(-0.,-0.,-1.));
#6606 = DIRECTION('',(0.999998661182,-1.636347928728E-03,0.));
#6607 = ADVANCED_FACE('',(#6608),#6619,.T.);
#6608 = FACE_BOUND('',#6609,.T.);
#6609 = EDGE_LOOP('',(#6610,#6611,#6612,#6618));
#6610 = ORIENTED_EDGE('',*,*,#6579,.T.);
#6611 = ORIENTED_EDGE('',*,*,#4525,.T.);
#6612 = ORIENTED_EDGE('',*,*,#6613,.F.);
#6613 = EDGE_CURVE('',#3214,#4517,#6614,.T.);
#6614 = LINE('',#6615,#6616);
#6615 = CARTESIAN_POINT('',(158.2928,-106.146601,0.));
#6616 = VECTOR('',#6617,1.);
#6617 = DIRECTION('',(0.,0.,1.));
#6618 = ORIENTED_EDGE('',*,*,#3222,.F.);
#6619 = PLANE('',#6620);
#6620 = AXIS2_PLACEMENT_3D('',#6621,#6622,#6623);
#6621 = CARTESIAN_POINT('',(158.292799,-101.1174,0.));
#6622 = DIRECTION('',(1.,1.988387414771E-07,-0.));
#6623 = DIRECTION('',(1.988387414771E-07,-1.,0.));
#6624 = ADVANCED_FACE('',(#6625),#6636,.T.);
#6625 = FACE_BOUND('',#6626,.T.);
#6626 = EDGE_LOOP('',(#6627,#6633,#6634,#6635));
#6627 = ORIENTED_EDGE('',*,*,#6628,.T.);
#6628 = EDGE_CURVE('',#3165,#4468,#6629,.T.);
#6629 = LINE('',#6630,#6631);
#6630 = CARTESIAN_POINT('',(185.927999,-101.1174,0.));
#6631 = VECTOR('',#6632,1.);
#6632 = DIRECTION('',(0.,0.,1.));
#6633 = ORIENTED_EDGE('',*,*,#4467,.T.);
#6634 = ORIENTED_EDGE('',*,*,#6594,.F.);
#6635 = ORIENTED_EDGE('',*,*,#3164,.F.);
#6636 = PLANE('',#6637);
#6637 = AXIS2_PLACEMENT_3D('',#6638,#6639,#6640);
#6638 = CARTESIAN_POINT('',(185.927999,-101.1174,0.));
#6639 = DIRECTION('',(-1.,1.988387414771E-07,0.));
#6640 = DIRECTION('',(1.988387414771E-07,1.,0.));
#6641 = ADVANCED_FACE('',(#6642),#6653,.F.);
#6642 = FACE_BOUND('',#6643,.T.);
#6643 = EDGE_LOOP('',(#6644,#6645,#6646,#6652));
#6644 = ORIENTED_EDGE('',*,*,#6613,.T.);
#6645 = ORIENTED_EDGE('',*,*,#4516,.T.);
#6646 = ORIENTED_EDGE('',*,*,#6647,.F.);
#6647 = EDGE_CURVE('',#3206,#4509,#6648,.T.);
#6648 = LINE('',#6649,#6650);
#6649 = CARTESIAN_POINT('',(160.679298,-108.684283,0.));
#6650 = VECTOR('',#6651,1.);
#6651 = DIRECTION('',(0.,0.,1.));
#6652 = ORIENTED_EDGE('',*,*,#3213,.F.);
#6653 = CYLINDRICAL_SURFACE('',#6654,2.538057884245);
#6654 = AXIS2_PLACEMENT_3D('',#6655,#6656,#6657);
#6655 = CARTESIAN_POINT('',(160.83085448624,-106.1507541457,0.));
#6656 = DIRECTION('',(-0.,-0.,-1.));
#6657 = DIRECTION('',(-0.999998661182,1.636347928733E-03,0.));
#6658 = ADVANCED_FACE('',(#6659),#6670,.T.);
#6659 = FACE_BOUND('',#6660,.T.);
#6660 = EDGE_LOOP('',(#6661,#6667,#6668,#6669));
#6661 = ORIENTED_EDGE('',*,*,#6662,.T.);
#6662 = EDGE_CURVE('',#3173,#4476,#6663,.T.);
#6663 = LINE('',#6664,#6665);
#6664 = CARTESIAN_POINT('',(185.928,-106.1466,0.));
#6665 = VECTOR('',#6666,1.);
#6666 = DIRECTION('',(0.,0.,1.));
#6667 = ORIENTED_EDGE('',*,*,#4475,.T.);
#6668 = ORIENTED_EDGE('',*,*,#6628,.F.);
#6669 = ORIENTED_EDGE('',*,*,#3172,.F.);
#6670 = PLANE('',#6671);
#6671 = AXIS2_PLACEMENT_3D('',#6672,#6673,#6674);
#6672 = CARTESIAN_POINT('',(185.928,-106.1466,0.));
#6673 = DIRECTION('',(-1.,-1.988387810139E-07,0.));
#6674 = DIRECTION('',(-1.988387810139E-07,1.,0.));
#6675 = ADVANCED_FACE('',(#6676),#6687,.T.);
#6676 = FACE_BOUND('',#6677,.T.);
#6677 = EDGE_LOOP('',(#6678,#6679,#6680,#6686));
#6678 = ORIENTED_EDGE('',*,*,#6647,.T.);
#6679 = ORIENTED_EDGE('',*,*,#4508,.T.);
#6680 = ORIENTED_EDGE('',*,*,#6681,.F.);
#6681 = EDGE_CURVE('',#3198,#4501,#6682,.T.);
#6682 = LINE('',#6683,#6684);
#6683 = CARTESIAN_POINT('',(160.8328,-108.6866,0.));
#6684 = VECTOR('',#6685,1.);
#6685 = DIRECTION('',(0.,0.,1.));
#6686 = ORIENTED_EDGE('',*,*,#3205,.F.);
#6687 = PLANE('',#6688);
#6688 = AXIS2_PLACEMENT_3D('',#6689,#6690,#6691);
#6689 = CARTESIAN_POINT('',(160.679298,-108.684283,0.));
#6690 = DIRECTION('',(1.509254665147E-02,0.999886101031,-0.));
#6691 = DIRECTION('',(0.999886101031,-1.509254665147E-02,0.));
#6692 = ADVANCED_FACE('',(#6693),#6704,.T.);
#6693 = FACE_BOUND('',#6694,.T.);
#6694 = EDGE_LOOP('',(#6695,#6701,#6702,#6703));
#6695 = ORIENTED_EDGE('',*,*,#6696,.T.);
#6696 = EDGE_CURVE('',#3181,#4484,#6697,.T.);
#6697 = LINE('',#6698,#6699);
#6698 = CARTESIAN_POINT('',(185.925683,-106.300102,0.));
#6699 = VECTOR('',#6700,1.);
#6700 = DIRECTION('',(0.,0.,1.));
#6701 = ORIENTED_EDGE('',*,*,#4483,.T.);
#6702 = ORIENTED_EDGE('',*,*,#6662,.F.);
#6703 = ORIENTED_EDGE('',*,*,#3180,.F.);
#6704 = PLANE('',#6705);
#6705 = AXIS2_PLACEMENT_3D('',#6706,#6707,#6708);
#6706 = CARTESIAN_POINT('',(185.925683,-106.300102,0.));
#6707 = DIRECTION('',(-0.999886101031,1.509254665147E-02,0.));
#6708 = DIRECTION('',(1.509254665147E-02,0.999886101031,0.));
#6709 = ADVANCED_FACE('',(#6710),#6721,.T.);
#6710 = FACE_BOUND('',#6711,.T.);
#6711 = EDGE_LOOP('',(#6712,#6713,#6714,#6720));
#6712 = ORIENTED_EDGE('',*,*,#6681,.T.);
#6713 = ORIENTED_EDGE('',*,*,#4500,.T.);
#6714 = ORIENTED_EDGE('',*,*,#6715,.F.);
#6715 = EDGE_CURVE('',#3189,#4492,#6716,.T.);
#6716 = LINE('',#6717,#6718);
#6717 = CARTESIAN_POINT('',(183.388001,-108.6866,0.));
#6718 = VECTOR('',#6719,1.);
#6719 = DIRECTION('',(0.,0.,1.));
#6720 = ORIENTED_EDGE('',*,*,#3197,.F.);
#6721 = PLANE('',#6722);
#6722 = AXIS2_PLACEMENT_3D('',#6723,#6724,#6725);
#6723 = CARTESIAN_POINT('',(160.8328,-108.6866,0.));
#6724 = DIRECTION('',(0.,1.,0.));
#6725 = DIRECTION('',(1.,0.,0.));
#6726 = ADVANCED_FACE('',(#6727),#6733,.F.);
#6727 = FACE_BOUND('',#6728,.T.);
#6728 = EDGE_LOOP('',(#6729,#6730,#6731,#6732));
#6729 = ORIENTED_EDGE('',*,*,#6715,.T.);
#6730 = ORIENTED_EDGE('',*,*,#4491,.T.);
#6731 = ORIENTED_EDGE('',*,*,#6696,.F.);
#6732 = ORIENTED_EDGE('',*,*,#3188,.F.);
#6733 = CYLINDRICAL_SURFACE('',#6734,2.538057884246);
#6734 = AXIS2_PLACEMENT_3D('',#6735,#6736,#6737);
#6735 = CARTESIAN_POINT('',(183.39215414576,-106.1485455137,0.));
#6736 = DIRECTION('',(-0.,-0.,-1.));
#6737 = DIRECTION('',(-1.636347928716E-03,-0.999998661182,0.));
#6738 = ADVANCED_FACE('',(#6739),#6750,.F.);
#6739 = FACE_BOUND('',#6740,.T.);
#6740 = EDGE_LOOP('',(#6741,#6742,#6748,#6749));
#6741 = ORIENTED_EDGE('',*,*,#3246,.T.);
#6742 = ORIENTED_EDGE('',*,*,#6743,.T.);
#6743 = EDGE_CURVE('',#3247,#4550,#6744,.T.);
#6744 = LINE('',#6745,#6746);
#6745 = CARTESIAN_POINT('',(196.545201,-96.588201,-4.5E-02));
#6746 = VECTOR('',#6747,1.);
#6747 = DIRECTION('',(0.,0.,1.));
#6748 = ORIENTED_EDGE('',*,*,#4549,.F.);
#6749 = ORIENTED_EDGE('',*,*,#6743,.F.);
#6750 = CYLINDRICAL_SURFACE('',#6751,0.5);
#6751 = AXIS2_PLACEMENT_3D('',#6752,#6753,#6754);
#6752 = CARTESIAN_POINT('',(196.545201,-96.088201,-4.5E-02));
#6753 = DIRECTION('',(-0.,-0.,-1.));
#6754 = DIRECTION('',(-0.,-1.,0.));
#6755 = ADVANCED_FACE('',(#6756),#6767,.F.);
#6756 = FACE_BOUND('',#6757,.T.);
#6757 = EDGE_LOOP('',(#6758,#6759,#6765,#6766));
#6758 = ORIENTED_EDGE('',*,*,#3257,.T.);
#6759 = ORIENTED_EDGE('',*,*,#6760,.T.);
#6760 = EDGE_CURVE('',#3258,#4561,#6761,.T.);
#6761 = LINE('',#6762,#6763);
#6762 = CARTESIAN_POINT('',(111.8702,-90.9588,-4.5E-02));
#6763 = VECTOR('',#6764,1.);
#6764 = DIRECTION('',(0.,0.,1.));
#6765 = ORIENTED_EDGE('',*,*,#4560,.F.);
#6766 = ORIENTED_EDGE('',*,*,#6760,.F.);
#6767 = CYLINDRICAL_SURFACE('',#6768,1.5);
#6768 = AXIS2_PLACEMENT_3D('',#6769,#6770,#6771);
#6769 = CARTESIAN_POINT('',(111.8702,-89.4588,-4.5E-02));
#6770 = DIRECTION('',(-0.,-0.,-1.));
#6771 = DIRECTION('',(-0.,-1.,0.));
#6772 = ADVANCED_FACE('',(#6773),#6784,.F.);
#6773 = FACE_BOUND('',#6774,.T.);
#6774 = EDGE_LOOP('',(#6775,#6776,#6782,#6783));
#6775 = ORIENTED_EDGE('',*,*,#3268,.T.);
#6776 = ORIENTED_EDGE('',*,*,#6777,.T.);
#6777 = EDGE_CURVE('',#3269,#4572,#6778,.T.);
#6778 = LINE('',#6779,#6780);
#6779 = CARTESIAN_POINT('',(105.511601,-83.329399,-4.5E-02));
#6780 = VECTOR('',#6781,1.);
#6781 = DIRECTION('',(0.,0.,1.));
#6782 = ORIENTED_EDGE('',*,*,#4571,.F.);
#6783 = ORIENTED_EDGE('',*,*,#6777,.F.);
#6784 = CYLINDRICAL_SURFACE('',#6785,0.5);
#6785 = AXIS2_PLACEMENT_3D('',#6786,#6787,#6788);
#6786 = CARTESIAN_POINT('',(105.511601,-82.829399,-4.5E-02));
#6787 = DIRECTION('',(-0.,-0.,-1.));
#6788 = DIRECTION('',(-0.,-1.,0.));
#6789 = ADVANCED_FACE('',(#6790),#6801,.F.);
#6790 = FACE_BOUND('',#6791,.T.);
#6791 = EDGE_LOOP('',(#6792,#6793,#6799,#6800));
#6792 = ORIENTED_EDGE('',*,*,#3279,.T.);
#6793 = ORIENTED_EDGE('',*,*,#6794,.T.);
#6794 = EDGE_CURVE('',#3280,#4583,#6795,.T.);
#6795 = LINE('',#6796,#6797);
#6796 = CARTESIAN_POINT('',(147.8702,-90.9588,-4.5E-02));
#6797 = VECTOR('',#6798,1.);
#6798 = DIRECTION('',(0.,0.,1.));
#6799 = ORIENTED_EDGE('',*,*,#4582,.F.);
#6800 = ORIENTED_EDGE('',*,*,#6794,.F.);
#6801 = CYLINDRICAL_SURFACE('',#6802,1.5);
#6802 = AXIS2_PLACEMENT_3D('',#6803,#6804,#6805);
#6803 = CARTESIAN_POINT('',(147.8702,-89.4588,-4.5E-02));
#6804 = DIRECTION('',(-0.,-0.,-1.));
#6805 = DIRECTION('',(-0.,-1.,0.));
#6806 = ADVANCED_FACE('',(#6807),#6823,.F.);
#6807 = FACE_BOUND('',#6808,.T.);
#6808 = EDGE_LOOP('',(#6809,#6815,#6816,#6822));
#6809 = ORIENTED_EDGE('',*,*,#6810,.T.);
#6810 = EDGE_CURVE('',#3291,#4594,#6811,.T.);
#6811 = LINE('',#6812,#6813);
#6812 = CARTESIAN_POINT('',(118.515297,-70.233316,0.));
#6813 = VECTOR('',#6814,1.);
#6814 = DIRECTION('',(0.,0.,1.));
#6815 = ORIENTED_EDGE('',*,*,#4593,.T.);
#6816 = ORIENTED_EDGE('',*,*,#6817,.F.);
#6817 = EDGE_CURVE('',#3293,#4596,#6818,.T.);
#6818 = LINE('',#6819,#6820);
#6819 = CARTESIAN_POINT('',(116.1288,-72.771,0.));
#6820 = VECTOR('',#6821,1.);
#6821 = DIRECTION('',(0.,0.,1.));
#6822 = ORIENTED_EDGE('',*,*,#3290,.F.);
#6823 = CYLINDRICAL_SURFACE('',#6824,2.53805593958);
#6824 = AXIS2_PLACEMENT_3D('',#6825,#6826,#6827);
#6825 = CARTESIAN_POINT('',(118.6668525352,-72.76684296298,0.));
#6826 = DIRECTION('',(-0.,-0.,-1.));
#6827 = DIRECTION('',(-5.971323675142E-02,0.998215572588,0.));
#6828 = ADVANCED_FACE('',(#6829),#6840,.T.);
#6829 = FACE_BOUND('',#6830,.T.);
#6830 = EDGE_LOOP('',(#6831,#6837,#6838,#6839));
#6831 = ORIENTED_EDGE('',*,*,#6832,.T.);
#6832 = EDGE_CURVE('',#3302,#4605,#6833,.T.);
#6833 = LINE('',#6834,#6835);
#6834 = CARTESIAN_POINT('',(118.668799,-70.230999,0.));
#6835 = VECTOR('',#6836,1.);
#6836 = DIRECTION('',(0.,0.,1.));
#6837 = ORIENTED_EDGE('',*,*,#4604,.T.);
#6838 = ORIENTED_EDGE('',*,*,#6810,.F.);
#6839 = ORIENTED_EDGE('',*,*,#3301,.F.);
#6840 = PLANE('',#6841);
#6841 = AXIS2_PLACEMENT_3D('',#6842,#6843,#6844);
#6842 = CARTESIAN_POINT('',(118.668799,-70.230999,0.));
#6843 = DIRECTION('',(1.509254665147E-02,-0.999886101031,0.));
#6844 = DIRECTION('',(-0.999886101031,-1.509254665147E-02,0.));
#6845 = ADVANCED_FACE('',(#6846),#6857,.T.);
#6846 = FACE_BOUND('',#6847,.T.);
#6847 = EDGE_LOOP('',(#6848,#6849,#6850,#6856));
#6848 = ORIENTED_EDGE('',*,*,#6817,.T.);
#6849 = ORIENTED_EDGE('',*,*,#4703,.T.);
#6850 = ORIENTED_EDGE('',*,*,#6851,.F.);
#6851 = EDGE_CURVE('',#3393,#4696,#6852,.T.);
#6852 = LINE('',#6853,#6854);
#6853 = CARTESIAN_POINT('',(116.128799,-77.8002,0.));
#6854 = VECTOR('',#6855,1.);
#6855 = DIRECTION('',(0.,0.,1.));
#6856 = ORIENTED_EDGE('',*,*,#3400,.F.);
#6857 = PLANE('',#6858);
#6858 = AXIS2_PLACEMENT_3D('',#6859,#6860,#6861);
#6859 = CARTESIAN_POINT('',(116.1288,-72.771,0.));
#6860 = DIRECTION('',(1.,-1.988387810139E-07,0.));
#6861 = DIRECTION('',(-1.988387810139E-07,-1.,0.));
#6862 = ADVANCED_FACE('',(#6863),#6874,.T.);
#6863 = FACE_BOUND('',#6864,.T.);
#6864 = EDGE_LOOP('',(#6865,#6871,#6872,#6873));
#6865 = ORIENTED_EDGE('',*,*,#6866,.T.);
#6866 = EDGE_CURVE('',#3310,#4613,#6867,.T.);
#6867 = LINE('',#6868,#6869);
#6868 = CARTESIAN_POINT('',(141.224,-70.231,0.));
#6869 = VECTOR('',#6870,1.);
#6870 = DIRECTION('',(0.,0.,1.));
#6871 = ORIENTED_EDGE('',*,*,#4612,.T.);
#6872 = ORIENTED_EDGE('',*,*,#6832,.F.);
#6873 = ORIENTED_EDGE('',*,*,#3309,.F.);
#6874 = PLANE('',#6875);
#6875 = AXIS2_PLACEMENT_3D('',#6876,#6877,#6878);
#6876 = CARTESIAN_POINT('',(141.224,-70.231,0.));
#6877 = DIRECTION('',(-4.433567217935E-08,-1.,0.));
#6878 = DIRECTION('',(-1.,4.433567217935E-08,0.));
#6879 = ADVANCED_FACE('',(#6880),#6891,.T.);
#6880 = FACE_BOUND('',#6881,.T.);
#6881 = EDGE_LOOP('',(#6882,#6883,#6884,#6890));
#6882 = ORIENTED_EDGE('',*,*,#6851,.T.);
#6883 = ORIENTED_EDGE('',*,*,#4695,.T.);
#6884 = ORIENTED_EDGE('',*,*,#6885,.F.);
#6885 = EDGE_CURVE('',#3385,#4688,#6886,.T.);
#6886 = LINE('',#6887,#6888);
#6887 = CARTESIAN_POINT('',(116.1288,-82.829401,0.));
#6888 = VECTOR('',#6889,1.);
#6889 = DIRECTION('',(0.,0.,1.));
#6890 = ORIENTED_EDGE('',*,*,#3392,.F.);
#6891 = PLANE('',#6892);
#6892 = AXIS2_PLACEMENT_3D('',#6893,#6894,#6895);
#6893 = CARTESIAN_POINT('',(116.128799,-77.8002,0.));
#6894 = DIRECTION('',(1.,1.988387414771E-07,-0.));
#6895 = DIRECTION('',(1.988387414771E-07,-1.,0.));
#6896 = ADVANCED_FACE('',(#6897),#6908,.F.);
#6897 = FACE_BOUND('',#6898,.T.);
#6898 = EDGE_LOOP('',(#6899,#6905,#6906,#6907));
#6899 = ORIENTED_EDGE('',*,*,#6900,.T.);
#6900 = EDGE_CURVE('',#3318,#4621,#6901,.T.);
#6901 = LINE('',#6902,#6903);
#6902 = CARTESIAN_POINT('',(143.761683,-72.617497,0.));
#6903 = VECTOR('',#6904,1.);
#6904 = DIRECTION('',(0.,0.,1.));
#6905 = ORIENTED_EDGE('',*,*,#4620,.T.);
#6906 = ORIENTED_EDGE('',*,*,#6866,.F.);
#6907 = ORIENTED_EDGE('',*,*,#3317,.F.);
#6908 = CYLINDRICAL_SURFACE('',#6909,2.538057880272);
#6909 = AXIS2_PLACEMENT_3D('',#6910,#6911,#6912);
#6910 = CARTESIAN_POINT('',(141.22815420922,-72.76905448053,0.));
#6911 = DIRECTION('',(-0.,-0.,-1.));
#6912 = DIRECTION('',(0.998215529469,5.971395755447E-02,-0.));
#6913 = ADVANCED_FACE('',(#6914),#6925,.T.);
#6914 = FACE_BOUND('',#6915,.T.);
#6915 = EDGE_LOOP('',(#6916,#6917,#6918,#6924));
#6916 = ORIENTED_EDGE('',*,*,#6885,.T.);
#6917 = ORIENTED_EDGE('',*,*,#4687,.T.);
#6918 = ORIENTED_EDGE('',*,*,#6919,.F.);
#6919 = EDGE_CURVE('',#3376,#4679,#6920,.T.);
#6920 = LINE('',#6921,#6922);
#6921 = CARTESIAN_POINT('',(116.131117,-82.982903,0.));
#6922 = VECTOR('',#6923,1.);
#6923 = DIRECTION('',(0.,0.,1.));
#6924 = ORIENTED_EDGE('',*,*,#3384,.F.);
#6925 = PLANE('',#6926);
#6926 = AXIS2_PLACEMENT_3D('',#6927,#6928,#6929);
#6927 = CARTESIAN_POINT('',(116.1288,-82.829401,0.));
#6928 = DIRECTION('',(0.999886101031,1.509254665147E-02,-0.));
#6929 = DIRECTION('',(1.509254665147E-02,-0.999886101031,0.));
#6930 = ADVANCED_FACE('',(#6931),#6942,.T.);
#6931 = FACE_BOUND('',#6932,.T.);
#6932 = EDGE_LOOP('',(#6933,#6939,#6940,#6941));
#6933 = ORIENTED_EDGE('',*,*,#6934,.T.);
#6934 = EDGE_CURVE('',#3327,#4630,#6935,.T.);
#6935 = LINE('',#6936,#6937);
#6936 = CARTESIAN_POINT('',(143.764,-72.770999,0.));
#6937 = VECTOR('',#6938,1.);
#6938 = DIRECTION('',(0.,0.,1.));
#6939 = ORIENTED_EDGE('',*,*,#4629,.T.);
#6940 = ORIENTED_EDGE('',*,*,#6900,.F.);
#6941 = ORIENTED_EDGE('',*,*,#3326,.F.);
#6942 = PLANE('',#6943);
#6943 = AXIS2_PLACEMENT_3D('',#6944,#6945,#6946);
#6944 = CARTESIAN_POINT('',(143.764,-72.770999,0.));
#6945 = DIRECTION('',(-0.999886101031,-1.509254665147E-02,0.));
#6946 = DIRECTION('',(-1.509254665147E-02,0.999886101031,0.));
#6947 = ADVANCED_FACE('',(#6948),#6959,.F.);
#6948 = FACE_BOUND('',#6949,.T.);
#6949 = EDGE_LOOP('',(#6950,#6951,#6952,#6958));
#6950 = ORIENTED_EDGE('',*,*,#6919,.T.);
#6951 = ORIENTED_EDGE('',*,*,#4678,.T.);
#6952 = ORIENTED_EDGE('',*,*,#6953,.F.);
#6953 = EDGE_CURVE('',#3368,#4671,#6954,.T.);
#6954 = LINE('',#6955,#6956);
#6955 = CARTESIAN_POINT('',(118.6688,-85.3694,0.));
#6956 = VECTOR('',#6957,1.);
#6957 = DIRECTION('',(0.,0.,1.));
#6958 = ORIENTED_EDGE('',*,*,#3375,.F.);
#6959 = CYLINDRICAL_SURFACE('',#6960,2.538057880272);
#6960 = AXIS2_PLACEMENT_3D('',#6961,#6962,#6963);
#6961 = CARTESIAN_POINT('',(118.66464579077,-82.83134551946,0.));
#6962 = DIRECTION('',(-0.,-0.,-1.));
#6963 = DIRECTION('',(-0.998215529469,-5.971395755446E-02,0.));
#6964 = ADVANCED_FACE('',(#6965),#6976,.T.);
#6965 = FACE_BOUND('',#6966,.T.);
#6966 = EDGE_LOOP('',(#6967,#6973,#6974,#6975));
#6967 = ORIENTED_EDGE('',*,*,#6968,.T.);
#6968 = EDGE_CURVE('',#3335,#4638,#6969,.T.);
#6969 = LINE('',#6970,#6971);
#6970 = CARTESIAN_POINT('',(143.763999,-77.8002,0.));
#6971 = VECTOR('',#6972,1.);
#6972 = DIRECTION('',(0.,0.,1.));
#6973 = ORIENTED_EDGE('',*,*,#4637,.T.);
#6974 = ORIENTED_EDGE('',*,*,#6934,.F.);
#6975 = ORIENTED_EDGE('',*,*,#3334,.F.);
#6976 = PLANE('',#6977);
#6977 = AXIS2_PLACEMENT_3D('',#6978,#6979,#6980);
#6978 = CARTESIAN_POINT('',(143.763999,-77.8002,0.));
#6979 = DIRECTION('',(-1.,1.988387414771E-07,0.));
#6980 = DIRECTION('',(1.988387414771E-07,1.,0.));
#6981 = ADVANCED_FACE('',(#6982),#6993,.T.);
#6982 = FACE_BOUND('',#6983,.T.);
#6983 = EDGE_LOOP('',(#6984,#6985,#6986,#6992));
#6984 = ORIENTED_EDGE('',*,*,#6953,.T.);
#6985 = ORIENTED_EDGE('',*,*,#4670,.T.);
#6986 = ORIENTED_EDGE('',*,*,#6987,.F.);
#6987 = EDGE_CURVE('',#3360,#4663,#6988,.T.);
#6988 = LINE('',#6989,#6990);
#6989 = CARTESIAN_POINT('',(141.224001,-85.3694,0.));
#6990 = VECTOR('',#6991,1.);
#6991 = DIRECTION('',(0.,0.,1.));
#6992 = ORIENTED_EDGE('',*,*,#3367,.F.);
#6993 = PLANE('',#6994);
#6994 = AXIS2_PLACEMENT_3D('',#6995,#6996,#6997);
#6995 = CARTESIAN_POINT('',(118.6688,-85.3694,0.));
#6996 = DIRECTION('',(0.,1.,0.));
#6997 = DIRECTION('',(1.,0.,0.));
#6998 = ADVANCED_FACE('',(#6999),#7010,.T.);
#6999 = FACE_BOUND('',#7000,.T.);
#7000 = EDGE_LOOP('',(#7001,#7007,#7008,#7009));
#7001 = ORIENTED_EDGE('',*,*,#7002,.T.);
#7002 = EDGE_CURVE('',#3343,#4646,#7003,.T.);
#7003 = LINE('',#7004,#7005);
#7004 = CARTESIAN_POINT('',(143.764,-82.8294,0.));
#7005 = VECTOR('',#7006,1.);
#7006 = DIRECTION('',(0.,0.,1.));
#7007 = ORIENTED_EDGE('',*,*,#4645,.T.);
#7008 = ORIENTED_EDGE('',*,*,#6968,.F.);
#7009 = ORIENTED_EDGE('',*,*,#3342,.F.);
#7010 = PLANE('',#7011);
#7011 = AXIS2_PLACEMENT_3D('',#7012,#7013,#7014);
#7012 = CARTESIAN_POINT('',(143.764,-82.8294,0.));
#7013 = DIRECTION('',(-1.,-1.988387810139E-07,0.));
#7014 = DIRECTION('',(-1.988387810139E-07,1.,0.));
#7015 = ADVANCED_FACE('',(#7016),#7027,.T.);
#7016 = FACE_BOUND('',#7017,.T.);
#7017 = EDGE_LOOP('',(#7018,#7019,#7020,#7026));
#7018 = ORIENTED_EDGE('',*,*,#6987,.T.);
#7019 = ORIENTED_EDGE('',*,*,#4662,.T.);
#7020 = ORIENTED_EDGE('',*,*,#7021,.F.);
#7021 = EDGE_CURVE('',#3351,#4654,#7022,.T.);
#7022 = LINE('',#7023,#7024);
#7023 = CARTESIAN_POINT('',(141.377503,-85.367083,0.));
#7024 = VECTOR('',#7025,1.);
#7025 = DIRECTION('',(0.,0.,1.));
#7026 = ORIENTED_EDGE('',*,*,#3359,.F.);
#7027 = PLANE('',#7028);
#7028 = AXIS2_PLACEMENT_3D('',#7029,#7030,#7031);
#7029 = CARTESIAN_POINT('',(141.224001,-85.3694,0.));
#7030 = DIRECTION('',(-1.509254665147E-02,0.999886101031,0.));
#7031 = DIRECTION('',(0.999886101031,1.509254665147E-02,0.));
#7032 = ADVANCED_FACE('',(#7033),#7039,.F.);
#7033 = FACE_BOUND('',#7034,.T.);
#7034 = EDGE_LOOP('',(#7035,#7036,#7037,#7038));
#7035 = ORIENTED_EDGE('',*,*,#7021,.T.);
#7036 = ORIENTED_EDGE('',*,*,#4653,.T.);
#7037 = ORIENTED_EDGE('',*,*,#7002,.F.);
#7038 = ORIENTED_EDGE('',*,*,#3350,.F.);
#7039 = CYLINDRICAL_SURFACE('',#7040,2.538057880272);
#7040 = AXIS2_PLACEMENT_3D('',#7041,#7042,#7043);
#7041 = CARTESIAN_POINT('',(141.22594551946,-82.83355420922,0.));
#7042 = DIRECTION('',(-0.,-0.,-1.));
#7043 = DIRECTION('',(5.971395755445E-02,-0.998215529469,0.));
#7044 = ADVANCED_FACE('',(#7045),#7056,.F.);
#7045 = FACE_BOUND('',#7046,.T.);
#7046 = EDGE_LOOP('',(#7047,#7048,#7054,#7055));
#7047 = ORIENTED_EDGE('',*,*,#3408,.T.);
#7048 = ORIENTED_EDGE('',*,*,#7049,.T.);
#7049 = EDGE_CURVE('',#3409,#4712,#7050,.T.);
#7050 = LINE('',#7051,#7052);
#7051 = CARTESIAN_POINT('',(111.8702,-67.6416,-4.5E-02));
#7052 = VECTOR('',#7053,1.);
#7053 = DIRECTION('',(0.,0.,1.));
#7054 = ORIENTED_EDGE('',*,*,#4711,.F.);
#7055 = ORIENTED_EDGE('',*,*,#7049,.F.);
#7056 = CYLINDRICAL_SURFACE('',#7057,1.5);
#7057 = AXIS2_PLACEMENT_3D('',#7058,#7059,#7060);
#7058 = CARTESIAN_POINT('',(111.8702,-66.1416,-4.5E-02));
#7059 = DIRECTION('',(-0.,-0.,-1.));
#7060 = DIRECTION('',(-0.,-1.,0.));
#7061 = ADVANCED_FACE('',(#7062),#7073,.F.);
#7062 = FACE_BOUND('',#7063,.T.);
#7063 = EDGE_LOOP('',(#7064,#7065,#7071,#7072));
#7064 = ORIENTED_EDGE('',*,*,#3419,.T.);
#7065 = ORIENTED_EDGE('',*,*,#7066,.T.);
#7066 = EDGE_CURVE('',#3420,#4723,#7067,.T.);
#7067 = LINE('',#7068,#7069);
#7068 = CARTESIAN_POINT('',(147.8702,-67.6416,-4.5E-02));
#7069 = VECTOR('',#7070,1.);
#7070 = DIRECTION('',(0.,0.,1.));
#7071 = ORIENTED_EDGE('',*,*,#4722,.F.);
#7072 = ORIENTED_EDGE('',*,*,#7066,.F.);
#7073 = CYLINDRICAL_SURFACE('',#7074,1.5);
#7074 = AXIS2_PLACEMENT_3D('',#7075,#7076,#7077);
#7075 = CARTESIAN_POINT('',(147.8702,-66.1416,-4.5E-02));
#7076 = DIRECTION('',(-0.,-0.,-1.));
#7077 = DIRECTION('',(-0.,-1.,0.));
#7078 = ADVANCED_FACE('',(#7079),#7090,.F.);
#7079 = FACE_BOUND('',#7080,.T.);
#7080 = EDGE_LOOP('',(#7081,#7082,#7088,#7089));
#7081 = ORIENTED_EDGE('',*,*,#3430,.T.);
#7082 = ORIENTED_EDGE('',*,*,#7083,.T.);
#7083 = EDGE_CURVE('',#3431,#4734,#7084,.T.);
#7084 = LINE('',#7085,#7086);
#7085 = CARTESIAN_POINT('',(137.769599,-51.782599,-4.5E-02));
#7086 = VECTOR('',#7087,1.);
#7087 = DIRECTION('',(0.,0.,1.));
#7088 = ORIENTED_EDGE('',*,*,#4733,.F.);
#7089 = ORIENTED_EDGE('',*,*,#7083,.F.);
#7090 = CYLINDRICAL_SURFACE('',#7091,0.5);
#7091 = AXIS2_PLACEMENT_3D('',#7092,#7093,#7094);
#7092 = CARTESIAN_POINT('',(137.769599,-51.282599,-4.5E-02));
#7093 = DIRECTION('',(-0.,-0.,-1.));
#7094 = DIRECTION('',(-0.,-1.,0.));
#7095 = ADVANCED_FACE('',(#7096),#7107,.F.);
#7096 = FACE_BOUND('',#7097,.T.);
#7097 = EDGE_LOOP('',(#7098,#7099,#7105,#7106));
#7098 = ORIENTED_EDGE('',*,*,#3441,.T.);
#7099 = ORIENTED_EDGE('',*,*,#7100,.T.);
#7100 = EDGE_CURVE('',#3442,#4745,#7101,.T.);
#7101 = LINE('',#7102,#7103);
#7102 = CARTESIAN_POINT('',(154.1866,-90.9588,-4.5E-02));
#7103 = VECTOR('',#7104,1.);
#7104 = DIRECTION('',(0.,0.,1.));
#7105 = ORIENTED_EDGE('',*,*,#4744,.F.);
#7106 = ORIENTED_EDGE('',*,*,#7100,.F.);
#7107 = CYLINDRICAL_SURFACE('',#7108,1.5);
#7108 = AXIS2_PLACEMENT_3D('',#7109,#7110,#7111);
#7109 = CARTESIAN_POINT('',(154.1866,-89.4588,-4.5E-02));
#7110 = DIRECTION('',(-0.,-0.,-1.));
#7111 = DIRECTION('',(-0.,-1.,0.));
#7112 = ADVANCED_FACE('',(#7113),#7129,.F.);
#7113 = FACE_BOUND('',#7114,.T.);
#7114 = EDGE_LOOP('',(#7115,#7121,#7122,#7128));
#7115 = ORIENTED_EDGE('',*,*,#7116,.T.);
#7116 = EDGE_CURVE('',#3453,#4756,#7117,.T.);
#7117 = LINE('',#7118,#7119);
#7118 = CARTESIAN_POINT('',(160.679297,-70.233316,0.));
#7119 = VECTOR('',#7120,1.);
#7120 = DIRECTION('',(0.,0.,1.));
#7121 = ORIENTED_EDGE('',*,*,#4755,.T.);
#7122 = ORIENTED_EDGE('',*,*,#7123,.F.);
#7123 = EDGE_CURVE('',#3455,#4758,#7124,.T.);
#7124 = LINE('',#7125,#7126);
#7125 = CARTESIAN_POINT('',(158.2928,-72.771,0.));
#7126 = VECTOR('',#7127,1.);
#7127 = DIRECTION('',(0.,0.,1.));
#7128 = ORIENTED_EDGE('',*,*,#3452,.F.);
#7129 = CYLINDRICAL_SURFACE('',#7130,2.53805593958);
#7130 = AXIS2_PLACEMENT_3D('',#7131,#7132,#7133);
#7131 = CARTESIAN_POINT('',(160.8308525352,-72.76684296298,0.));
#7132 = DIRECTION('',(-0.,-0.,-1.));
#7133 = DIRECTION('',(-5.971323675144E-02,0.998215572588,0.));
#7134 = ADVANCED_FACE('',(#7135),#7146,.T.);
#7135 = FACE_BOUND('',#7136,.T.);
#7136 = EDGE_LOOP('',(#7137,#7143,#7144,#7145));
#7137 = ORIENTED_EDGE('',*,*,#7138,.T.);
#7138 = EDGE_CURVE('',#3464,#4767,#7139,.T.);
#7139 = LINE('',#7140,#7141);
#7140 = CARTESIAN_POINT('',(160.832799,-70.230999,0.));
#7141 = VECTOR('',#7142,1.);
#7142 = DIRECTION('',(0.,0.,1.));
#7143 = ORIENTED_EDGE('',*,*,#4766,.T.);
#7144 = ORIENTED_EDGE('',*,*,#7116,.F.);
#7145 = ORIENTED_EDGE('',*,*,#3463,.F.);
#7146 = PLANE('',#7147);
#7147 = AXIS2_PLACEMENT_3D('',#7148,#7149,#7150);
#7148 = CARTESIAN_POINT('',(160.832799,-70.230999,0.));
#7149 = DIRECTION('',(1.509254665147E-02,-0.999886101031,0.));
#7150 = DIRECTION('',(-0.999886101031,-1.509254665147E-02,0.));
#7151 = ADVANCED_FACE('',(#7152),#7163,.T.);
#7152 = FACE_BOUND('',#7153,.T.);
#7153 = EDGE_LOOP('',(#7154,#7155,#7156,#7162));
#7154 = ORIENTED_EDGE('',*,*,#7123,.T.);
#7155 = ORIENTED_EDGE('',*,*,#4865,.T.);
#7156 = ORIENTED_EDGE('',*,*,#7157,.F.);
#7157 = EDGE_CURVE('',#3555,#4858,#7158,.T.);
#7158 = LINE('',#7159,#7160);
#7159 = CARTESIAN_POINT('',(158.292799,-77.8002,0.));
#7160 = VECTOR('',#7161,1.);
#7161 = DIRECTION('',(0.,0.,1.));
#7162 = ORIENTED_EDGE('',*,*,#3562,.F.);
#7163 = PLANE('',#7164);
#7164 = AXIS2_PLACEMENT_3D('',#7165,#7166,#7167);
#7165 = CARTESIAN_POINT('',(158.2928,-72.771,0.));
#7166 = DIRECTION('',(1.,-1.988387810139E-07,0.));
#7167 = DIRECTION('',(-1.988387810139E-07,-1.,0.));
#7168 = ADVANCED_FACE('',(#7169),#7180,.T.);
#7169 = FACE_BOUND('',#7170,.T.);
#7170 = EDGE_LOOP('',(#7171,#7177,#7178,#7179));
#7171 = ORIENTED_EDGE('',*,*,#7172,.T.);
#7172 = EDGE_CURVE('',#3472,#4775,#7173,.T.);
#7173 = LINE('',#7174,#7175);
#7174 = CARTESIAN_POINT('',(183.388,-70.231,0.));
#7175 = VECTOR('',#7176,1.);
#7176 = DIRECTION('',(0.,0.,1.));
#7177 = ORIENTED_EDGE('',*,*,#4774,.T.);
#7178 = ORIENTED_EDGE('',*,*,#7138,.F.);
#7179 = ORIENTED_EDGE('',*,*,#3471,.F.);
#7180 = PLANE('',#7181);
#7181 = AXIS2_PLACEMENT_3D('',#7182,#7183,#7184);
#7182 = CARTESIAN_POINT('',(183.388,-70.231,0.));
#7183 = DIRECTION('',(-4.433567217935E-08,-1.,0.));
#7184 = DIRECTION('',(-1.,4.433567217935E-08,0.));
#7185 = ADVANCED_FACE('',(#7186),#7197,.T.);
#7186 = FACE_BOUND('',#7187,.T.);
#7187 = EDGE_LOOP('',(#7188,#7189,#7190,#7196));
#7188 = ORIENTED_EDGE('',*,*,#7157,.T.);
#7189 = ORIENTED_EDGE('',*,*,#4857,.T.);
#7190 = ORIENTED_EDGE('',*,*,#7191,.F.);
#7191 = EDGE_CURVE('',#3547,#4850,#7192,.T.);
#7192 = LINE('',#7193,#7194);
#7193 = CARTESIAN_POINT('',(158.2928,-82.829401,0.));
#7194 = VECTOR('',#7195,1.);
#7195 = DIRECTION('',(0.,0.,1.));
#7196 = ORIENTED_EDGE('',*,*,#3554,.F.);
#7197 = PLANE('',#7198);
#7198 = AXIS2_PLACEMENT_3D('',#7199,#7200,#7201);
#7199 = CARTESIAN_POINT('',(158.292799,-77.8002,0.));
#7200 = DIRECTION('',(1.,1.988387414771E-07,-0.));
#7201 = DIRECTION('',(1.988387414771E-07,-1.,0.));
#7202 = ADVANCED_FACE('',(#7203),#7214,.F.);
#7203 = FACE_BOUND('',#7204,.T.);
#7204 = EDGE_LOOP('',(#7205,#7211,#7212,#7213));
#7205 = ORIENTED_EDGE('',*,*,#7206,.T.);
#7206 = EDGE_CURVE('',#3480,#4783,#7207,.T.);
#7207 = LINE('',#7208,#7209);
#7208 = CARTESIAN_POINT('',(185.925683,-72.617497,0.));
#7209 = VECTOR('',#7210,1.);
#7210 = DIRECTION('',(0.,0.,1.));
#7211 = ORIENTED_EDGE('',*,*,#4782,.T.);
#7212 = ORIENTED_EDGE('',*,*,#7172,.F.);
#7213 = ORIENTED_EDGE('',*,*,#3479,.F.);
#7214 = CYLINDRICAL_SURFACE('',#7215,2.538057880272);
#7215 = AXIS2_PLACEMENT_3D('',#7216,#7217,#7218);
#7216 = CARTESIAN_POINT('',(183.39215420922,-72.76905448053,0.));
#7217 = DIRECTION('',(-0.,-0.,-1.));
#7218 = DIRECTION('',(0.998215529469,5.971395755446E-02,-0.));
#7219 = ADVANCED_FACE('',(#7220),#7231,.T.);
#7220 = FACE_BOUND('',#7221,.T.);
#7221 = EDGE_LOOP('',(#7222,#7223,#7224,#7230));
#7222 = ORIENTED_EDGE('',*,*,#7191,.T.);
#7223 = ORIENTED_EDGE('',*,*,#4849,.T.);
#7224 = ORIENTED_EDGE('',*,*,#7225,.F.);
#7225 = EDGE_CURVE('',#3538,#4841,#7226,.T.);
#7226 = LINE('',#7227,#7228);
#7227 = CARTESIAN_POINT('',(158.295117,-82.982903,0.));
#7228 = VECTOR('',#7229,1.);
#7229 = DIRECTION('',(0.,0.,1.));
#7230 = ORIENTED_EDGE('',*,*,#3546,.F.);
#7231 = PLANE('',#7232);
#7232 = AXIS2_PLACEMENT_3D('',#7233,#7234,#7235);
#7233 = CARTESIAN_POINT('',(158.2928,-82.829401,0.));
#7234 = DIRECTION('',(0.999886101031,1.509254665147E-02,-0.));
#7235 = DIRECTION('',(1.509254665147E-02,-0.999886101031,0.));
#7236 = ADVANCED_FACE('',(#7237),#7248,.T.);
#7237 = FACE_BOUND('',#7238,.T.);
#7238 = EDGE_LOOP('',(#7239,#7245,#7246,#7247));
#7239 = ORIENTED_EDGE('',*,*,#7240,.T.);
#7240 = EDGE_CURVE('',#3489,#4792,#7241,.T.);
#7241 = LINE('',#7242,#7243);
#7242 = CARTESIAN_POINT('',(185.928,-72.770999,0.));
#7243 = VECTOR('',#7244,1.);
#7244 = DIRECTION('',(0.,0.,1.));
#7245 = ORIENTED_EDGE('',*,*,#4791,.T.);
#7246 = ORIENTED_EDGE('',*,*,#7206,.F.);
#7247 = ORIENTED_EDGE('',*,*,#3488,.F.);
#7248 = PLANE('',#7249);
#7249 = AXIS2_PLACEMENT_3D('',#7250,#7251,#7252);
#7250 = CARTESIAN_POINT('',(185.928,-72.770999,0.));
#7251 = DIRECTION('',(-0.999886101031,-1.509254665147E-02,0.));
#7252 = DIRECTION('',(-1.509254665147E-02,0.999886101031,0.));
#7253 = ADVANCED_FACE('',(#7254),#7265,.F.);
#7254 = FACE_BOUND('',#7255,.T.);
#7255 = EDGE_LOOP('',(#7256,#7257,#7258,#7264));
#7256 = ORIENTED_EDGE('',*,*,#7225,.T.);
#7257 = ORIENTED_EDGE('',*,*,#4840,.T.);
#7258 = ORIENTED_EDGE('',*,*,#7259,.F.);
#7259 = EDGE_CURVE('',#3530,#4833,#7260,.T.);
#7260 = LINE('',#7261,#7262);
#7261 = CARTESIAN_POINT('',(160.8328,-85.3694,0.));
#7262 = VECTOR('',#7263,1.);
#7263 = DIRECTION('',(0.,0.,1.));
#7264 = ORIENTED_EDGE('',*,*,#3537,.F.);
#7265 = CYLINDRICAL_SURFACE('',#7266,2.538057880272);
#7266 = AXIS2_PLACEMENT_3D('',#7267,#7268,#7269);
#7267 = CARTESIAN_POINT('',(160.82864579077,-82.83134551946,0.));
#7268 = DIRECTION('',(-0.,-0.,-1.));
#7269 = DIRECTION('',(-0.998215529469,-5.971395755445E-02,0.));
#7270 = ADVANCED_FACE('',(#7271),#7282,.T.);
#7271 = FACE_BOUND('',#7272,.T.);
#7272 = EDGE_LOOP('',(#7273,#7279,#7280,#7281));
#7273 = ORIENTED_EDGE('',*,*,#7274,.T.);
#7274 = EDGE_CURVE('',#3497,#4800,#7275,.T.);
#7275 = LINE('',#7276,#7277);
#7276 = CARTESIAN_POINT('',(185.927999,-77.8002,0.));
#7277 = VECTOR('',#7278,1.);
#7278 = DIRECTION('',(0.,0.,1.));
#7279 = ORIENTED_EDGE('',*,*,#4799,.T.);
#7280 = ORIENTED_EDGE('',*,*,#7240,.F.);
#7281 = ORIENTED_EDGE('',*,*,#3496,.F.);
#7282 = PLANE('',#7283);
#7283 = AXIS2_PLACEMENT_3D('',#7284,#7285,#7286);
#7284 = CARTESIAN_POINT('',(185.927999,-77.8002,0.));
#7285 = DIRECTION('',(-1.,1.988387414771E-07,0.));
#7286 = DIRECTION('',(1.988387414771E-07,1.,0.));
#7287 = ADVANCED_FACE('',(#7288),#7299,.T.);
#7288 = FACE_BOUND('',#7289,.T.);
#7289 = EDGE_LOOP('',(#7290,#7291,#7292,#7298));
#7290 = ORIENTED_EDGE('',*,*,#7259,.T.);
#7291 = ORIENTED_EDGE('',*,*,#4832,.T.);
#7292 = ORIENTED_EDGE('',*,*,#7293,.F.);
#7293 = EDGE_CURVE('',#3522,#4825,#7294,.T.);
#7294 = LINE('',#7295,#7296);
#7295 = CARTESIAN_POINT('',(183.388001,-85.3694,0.));
#7296 = VECTOR('',#7297,1.);
#7297 = DIRECTION('',(0.,0.,1.));
#7298 = ORIENTED_EDGE('',*,*,#3529,.F.);
#7299 = PLANE('',#7300);
#7300 = AXIS2_PLACEMENT_3D('',#7301,#7302,#7303);
#7301 = CARTESIAN_POINT('',(160.8328,-85.3694,0.));
#7302 = DIRECTION('',(0.,1.,0.));
#7303 = DIRECTION('',(1.,0.,0.));
#7304 = ADVANCED_FACE('',(#7305),#7316,.T.);
#7305 = FACE_BOUND('',#7306,.T.);
#7306 = EDGE_LOOP('',(#7307,#7313,#7314,#7315));
#7307 = ORIENTED_EDGE('',*,*,#7308,.T.);
#7308 = EDGE_CURVE('',#3505,#4808,#7309,.T.);
#7309 = LINE('',#7310,#7311);
#7310 = CARTESIAN_POINT('',(185.928,-82.8294,0.));
#7311 = VECTOR('',#7312,1.);
#7312 = DIRECTION('',(0.,0.,1.));
#7313 = ORIENTED_EDGE('',*,*,#4807,.T.);
#7314 = ORIENTED_EDGE('',*,*,#7274,.F.);
#7315 = ORIENTED_EDGE('',*,*,#3504,.F.);
#7316 = PLANE('',#7317);
#7317 = AXIS2_PLACEMENT_3D('',#7318,#7319,#7320);
#7318 = CARTESIAN_POINT('',(185.928,-82.8294,0.));
#7319 = DIRECTION('',(-1.,-1.988387810139E-07,0.));
#7320 = DIRECTION('',(-1.988387810139E-07,1.,0.));
#7321 = ADVANCED_FACE('',(#7322),#7333,.T.);
#7322 = FACE_BOUND('',#7323,.T.);
#7323 = EDGE_LOOP('',(#7324,#7325,#7326,#7332));
#7324 = ORIENTED_EDGE('',*,*,#7293,.T.);
#7325 = ORIENTED_EDGE('',*,*,#4824,.T.);
#7326 = ORIENTED_EDGE('',*,*,#7327,.F.);
#7327 = EDGE_CURVE('',#3513,#4816,#7328,.T.);
#7328 = LINE('',#7329,#7330);
#7329 = CARTESIAN_POINT('',(183.541503,-85.367083,0.));
#7330 = VECTOR('',#7331,1.);
#7331 = DIRECTION('',(0.,0.,1.));
#7332 = ORIENTED_EDGE('',*,*,#3521,.F.);
#7333 = PLANE('',#7334);
#7334 = AXIS2_PLACEMENT_3D('',#7335,#7336,#7337);
#7335 = CARTESIAN_POINT('',(183.388001,-85.3694,0.));
#7336 = DIRECTION('',(-1.509254665147E-02,0.999886101031,0.));
#7337 = DIRECTION('',(0.999886101031,1.509254665147E-02,0.));
#7338 = ADVANCED_FACE('',(#7339),#7345,.F.);
#7339 = FACE_BOUND('',#7340,.T.);
#7340 = EDGE_LOOP('',(#7341,#7342,#7343,#7344));
#7341 = ORIENTED_EDGE('',*,*,#7327,.T.);
#7342 = ORIENTED_EDGE('',*,*,#4815,.T.);
#7343 = ORIENTED_EDGE('',*,*,#7308,.F.);
#7344 = ORIENTED_EDGE('',*,*,#3512,.F.);
#7345 = CYLINDRICAL_SURFACE('',#7346,2.538057880272);
#7346 = AXIS2_PLACEMENT_3D('',#7347,#7348,#7349);
#7347 = CARTESIAN_POINT('',(183.38994551946,-82.83355420922,0.));
#7348 = DIRECTION('',(-0.,-0.,-1.));
#7349 = DIRECTION('',(5.971395755445E-02,-0.998215529469,0.));
#7350 = ADVANCED_FACE('',(#7351),#7362,.F.);
#7351 = FACE_BOUND('',#7352,.T.);
#7352 = EDGE_LOOP('',(#7353,#7354,#7360,#7361));
#7353 = ORIENTED_EDGE('',*,*,#3570,.T.);
#7354 = ORIENTED_EDGE('',*,*,#7355,.T.);
#7355 = EDGE_CURVE('',#3571,#4874,#7356,.T.);
#7356 = LINE('',#7357,#7358);
#7357 = CARTESIAN_POINT('',(190.1866,-90.9588,-4.5E-02));
#7358 = VECTOR('',#7359,1.);
#7359 = DIRECTION('',(0.,0.,1.));
#7360 = ORIENTED_EDGE('',*,*,#4873,.F.);
#7361 = ORIENTED_EDGE('',*,*,#7355,.F.);
#7362 = CYLINDRICAL_SURFACE('',#7363,1.5);
#7363 = AXIS2_PLACEMENT_3D('',#7364,#7365,#7366);
#7364 = CARTESIAN_POINT('',(190.1866,-89.4588,-4.5E-02));
#7365 = DIRECTION('',(-0.,-0.,-1.));
#7366 = DIRECTION('',(-0.,-1.,0.));
#7367 = ADVANCED_FACE('',(#7368),#7379,.F.);
#7368 = FACE_BOUND('',#7369,.T.);
#7369 = EDGE_LOOP('',(#7370,#7371,#7377,#7378));
#7370 = ORIENTED_EDGE('',*,*,#3581,.T.);
#7371 = ORIENTED_EDGE('',*,*,#7372,.T.);
#7372 = EDGE_CURVE('',#3582,#4885,#7373,.T.);
#7373 = LINE('',#7374,#7375);
#7374 = CARTESIAN_POINT('',(196.545201,-83.3294,-4.5E-02));
#7375 = VECTOR('',#7376,1.);
#7376 = DIRECTION('',(0.,0.,1.));
#7377 = ORIENTED_EDGE('',*,*,#4884,.F.);
#7378 = ORIENTED_EDGE('',*,*,#7372,.F.);
#7379 = CYLINDRICAL_SURFACE('',#7380,0.5);
#7380 = AXIS2_PLACEMENT_3D('',#7381,#7382,#7383);
#7381 = CARTESIAN_POINT('',(196.545201,-82.8294,-4.5E-02));
#7382 = DIRECTION('',(-0.,-0.,-1.));
#7383 = DIRECTION('',(-0.,-1.,0.));
#7384 = ADVANCED_FACE('',(#7385),#7396,.F.);
#7385 = FACE_BOUND('',#7386,.T.);
#7386 = EDGE_LOOP('',(#7387,#7388,#7394,#7395));
#7387 = ORIENTED_EDGE('',*,*,#3592,.T.);
#7388 = ORIENTED_EDGE('',*,*,#7389,.T.);
#7389 = EDGE_CURVE('',#3593,#4896,#7390,.T.);
#7390 = LINE('',#7391,#7392);
#7391 = CARTESIAN_POINT('',(154.1866,-67.6416,-4.5E-02));
#7392 = VECTOR('',#7393,1.);
#7393 = DIRECTION('',(0.,0.,1.));
#7394 = ORIENTED_EDGE('',*,*,#4895,.F.);
#7395 = ORIENTED_EDGE('',*,*,#7389,.F.);
#7396 = CYLINDRICAL_SURFACE('',#7397,1.5);
#7397 = AXIS2_PLACEMENT_3D('',#7398,#7399,#7400);
#7398 = CARTESIAN_POINT('',(154.1866,-66.1416,-4.5E-02));
#7399 = DIRECTION('',(-0.,-0.,-1.));
#7400 = DIRECTION('',(-0.,-1.,0.));
#7401 = ADVANCED_FACE('',(#7402),#7413,.F.);
#7402 = FACE_BOUND('',#7403,.T.);
#7403 = EDGE_LOOP('',(#7404,#7405,#7411,#7412));
#7404 = ORIENTED_EDGE('',*,*,#3603,.T.);
#7405 = ORIENTED_EDGE('',*,*,#7406,.T.);
#7406 = EDGE_CURVE('',#3604,#4907,#7407,.T.);
#7407 = LINE('',#7408,#7409);
#7408 = CARTESIAN_POINT('',(151.0284,-51.7826,-4.5E-02));
#7409 = VECTOR('',#7410,1.);
#7410 = DIRECTION('',(0.,0.,1.));
#7411 = ORIENTED_EDGE('',*,*,#4906,.F.);
#7412 = ORIENTED_EDGE('',*,*,#7406,.F.);
#7413 = CYLINDRICAL_SURFACE('',#7414,0.5);
#7414 = AXIS2_PLACEMENT_3D('',#7415,#7416,#7417);
#7415 = CARTESIAN_POINT('',(151.0284,-51.2826,-4.5E-02));
#7416 = DIRECTION('',(-0.,-0.,-1.));
#7417 = DIRECTION('',(-0.,-1.,0.));
#7418 = ADVANCED_FACE('',(#7419),#7430,.F.);
#7419 = FACE_BOUND('',#7420,.T.);
#7420 = EDGE_LOOP('',(#7421,#7422,#7428,#7429));
#7421 = ORIENTED_EDGE('',*,*,#3614,.T.);
#7422 = ORIENTED_EDGE('',*,*,#7423,.T.);
#7423 = EDGE_CURVE('',#3615,#4918,#7424,.T.);
#7424 = LINE('',#7425,#7426);
#7425 = CARTESIAN_POINT('',(164.287201,-51.782599,-4.5E-02));
#7426 = VECTOR('',#7427,1.);
#7427 = DIRECTION('',(0.,0.,1.));
#7428 = ORIENTED_EDGE('',*,*,#4917,.F.);
#7429 = ORIENTED_EDGE('',*,*,#7423,.F.);
#7430 = CYLINDRICAL_SURFACE('',#7431,0.5);
#7431 = AXIS2_PLACEMENT_3D('',#7432,#7433,#7434);
#7432 = CARTESIAN_POINT('',(164.287201,-51.282599,-4.5E-02));
#7433 = DIRECTION('',(-0.,-0.,-1.));
#7434 = DIRECTION('',(-0.,-1.,0.));
#7435 = ADVANCED_FACE('',(#7436),#7447,.F.);
#7436 = FACE_BOUND('',#7437,.T.);
#7437 = EDGE_LOOP('',(#7438,#7439,#7445,#7446));
#7438 = ORIENTED_EDGE('',*,*,#3625,.T.);
#7439 = ORIENTED_EDGE('',*,*,#7440,.T.);
#7440 = EDGE_CURVE('',#3626,#4929,#7441,.T.);
#7441 = LINE('',#7442,#7443);
#7442 = CARTESIAN_POINT('',(190.1866,-67.6416,-4.5E-02));
#7443 = VECTOR('',#7444,1.);
#7444 = DIRECTION('',(0.,0.,1.));
#7445 = ORIENTED_EDGE('',*,*,#4928,.F.);
#7446 = ORIENTED_EDGE('',*,*,#7440,.F.);
#7447 = CYLINDRICAL_SURFACE('',#7448,1.5);
#7448 = AXIS2_PLACEMENT_3D('',#7449,#7450,#7451);
#7449 = CARTESIAN_POINT('',(190.1866,-66.1416,-4.5E-02));
#7450 = DIRECTION('',(-0.,-0.,-1.));
#7451 = DIRECTION('',(-0.,-1.,0.));
#7452 = ( GEOMETRIC_REPRESENTATION_CONTEXT(3) 
GLOBAL_UNCERTAINTY_ASSIGNED_CONTEXT((#7456)) 
GLOBAL_UNIT_ASSIGNED_CONTEXT((#7453,#7454,#7455)) REPRESENTATION_CONTEXT
('Context #1','3D Context with UNIT and UNCERTAINTY') );
#7453 = ( LENGTH_UNIT() NAMED_UNIT(*) SI_UNIT(.MILLI.,.METRE.) );
#7454 = ( NAMED_UNIT(*) PLANE_ANGLE_UNIT() SI_UNIT($,.RADIAN.) );
#7455 = ( NAMED_UNIT(*) SI_UNIT($,.STERADIAN.) SOLID_ANGLE_UNIT() );
#7456 = UNCERTAINTY_MEASURE_WITH_UNIT(LENGTH_MEASURE(1.E-07),#7453,
  'distance_accuracy_value','confusion accuracy');
#7457 = CONTEXT_DEPENDENT_SHAPE_REPRESENTATION(#7458,#7460);
#7458 = ( REPRESENTATION_RELATIONSHIP('','',#2228,#10) 
REPRESENTATION_RELATIONSHIP_WITH_TRANSFORMATION(#7459) 
SHAPE_REPRESENTATION_RELATIONSHIP() );
#7459 = ITEM_DEFINED_TRANSFORMATION('','',#11,#63);
#7460 = PRODUCT_DEFINITION_SHAPE('Placement','Placement of an item',
  #7461);
#7461 = NEXT_ASSEMBLY_USAGE_OCCURRENCE('15','=>[0:1:1:6]','',#5,#2223,$
  );
#7462 = PRODUCT_RELATED_PRODUCT_CATEGORY('part',$,(#2225));
#7463 = MECHANICAL_DESIGN_GEOMETRIC_PRESENTATION_REPRESENTATION('',(
    #7464,#7474,#7482),#1196);
#7464 = STYLED_ITEM('color',(#7465),#104);
#7465 = PRESENTATION_STYLE_ASSIGNMENT((#7466,#7472));
#7466 = SURFACE_STYLE_USAGE(.BOTH.,#7467);
#7467 = SURFACE_SIDE_STYLE('',(#7468));
#7468 = SURFACE_STYLE_FILL_AREA(#7469);
#7469 = FILL_AREA_STYLE('',(#7470));
#7470 = FILL_AREA_STYLE_COLOUR('',#7471);
#7471 = COLOUR_RGB('',9.803921802644E-02,9.803921802644E-02,
  9.803921802644E-02);
#7472 = CURVE_STYLE('',#7473,POSITIVE_LENGTH_MEASURE(0.1),#7471);
#7473 = DRAUGHTING_PRE_DEFINED_CURVE_FONT('continuous');
#7474 = OVER_RIDING_STYLED_ITEM('overriding color',(#7475),#139,#7464);
#7475 = PRESENTATION_STYLE_ASSIGNMENT((#7476));
#7476 = SURFACE_STYLE_USAGE(.BOTH.,#7477);
#7477 = SURFACE_SIDE_STYLE('',(#7478));
#7478 = SURFACE_STYLE_FILL_AREA(#7479);
#7479 = FILL_AREA_STYLE('',(#7480));
#7480 = FILL_AREA_STYLE_COLOUR('',#7481);
#7481 = COLOUR_RGB('',0.952941189437,0.796078417252,0.486274506065);
#7482 = OVER_RIDING_STYLED_ITEM('overriding color',(#7483),#181,#7464);
#7483 = PRESENTATION_STYLE_ASSIGNMENT((#7484));
#7484 = SURFACE_STYLE_USAGE(.BOTH.,#7485);
#7485 = SURFACE_SIDE_STYLE('',(#7486));
#7486 = SURFACE_STYLE_FILL_AREA(#7487);
#7487 = FILL_AREA_STYLE('',(#7488));
#7488 = FILL_AREA_STYLE_COLOUR('',#7481);
#7489 = MECHANICAL_DESIGN_GEOMETRIC_PRESENTATION_REPRESENTATION('',(
    #7490,#7498,#7505,#7512,#7519,#7526,#7533,#7540,#7547,#7554,#7562,
    #7569,#7576,#7583,#7590,#7597,#7604,#7611,#7618,#7625,#7632,#7639,
    #7646,#7653,#7660,#7667,#7674,#7682,#7689,#7696,#7703,#7710,#7717),
  #2165);
#7490 = STYLED_ITEM('color',(#7491),#1245);
#7491 = PRESENTATION_STYLE_ASSIGNMENT((#7492));
#7492 = SURFACE_STYLE_USAGE(.BOTH.,#7493);
#7493 = SURFACE_SIDE_STYLE('',(#7494));
#7494 = SURFACE_STYLE_FILL_AREA(#7495);
#7495 = FILL_AREA_STYLE('',(#7496));
#7496 = FILL_AREA_STYLE_COLOUR('',#7497);
#7497 = COLOUR_RGB('',0.823999987314,0.819999987296,0.781000009244);
#7498 = STYLED_ITEM('color',(#7499),#1317);
#7499 = PRESENTATION_STYLE_ASSIGNMENT((#7500));
#7500 = SURFACE_STYLE_USAGE(.BOTH.,#7501);
#7501 = SURFACE_SIDE_STYLE('',(#7502));
#7502 = SURFACE_STYLE_FILL_AREA(#7503);
#7503 = FILL_AREA_STYLE('',(#7504));
#7504 = FILL_AREA_STYLE_COLOUR('',#7497);
#7505 = STYLED_ITEM('color',(#7506),#1348);
#7506 = PRESENTATION_STYLE_ASSIGNMENT((#7507));
#7507 = SURFACE_STYLE_USAGE(.BOTH.,#7508);
#7508 = SURFACE_SIDE_STYLE('',(#7509));
#7509 = SURFACE_STYLE_FILL_AREA(#7510);
#7510 = FILL_AREA_STYLE('',(#7511));
#7511 = FILL_AREA_STYLE_COLOUR('',#7497);
#7512 = STYLED_ITEM('color',(#7513),#1385);
#7513 = PRESENTATION_STYLE_ASSIGNMENT((#7514));
#7514 = SURFACE_STYLE_USAGE(.BOTH.,#7515);
#7515 = SURFACE_SIDE_STYLE('',(#7516));
#7516 = SURFACE_STYLE_FILL_AREA(#7517);
#7517 = FILL_AREA_STYLE('',(#7518));
#7518 = FILL_AREA_STYLE_COLOUR('',#7497);
#7519 = STYLED_ITEM('color',(#7520),#1409);
#7520 = PRESENTATION_STYLE_ASSIGNMENT((#7521));
#7521 = SURFACE_STYLE_USAGE(.BOTH.,#7522);
#7522 = SURFACE_SIDE_STYLE('',(#7523));
#7523 = SURFACE_STYLE_FILL_AREA(#7524);
#7524 = FILL_AREA_STYLE('',(#7525));
#7525 = FILL_AREA_STYLE_COLOUR('',#7497);
#7526 = STYLED_ITEM('color',(#7527),#1446);
#7527 = PRESENTATION_STYLE_ASSIGNMENT((#7528));
#7528 = SURFACE_STYLE_USAGE(.BOTH.,#7529);
#7529 = SURFACE_SIDE_STYLE('',(#7530));
#7530 = SURFACE_STYLE_FILL_AREA(#7531);
#7531 = FILL_AREA_STYLE('',(#7532));
#7532 = FILL_AREA_STYLE_COLOUR('',#7497);
#7533 = STYLED_ITEM('color',(#7534),#1470);
#7534 = PRESENTATION_STYLE_ASSIGNMENT((#7535));
#7535 = SURFACE_STYLE_USAGE(.BOTH.,#7536);
#7536 = SURFACE_SIDE_STYLE('',(#7537));
#7537 = SURFACE_STYLE_FILL_AREA(#7538);
#7538 = FILL_AREA_STYLE('',(#7539));
#7539 = FILL_AREA_STYLE_COLOUR('',#7497);
#7540 = STYLED_ITEM('color',(#7541),#1494);
#7541 = PRESENTATION_STYLE_ASSIGNMENT((#7542));
#7542 = SURFACE_STYLE_USAGE(.BOTH.,#7543);
#7543 = SURFACE_SIDE_STYLE('',(#7544));
#7544 = SURFACE_STYLE_FILL_AREA(#7545);
#7545 = FILL_AREA_STYLE('',(#7546));
#7546 = FILL_AREA_STYLE_COLOUR('',#7497);
#7547 = STYLED_ITEM('color',(#7548),#1518);
#7548 = PRESENTATION_STYLE_ASSIGNMENT((#7549));
#7549 = SURFACE_STYLE_USAGE(.BOTH.,#7550);
#7550 = SURFACE_SIDE_STYLE('',(#7551));
#7551 = SURFACE_STYLE_FILL_AREA(#7552);
#7552 = FILL_AREA_STYLE('',(#7553));
#7553 = FILL_AREA_STYLE_COLOUR('',#7497);
#7554 = STYLED_ITEM('color',(#7555),#1535);
#7555 = PRESENTATION_STYLE_ASSIGNMENT((#7556));
#7556 = SURFACE_STYLE_USAGE(.BOTH.,#7557);
#7557 = SURFACE_SIDE_STYLE('',(#7558));
#7558 = SURFACE_STYLE_FILL_AREA(#7559);
#7559 = FILL_AREA_STYLE('',(#7560));
#7560 = FILL_AREA_STYLE_COLOUR('',#7561);
#7561 = COLOUR_RGB('',0.147999998088,0.144999993226,0.144999993226);
#7562 = STYLED_ITEM('color',(#7563),#1566);
#7563 = PRESENTATION_STYLE_ASSIGNMENT((#7564));
#7564 = SURFACE_STYLE_USAGE(.BOTH.,#7565);
#7565 = SURFACE_SIDE_STYLE('',(#7566));
#7566 = SURFACE_STYLE_FILL_AREA(#7567);
#7567 = FILL_AREA_STYLE('',(#7568));
#7568 = FILL_AREA_STYLE_COLOUR('',#7497);
#7569 = STYLED_ITEM('color',(#7570),#1583);
#7570 = PRESENTATION_STYLE_ASSIGNMENT((#7571));
#7571 = SURFACE_STYLE_USAGE(.BOTH.,#7572);
#7572 = SURFACE_SIDE_STYLE('',(#7573));
#7573 = SURFACE_STYLE_FILL_AREA(#7574);
#7574 = FILL_AREA_STYLE('',(#7575));
#7575 = FILL_AREA_STYLE_COLOUR('',#7561);
#7576 = STYLED_ITEM('color',(#7577),#1614);
#7577 = PRESENTATION_STYLE_ASSIGNMENT((#7578));
#7578 = SURFACE_STYLE_USAGE(.BOTH.,#7579);
#7579 = SURFACE_SIDE_STYLE('',(#7580));
#7580 = SURFACE_STYLE_FILL_AREA(#7581);
#7581 = FILL_AREA_STYLE('',(#7582));
#7582 = FILL_AREA_STYLE_COLOUR('',#7561);
#7583 = STYLED_ITEM('color',(#7584),#1665);
#7584 = PRESENTATION_STYLE_ASSIGNMENT((#7585));
#7585 = SURFACE_STYLE_USAGE(.BOTH.,#7586);
#7586 = SURFACE_SIDE_STYLE('',(#7587));
#7587 = SURFACE_STYLE_FILL_AREA(#7588);
#7588 = FILL_AREA_STYLE('',(#7589));
#7589 = FILL_AREA_STYLE_COLOUR('',#7561);
#7590 = STYLED_ITEM('color',(#7591),#1696);
#7591 = PRESENTATION_STYLE_ASSIGNMENT((#7592));
#7592 = SURFACE_STYLE_USAGE(.BOTH.,#7593);
#7593 = SURFACE_SIDE_STYLE('',(#7594));
#7594 = SURFACE_STYLE_FILL_AREA(#7595);
#7595 = FILL_AREA_STYLE('',(#7596));
#7596 = FILL_AREA_STYLE_COLOUR('',#7561);
#7597 = STYLED_ITEM('color',(#7598),#1719);
#7598 = PRESENTATION_STYLE_ASSIGNMENT((#7599));
#7599 = SURFACE_STYLE_USAGE(.BOTH.,#7600);
#7600 = SURFACE_SIDE_STYLE('',(#7601));
#7601 = SURFACE_STYLE_FILL_AREA(#7602);
#7602 = FILL_AREA_STYLE('',(#7603));
#7603 = FILL_AREA_STYLE_COLOUR('',#7561);
#7604 = STYLED_ITEM('color',(#7605),#1742);
#7605 = PRESENTATION_STYLE_ASSIGNMENT((#7606));
#7606 = SURFACE_STYLE_USAGE(.BOTH.,#7607);
#7607 = SURFACE_SIDE_STYLE('',(#7608));
#7608 = SURFACE_STYLE_FILL_AREA(#7609);
#7609 = FILL_AREA_STYLE('',(#7610));
#7610 = FILL_AREA_STYLE_COLOUR('',#7561);
#7611 = STYLED_ITEM('color',(#7612),#1771);
#7612 = PRESENTATION_STYLE_ASSIGNMENT((#7613));
#7613 = SURFACE_STYLE_USAGE(.BOTH.,#7614);
#7614 = SURFACE_SIDE_STYLE('',(#7615));
#7615 = SURFACE_STYLE_FILL_AREA(#7616);
#7616 = FILL_AREA_STYLE('',(#7617));
#7617 = FILL_AREA_STYLE_COLOUR('',#7497);
#7618 = STYLED_ITEM('color',(#7619),#1802);
#7619 = PRESENTATION_STYLE_ASSIGNMENT((#7620));
#7620 = SURFACE_STYLE_USAGE(.BOTH.,#7621);
#7621 = SURFACE_SIDE_STYLE('',(#7622));
#7622 = SURFACE_STYLE_FILL_AREA(#7623);
#7623 = FILL_AREA_STYLE('',(#7624));
#7624 = FILL_AREA_STYLE_COLOUR('',#7561);
#7625 = STYLED_ITEM('color',(#7626),#1831);
#7626 = PRESENTATION_STYLE_ASSIGNMENT((#7627));
#7627 = SURFACE_STYLE_USAGE(.BOTH.,#7628);
#7628 = SURFACE_SIDE_STYLE('',(#7629));
#7629 = SURFACE_STYLE_FILL_AREA(#7630);
#7630 = FILL_AREA_STYLE('',(#7631));
#7631 = FILL_AREA_STYLE_COLOUR('',#7561);
#7632 = STYLED_ITEM('color',(#7633),#1854);
#7633 = PRESENTATION_STYLE_ASSIGNMENT((#7634));
#7634 = SURFACE_STYLE_USAGE(.BOTH.,#7635);
#7635 = SURFACE_SIDE_STYLE('',(#7636));
#7636 = SURFACE_STYLE_FILL_AREA(#7637);
#7637 = FILL_AREA_STYLE('',(#7638));
#7638 = FILL_AREA_STYLE_COLOUR('',#7561);
#7639 = STYLED_ITEM('color',(#7640),#1912);
#7640 = PRESENTATION_STYLE_ASSIGNMENT((#7641));
#7641 = SURFACE_STYLE_USAGE(.BOTH.,#7642);
#7642 = SURFACE_SIDE_STYLE('',(#7643));
#7643 = SURFACE_STYLE_FILL_AREA(#7644);
#7644 = FILL_AREA_STYLE('',(#7645));
#7645 = FILL_AREA_STYLE_COLOUR('',#7561);
#7646 = STYLED_ITEM('color',(#7647),#1928);
#7647 = PRESENTATION_STYLE_ASSIGNMENT((#7648));
#7648 = SURFACE_STYLE_USAGE(.BOTH.,#7649);
#7649 = SURFACE_SIDE_STYLE('',(#7650));
#7650 = SURFACE_STYLE_FILL_AREA(#7651);
#7651 = FILL_AREA_STYLE('',(#7652));
#7652 = FILL_AREA_STYLE_COLOUR('',#7561);
#7653 = STYLED_ITEM('color',(#7654),#1947);
#7654 = PRESENTATION_STYLE_ASSIGNMENT((#7655));
#7655 = SURFACE_STYLE_USAGE(.BOTH.,#7656);
#7656 = SURFACE_SIDE_STYLE('',(#7657));
#7657 = SURFACE_STYLE_FILL_AREA(#7658);
#7658 = FILL_AREA_STYLE('',(#7659));
#7659 = FILL_AREA_STYLE_COLOUR('',#7497);
#7660 = STYLED_ITEM('color',(#7661),#1979);
#7661 = PRESENTATION_STYLE_ASSIGNMENT((#7662));
#7662 = SURFACE_STYLE_USAGE(.BOTH.,#7663);
#7663 = SURFACE_SIDE_STYLE('',(#7664));
#7664 = SURFACE_STYLE_FILL_AREA(#7665);
#7665 = FILL_AREA_STYLE('',(#7666));
#7666 = FILL_AREA_STYLE_COLOUR('',#7497);
#7667 = STYLED_ITEM('color',(#7668),#2011);
#7668 = PRESENTATION_STYLE_ASSIGNMENT((#7669));
#7669 = SURFACE_STYLE_USAGE(.BOTH.,#7670);
#7670 = SURFACE_SIDE_STYLE('',(#7671));
#7671 = SURFACE_STYLE_FILL_AREA(#7672);
#7672 = FILL_AREA_STYLE('',(#7673));
#7673 = FILL_AREA_STYLE_COLOUR('',#7497);
#7674 = STYLED_ITEM('color',(#7675),#2028);
#7675 = PRESENTATION_STYLE_ASSIGNMENT((#7676));
#7676 = SURFACE_STYLE_USAGE(.BOTH.,#7677);
#7677 = SURFACE_SIDE_STYLE('',(#7678));
#7678 = SURFACE_STYLE_FILL_AREA(#7679);
#7679 = FILL_AREA_STYLE('',(#7680));
#7680 = FILL_AREA_STYLE_COLOUR('',#7681);
#7681 = COLOUR_RGB('',0.690999977303,0.663999984767,0.597999987832);
#7682 = STYLED_ITEM('color',(#7683),#2059);
#7683 = PRESENTATION_STYLE_ASSIGNMENT((#7684));
#7684 = SURFACE_STYLE_USAGE(.BOTH.,#7685);
#7685 = SURFACE_SIDE_STYLE('',(#7686));
#7686 = SURFACE_STYLE_FILL_AREA(#7687);
#7687 = FILL_AREA_STYLE('',(#7688));
#7688 = FILL_AREA_STYLE_COLOUR('',#7681);
#7689 = STYLED_ITEM('color',(#7690),#2083);
#7690 = PRESENTATION_STYLE_ASSIGNMENT((#7691));
#7691 = SURFACE_STYLE_USAGE(.BOTH.,#7692);
#7692 = SURFACE_SIDE_STYLE('',(#7693));
#7693 = SURFACE_STYLE_FILL_AREA(#7694);
#7694 = FILL_AREA_STYLE('',(#7695));
#7695 = FILL_AREA_STYLE_COLOUR('',#7681);
#7696 = STYLED_ITEM('color',(#7697),#2107);
#7697 = PRESENTATION_STYLE_ASSIGNMENT((#7698));
#7698 = SURFACE_STYLE_USAGE(.BOTH.,#7699);
#7699 = SURFACE_SIDE_STYLE('',(#7700));
#7700 = SURFACE_STYLE_FILL_AREA(#7701);
#7701 = FILL_AREA_STYLE('',(#7702));
#7702 = FILL_AREA_STYLE_COLOUR('',#7681);
#7703 = STYLED_ITEM('color',(#7704),#2124);
#7704 = PRESENTATION_STYLE_ASSIGNMENT((#7705));
#7705 = SURFACE_STYLE_USAGE(.BOTH.,#7706);
#7706 = SURFACE_SIDE_STYLE('',(#7707));
#7707 = SURFACE_STYLE_FILL_AREA(#7708);
#7708 = FILL_AREA_STYLE('',(#7709));
#7709 = FILL_AREA_STYLE_COLOUR('',#7497);
#7710 = STYLED_ITEM('color',(#7711),#2141);
#7711 = PRESENTATION_STYLE_ASSIGNMENT((#7712));
#7712 = SURFACE_STYLE_USAGE(.BOTH.,#7713);
#7713 = SURFACE_SIDE_STYLE('',(#7714));
#7714 = SURFACE_STYLE_FILL_AREA(#7715);
#7715 = FILL_AREA_STYLE('',(#7716));
#7716 = FILL_AREA_STYLE_COLOUR('',#7497);
#7717 = STYLED_ITEM('color',(#7718),#2153);
#7718 = PRESENTATION_STYLE_ASSIGNMENT((#7719));
#7719 = SURFACE_STYLE_USAGE(.BOTH.,#7720);
#7720 = SURFACE_SIDE_STYLE('',(#7721));
#7721 = SURFACE_STYLE_FILL_AREA(#7722);
#7722 = FILL_AREA_STYLE('',(#7723));
#7723 = FILL_AREA_STYLE_COLOUR('',#7681);
#7724 = MECHANICAL_DESIGN_GEOMETRIC_PRESENTATION_REPRESENTATION('',(
    #7725),#7452);
#7725 = STYLED_ITEM('color',(#7726),#2229);
#7726 = PRESENTATION_STYLE_ASSIGNMENT((#7727));
#7727 = SURFACE_STYLE_USAGE(.BOTH.,#7728);
#7728 = SURFACE_SIDE_STYLE('',(#7729));
#7729 = SURFACE_STYLE_FILL_AREA(#7730);
#7730 = FILL_AREA_STYLE('',(#7731));
#7731 = FILL_AREA_STYLE_COLOUR('',#7732);
#7732 = COLOUR_RGB('',0.313304153717,0.484529207832,0.410020903123);
ENDSEC;
END-ISO-10303-21;
